"WHEAT-SRW - CHICAGO BOARD OF TRADE",260818,2026-08-18,001602,CBT ,00,001 ,  573777,   64144,  125873,   96476,   14682,   23571,   76844,  103329,  130975,   30013,   27070,  110650,  532673,  536151,   41104,   37625,  533041,   61647,  108957,   88187,   14459,   22104,   73568,  111577,  113645,   31176,   26352,  104003,  494330,  501099,   38711,   31943,   40735,    2496,   16916,    9219,    1152,     537,   19319,    7794,    1288,    1557,    3438,    3927,   38343,   35052,    2392,    5683,   -8021,  -12776,      80,    6418,    1133,   -2017,     693,   -4223,   -4456,    1868,    -852,    3570,   -6701,   -6766,   -1321,   -1256,  100.0,   11.2,   21.9,   16.8,    2.6,    4.1,   13.4,   18.0,   22.8,    5.2,    4.7,   19.3,   92.8,   93.4,    7.2,    6.6,  100.0,   11.6,   20.4,   16.5,    2.7,    4.1,   13.8,   20.9,   21.3,    5.8,    4.9,   19.5,   92.7,   94.0,    7.3,    6.0,  100.0,    6.1,   41.5,   22.6,    2.8,    1.3,   47.4,   19.1,    3.2,    3.8,    8.4,    9.6,   94.1,   86.0,    5.9,   14.0,    444,     79,    105,     27,      8,     20,     78,     60,     83,     79,     62,     91,    361,    344,    440,     76,    103,     26,      9,     19,     73,     62,     83,     82,     61,     87,    353,    338,    174,     20,     71,     14,      8,.,     26,     14,      7,     10,     25,     17,     81,    133,    12.0,    12.4,    20.9,    22.8,     6.9,     7.4,    11.7,    12.0,    12.7,    12.8,    21.7,    23.8,     6.1,     8.3,    11.0,    13.8,    34.2,    23.4,    49.8,    37.3,    34.2,    23.0,    46.9,    34.0,"(CONTRACTS OF 5,000 BUSHELS)","001602","CBT ","001 ","A10","Combined"
"WHEAT-HRW - CHICAGO BOARD OF TRADE",260818,2026-08-18,001612,CBT ,00,001 ,  339878,   25692,  120728,   80731,    1661,    6192,   68422,   33587,   72818,    5124,   24015,   57760,  316740,  316761,   23138,   23117,  316005,   23570,  111350,   75724,    1592,    5105,   67660,   38100,   62768,    6403,   24742,   53428,  294658,  297085,   21346,   18919,   23873,    2122,    9378,    6094,    1156,       0,   10426,    5151,     386,    1887,    2438,    1167,   22081,   19676,    1792,    4197,   -5309,   -6895,   -5067,     417,    -599,   -2049,    3892,   -3282,   -2315,   -1233,    3152,    4152,   -4031,   -6008,   -1278,     699,  100.0,    7.6,   35.5,   23.8,    0.5,    1.8,   20.1,    9.9,   21.4,    1.5,    7.1,   17.0,   93.2,   93.2,    6.8,    6.8,  100.0,    7.5,   35.2,   24.0,    0.5,    1.6,   21.4,   12.1,   19.9,    2.0,    7.8,   16.9,   93.2,   94.0,    6.8,    6.0,  100.0,    8.9,   39.3,   25.5,    4.8,    0.0,   43.7,   21.6,    1.6,    7.9,   10.2,    4.9,   92.5,   82.4,    7.5,   17.6,    279,     58,     90,     21,      4,     12,     61,     29,     56,     24,     38,     42,    219,    221,    277,     58,     89,     20,      5,     12,     60,     30,     55,     28,     36,     41,    217,    219,    136,     16,     60,     12,      4,      0,     19,     12,      6,     10,     14,     11,     67,     98,    14.3,    14.7,    23.1,    24.5,    10.1,    10.3,    17.3,    16.4,    14.9,    15.7,    24.0,    26.2,    10.3,    11.3,    17.7,    17.7,    35.9,    26.1,    49.5,    37.0,    35.9,    22.5,    48.9,    31.9,"(CONTRACTS OF 5,000 BUSHELS)","001612","CBT ","001 ","A10","Combined"
"WHEAT-HRSpring - MIAX FUTURES EXCHANGE",260818,2026-08-18,001626,MGE ,00,001 ,   80500,   37295,   57106,    7185,       0,     789,   18563,    6900,    2637,    1553,     598,    3329,   71350,   71359,    9150,    9142,   79721,   36969,   56499,    7098,       0,     789,   18396,    6900,    2637,    1530,     634,    3221,   70639,   70680,    9082,    9042,     779,     326,     607,      87,       0,       0,     167,       0,       0,      59,       0,      72,     711,     679,      68,     100,   -3112,   -2879,   -1568,     -20,       0,      19,     972,    -812,   -2304,      62,    -453,     626,   -3524,   -4492,     412,    1380,  100.0,   46.3,   70.9,    8.9,    0.0,    1.0,   23.1,    8.6,    3.3,    1.9,    0.7,    4.1,   88.6,   88.6,   11.4,   11.4,  100.0,   46.4,   70.9,    8.9,    0.0,    1.0,   23.1,    8.7,    3.3,    1.9,    0.8,    4.0,   88.6,   88.7,   11.4,   11.3,  100.0,   41.8,   77.9,   11.2,    0.0,    0.0,   21.4,    0.0,    0.0,    7.6,    0.0,    9.2,   91.3,   87.2,    8.7,   12.8,    111,     55,     41,      9,      0,      5,     14,     10,     10,     10,.,      7,     94,     71,    111,     55,     41,      9,      0,      5,     14,     10,     10,     10,.,      7,     94,     71,     27,      5,     17,.,      0,      0,.,      0,      0,.,      0,.,     11,     18,    24.0,    33.6,    37.5,    53.1,    23.9,    33.3,    36.4,    51.2,    24.2,    33.8,    37.8,    53.3,    24.1,    33.6,    36.7,    51.7,    65.2,    49.7,    86.4,    72.8,    63.5,    48.4,    77.7,    67.5,"(CONTRACTS OF 5,000 BUSHELS)","001626","MGE ","001 ","A10","Combined"
"CORN - CHICAGO BOARD OF TRADE",260818,2026-08-18,002602,CBT ,00,002 , 2395505,  451106,  991880,  363713,   27592,   76176,  376030,  125525,  297529,   81554,   79393,  564990, 2211098, 2163085,  184407,  232420,  386213,  116843,   91956,   17546,    4667,   18425,   51560,   50065,   32487,   28029,   81768,   86521,  351411,  365889,   34802,   20324, 2009292,  334263,  899924,  353714,   30472,   50205,  365982,  116971,  223530,  139893,   83994,  392101, 1859687, 1797196,  149605,  212096,  126802,    -994,   57949,      51,    7565,   13364,   42695,  -41040,   26802,    5887,   19909,   38828,  126634,  123376,     168,    3425,  100.0,   18.8,   41.4,   15.2,    1.2,    3.2,   15.7,    5.2,   12.4,    3.4,    3.3,   23.6,   92.3,   90.3,    7.7,    9.7,  100.0,   30.3,   23.8,    4.5,    1.2,    4.8,   13.4,   13.0,    8.4,    7.3,   21.2,   22.4,   91.0,   94.7,    9.0,    5.3,  100.0,   16.6,   44.8,   17.6,    1.5,    2.5,   18.2,    5.8,   11.1,    7.0,    4.2,   19.5,   92.6,   89.4,    7.4,   10.6,    894,    378,    409,     30,      9,     27,    109,     47,    103,    115,     95,    134,    750,    719,    572,    244,    222,     21,      6,     15,     35,     26,     28,     63,     54,     46,    397,    363,    878,    317,    401,     30,      8,     23,    103,     52,     97,    112,     99,    111,    662,    695,    13.5,    13.9,    21.6,    22.1,     7.1,     7.4,    12.2,    11.9,    16.6,    27.3,    25.6,    37.5,     8.0,    22.8,    13.0,    29.1,    14.0,    14.1,    23.0,    22.1,     9.2,     8.6,    15.9,    13.9,"(CONTRACTS OF 5,000 BUSHELS)","002602","CBT ","002 ","A10","Combined"
"SOYBEANS - CHICAGO BOARD OF TRADE",260818,2026-08-18,005602,CBT ,00,005 , 1219563,  370498,  611509,  145377,   50867,   27464,  193837,   42175,  170421,   59239,   40463,  200321, 1167157, 1143220,   52406,   76343, 1180721,  356416,  589011,  144672,   49589,   26058,  188766,   44886,  163779,   58077,   40431,  193299, 1131065, 1107052,   49656,   73669,   38842,   14083,   22498,    1532,    2104,     580,    9489,    1706,    2225,    3429,    2300,    4755,   36092,   36169,    2750,    2674,   16331,   -7953,   22450,   -5428,    8622,     214,   29323,  -20978,   -7387,       0,    6643,    8085,   16855,   17649,    -524,   -1318,  100.0,   30.4,   50.1,   11.9,    4.2,    2.3,   15.9,    3.5,   14.0,    4.9,    3.3,   16.4,   95.7,   93.7,    4.3,    6.3,  100.0,   30.2,   49.9,   12.3,    4.2,    2.2,   16.0,    3.8,   13.9,    4.9,    3.4,   16.4,   95.8,   93.8,    4.2,    6.2,  100.0,   36.3,   57.9,    3.9,    5.4,    1.5,   24.4,    4.4,    5.7,    8.8,    5.9,   12.2,   92.9,   93.1,    7.1,    6.9,    667,    189,    266,     25,     17,     27,    106,     30,     81,     98,     85,    111,    514,    536,    666,    187,    266,     25,     17,     27,    104,     33,     81,     97,     86,    110,    511,    535,    231,     29,    135,      8,      8,      4,     16,     11,      6,     16,     21,     19,     83,    191,    10.3,    15.1,    18.0,    26.0,     8.3,    11.8,    13.1,    18.8,    10.5,    15.1,    18.4,    25.6,     8.6,    11.8,    13.5,    18.6,    33.1,    39.1,    49.4,    52.6,    32.8,    39.0,    48.6,    49.0,"(CONTRACTS OF 5,000 BUSHELS)","005602","CBT ","005 ","A30","Combined"
"MINI SOYBEANS - CHICAGO BOARD OF TRADE",260818,2026-08-18,005603,CBT ,00,005 ,   26454,      12,   11185,       0,       0,       0,       0,       0,       0,   22302,    1480,     366,   22680,   13031,    3774,   13423,   25228,      12,   10369,       0,       0,       0,       0,       0,       0,   21906,    1475,     366,   22284,   12210,    2944,   13018,    1226,       0,     816,       0,       0,       0,       0,       0,       0,     396,       5,       0,     396,     821,     830,     405,     -16,       5,      26,       0,       0,       0,       0,       0,       0,     510,    -161,     -23,     492,    -158,    -508,     142,  100.0,    0.0,   42.3,    0.0,    0.0,    0.0,    0.0,    0.0,    0.0,   84.3,    5.6,    1.4,   85.7,   49.3,   14.3,   50.7,  100.0,    0.0,   41.1,    0.0,    0.0,    0.0,    0.0,    0.0,    0.0,   86.8,    5.8,    1.5,   88.3,   48.4,   11.7,   51.6,  100.0,    0.0,   66.6,    0.0,    0.0,    0.0,    0.0,    0.0,    0.0,   32.3,    0.4,    0.0,   32.3,   67.0,   67.7,   33.0,     29,.,     17,      0,      0,      0,      0,      0,      0,      7,      5,      6,     10,     27,     29,.,     17,      0,      0,      0,      0,      0,      0,      7,      5,      6,     10,     27,     17,      0,     14,      0,      0,      0,      0,      0,      0,.,.,      0,.,     15,    78.4,    30.5,    85.7,    36.1,    77.3,    30.4,    84.3,    36.0,    81.8,    29.0,    88.3,    34.7,    80.7,    28.9,    86.8,    34.6,    32.3,    63.6,    32.3,    65.3,    32.3,    63.6,    32.3,    65.3,"(Contracts of 1,000 Bushels)","005603","CBT ","005 ","A30","Combined"
"NJ SRECS - ICE FUTURES ENERGY DIV",260818,2026-08-18,0063CC,IFED,01,006 ,  126019,   90555,   72298,    7000,    3070,       0,       0,     990,       0,   26534,   47731,    1930,  126019,  126019,       0,       0,  126019,   90555,   72298,    7000,    3070,       0,       0,     990,       0,   26534,   47731,    1930,  126019,  126019,       0,       0,       0,       0,       0,       0,       0,       0,       0,       0,       0,       0,       0,       0,       0,       0,       0,       0,     150,     140,    -100,       0,       0,       0,       0,     150,       0,       0,      90,      10,     150,     150,       0,       0,  100.0,   71.9,   57.4,    5.6,    2.4,    0.0,    0.0,    0.8,    0.0,   21.1,   37.9,    1.5,  100.0,  100.0,    0.0,    0.0,  100.0,   71.9,   57.4,    5.6,    2.4,    0.0,    0.0,    0.8,    0.0,   21.1,   37.9,    1.5,  100.0,  100.0,    0.0,    0.0,  100.0,    0.0,    0.0,    0.0,    0.0,    0.0,    0.0,    0.0,    0.0,    0.0,    0.0,    0.0,    0.0,    0.0,    0.0,    0.0,     36,     17,      7,.,.,      0,      0,.,      0,      4,      6,.,     23,     19,     36,     17,      7,.,.,      0,      0,.,      0,      4,      6,.,     23,     19,      0,      0,      0,      0,      0,      0,      0,      0,      0,      0,      0,      0,      0,      0,    54.3,    88.2,    77.4,    95.0,    54.3,    88.2,    77.4,    93.5,    54.3,    88.2,    77.4,    95.0,    54.3,    88.2,    77.4,    93.5,     0.0,     0.0,     0.0,     0.0,     0.0,     0.0,     0.0,     0.0,"(10 SRECs)","0063CC","IFED","006 ","N60","Combined"
"PJM TRI-RECs CLASS 1  - ICE FUTURES ENERGY DIV",260818,2026-08-18,0063CH,IFED,01,006 ,  247762,  179973,  166800,    7965,     245,       0,     588,    5506,     144,   33142,   49118,   25950,  247762,  247762,       0,       0,  247762,  179973,  166800,    7965,     245,       0,     588,    5506,     144,   33142,   49118,   25950,  247762,  247762,       0,       0,       0,       0,       0,       0,       0,       0,       0,       0,       0,       0,       0,       0,       0,       0,       0,       0,   -1679,   -1424,    1514,       0,       0,       0,     100,      50,       0,   -6168,   -9057,    5813,   -1679,   -1679,       0,       0,  100.0,   72.6,   67.3,    3.2,    0.1,    0.0,    0.2,    2.2,    0.1,   13.4,   19.8,   10.5,  100.0,  100.0,    0.0,    0.0,  100.0,   72.6,   67.3,    3.2,    0.1,    0.0,    0.2,    2.2,    0.1,   13.4,   19.8,   10.5,  100.0,  100.0,    0.0,    0.0,  100.0,    0.0,    0.0,    0.0,    0.0,    0.0,    0.0,    0.0,    0.0,    0.0,    0.0,    0.0,    0.0,    0.0,    0.0,    0.0,     50,     21,     17,.,.,      0,      4,.,.,      7,      7,      9,     39,     32,     50,     21,     17,.,.,      0,      4,.,.,      7,      7,      9,     39,     32,      0,      0,      0,      0,      0,      0,      0,      0,      0,      0,      0,      0,      0,      0,    47.7,    56.2,    70.4,    74.4,    39.2,    55.9,    61.1,    70.2,    47.7,    56.2,    70.4,    74.4,    39.2,    55.9,    61.1,    70.2,     0.0,     0.0,     0.0,     0.0,     0.0,     0.0,     0.0,     0.0,"(100 MWh of renewable energy certificates)","0063CH","IFED","006 ","N60","Combined"
"CALIF LOW CARBON FSC-OPIS  - ICE FUTURES ENERGY DIV",260818,2026-08-18,0063CU,IFED,01,006 ,  171510,   12325,   98267,   37641,    2274,    5430,   62416,       0,   30700,    4423,   16300,   18537,  171473,  171510,      37,       0,  171510,   12325,   98267,   37641,    2274,    5430,   62416,       0,   30700,    4423,   16300,   18537,  171473,  171510,      37,       0,       0,       0,       0,       0,       0,       0,       0,       0,       0,       0,       0,       0,       0,       0,       0,       0,    3342,    1024,     669,     205,     -45,     670,    -408,       0,     337,     256,     483,    1227,    3311,    3342,      31,       0,  100.0,    7.2,   57.3,   21.9,    1.3,    3.2,   36.4,    0.0,   17.9,    2.6,    9.5,   10.8,  100.0,  100.0,    0.0,    0.0,  100.0,    7.2,   57.3,   21.9,    1.3,    3.2,   36.4,    0.0,   17.9,    2.6,    9.5,   10.8,  100.0,  100.0,    0.0,    0.0,  100.0,    0.0,    0.0,    0.0,    0.0,    0.0,    0.0,    0.0,    0.0,    0.0,    0.0,    0.0,    0.0,    0.0,    0.0,    0.0,     55,     13,     12,.,.,.,     16,      0,      9,     13,      6,      9,     49,     36,     55,     13,     12,.,.,.,     16,      0,      9,     13,      6,      9,     49,     36,      0,      0,      0,      0,      0,      0,      0,      0,      0,      0,      0,      0,      0,      0,    53.8,    63.5,    74.3,    82.3,    38.0,    57.2,    52.6,    61.9,    53.8,    63.5,    74.3,    82.3,    38.0,    57.2,    52.6,    61.9,     0.0,     0.0,     0.0,     0.0,     0.0,     0.0,     0.0,     0.0,"(100 LCFS Credits- each of 1 MT)","0063CU","IFED","006 ","N60","Combined"
"D6 RINs OPIS CURRENT YEAR - ICE FUTURES ENERGY DIV",260818,2026-08-18,0063CW,IFED,01,006 ,   55428,    8762,   10330,    2251,    2484,     447,    1738,    1150,   11190,    7237,    5882,   23633,   55257,   55116,     171,     312,   55428,    8762,   10330,    2251,    2484,     447,    1738,    1150,   11190,    7237,    5882,   23633,   55257,   55116,     171,     312,       0,       0,       0,       0,       0,       0,       0,       0,       0,       0,       0,       0,       0,       0,       0,       0,   -5162,   -4602,   -3235,     175,   -1810,     224,    -257,      73,      76,    -278,     -67,    -516,   -5178,   -5254,      16,      92,  100.0,   15.8,   18.6,    4.1,    4.5,    0.8,    3.1,    2.1,   20.2,   13.1,   10.6,   42.6,   99.7,   99.4,    0.3,    0.6,  100.0,   15.8,   18.6,    4.1,    4.5,    0.8,    3.1,    2.1,   20.2,   13.1,   10.6,   42.6,   99.7,   99.4,    0.3,    0.6,  100.0,    0.0,    0.0,    0.0,    0.0,    0.0,    0.0,    0.0,    0.0,    0.0,    0.0,    0.0,    0.0,    0.0,    0.0,    0.0,     76,     11,     17,.,.,.,      6,      6,      7,     20,     21,     20,     52,     62,     76,     11,     17,.,.,.,      6,      6,      7,     20,     21,     20,     52,     62,      0,      0,      0,      0,      0,      0,      0,      0,      0,      0,      0,      0,      0,      0,    48.4,    41.5,    76.2,    64.0,    16.9,    13.4,    24.6,    19.0,    48.4,    41.5,    76.2,    64.0,    16.9,    13.4,    24.6,    19.0,     0.0,     0.0,     0.0,     0.0,     0.0,     0.0,     0.0,     0.0,"(50,000 RINs)","0063CW","IFED","006 ","N60","Combined"
"PA SOLAR ALTER ENERGY CREDIT - ICE FUTURES ENERGY DIV",260818,2026-08-18,0063DA,IFED,01,006 ,   24210,    9495,   23410,     215,       0,       0,       0,       0,       0,   14500,     800,       0,   24210,   24210,       0,       0,   24210,    9495,   23410,     215,       0,       0,       0,       0,       0,   14500,     800,       0,   24210,   24210,       0,       0,       0,       0,       0,       0,       0,       0,       0,       0,       0,       0,       0,       0,       0,       0,       0,       0,    5000,       0,    5000,       0,       0,       0,       0,       0,       0,    5000,       0,       0,    5000,    5000,       0,       0,  100.0,   39.2,   96.7,    0.9,    0.0,    0.0,    0.0,    0.0,    0.0,   59.9,    3.3,    0.0,  100.0,  100.0,    0.0,    0.0,  100.0,   39.2,   96.7,    0.9,    0.0,    0.0,    0.0,    0.0,    0.0,   59.9,    3.3,    0.0,  100.0,  100.0,    0.0,    0.0,  100.0,    0.0,    0.0,    0.0,    0.0,    0.0,    0.0,    0.0,    0.0,    0.0,    0.0,    0.0,    0.0,    0.0,    0.0,    0.0,     20,      9,      4,.,      0,      0,      0,      0,      0,      5,.,      0,     15,      6,     20,      9,      4,.,      0,      0,      0,      0,      0,      5,.,      0,     15,      6,      0,      0,      0,      0,      0,      0,      0,      0,      0,      0,      0,      0,      0,      0,    67.5,    97.5,    87.4,   100.0,    67.5,    94.6,    85.3,    95.9,    67.5,    97.5,    87.4,   100.0,    67.5,    94.6,    85.3,    95.9,     0.0,     0.0,     0.0,     0.0,     0.0,     0.0,     0.0,     0.0,"(10 PA SRECs)","0063DA","IFED","006 ","N60","Combined"
"CALIF CARBON CURRENT AUCTION - ICE FUTURES ENERGY DIV",260818,2026-08-18,0063DB,IFED,01,006 ,   64740,   13893,    7731,   22610,   17830,     725,    5749,   12191,    2781,   12929,   17470,    6012,   64699,   64740,      41,       0,   64740,   13893,    7731,   22610,   17830,     725,    5749,   12191,    2781,   12929,   17470,    6012,   64699,   64740,      41,       0,       0,       0,       0,       0,       0,       0,       0,       0,       0,       0,       0,       0,       0,       0,       0,       0,    6175,     527,    1529,     500,    1617,     350,    3210,     917,     110,     999,    1187,     465,    6161,    6175,      14,       0,  100.0,   21.5,   11.9,   34.9,   27.5,    1.1,    8.9,   18.8,    4.3,   20.0,   27.0,    9.3,   99.9,  100.0,    0.1,    0.0,  100.0,   21.5,   11.9,   34.9,   27.5,    1.1,    8.9,   18.8,    4.3,   20.0,   27.0,    9.3,   99.9,  100.0,    0.1,    0.0,  100.0,    0.0,    0.0,    0.0,    0.0,    0.0,    0.0,    0.0,    0.0,    0.0,    0.0,    0.0,    0.0,    0.0,    0.0,    0.0,     53,     15,      8,      5,.,.,      6,.,.,     12,      7,     10,     48,     25,     53,     15,      8,      5,.,.,      6,.,.,     12,      7,     10,     48,     25,      0,      0,      0,      0,      0,      0,      0,      0,      0,      0,      0,      0,      0,      0,    45.6,    70.3,    61.8,    84.7,    45.6,    64.1,    59.2,    75.3,    45.6,    70.3,    61.8,    84.7,    45.6,    64.1,    59.2,    75.3,     0.0,     0.0,     0.0,     0.0,     0.0,     0.0,     0.0,     0.0,"(1,000 California carbon allowances)","0063DB","IFED","006 ","N60","Combined"
"D4 BIODIESEL RINs OPIS CURR YR - ICE FUTURES ENERGY DIV",260818,2026-08-18,0063DG,IFED,01,006 ,   16528,    2964,    6304,    1381,    1842,     330,    1976,     705,    1231,    5439,    3039,    2939,   16260,   16390,     269,     138,   16528,    2964,    6304,    1381,    1842,     330,    1976,     705,    1231,    5439,    3039,    2939,   16260,   16390,     269,     138,       0,       0,       0,       0,       0,       0,       0,       0,       0,       0,       0,       0,       0,       0,       0,       0,     895,     515,      54,    -462,    -270,     230,     -36,     255,     135,     577,     598,    -156,     803,     846,      92,      49,  100.0,   17.9,   38.1,    8.4,   11.1,    2.0,   12.0,    4.3,    7.4,   32.9,   18.4,   17.8,   98.4,   99.2,    1.6,    0.8,  100.0,   17.9,   38.1,    8.4,   11.1,    2.0,   12.0,    4.3,    7.4,   32.9,   18.4,   17.8,   98.4,   99.2,    1.6,    0.8,  100.0,    0.0,    0.0,    0.0,    0.0,    0.0,    0.0,    0.0,    0.0,    0.0,    0.0,    0.0,    0.0,    0.0,    0.0,    0.0,     58,     13,     12,.,.,.,     10,.,.,     14,     11,      8,     43,     33,     58,     13,     12,.,.,.,     10,.,.,     14,     11,      8,     43,     33,      0,      0,      0,      0,      0,      0,      0,      0,      0,      0,      0,      0,      0,      0,    46.3,    45.4,    64.6,    67.1,    31.0,    38.5,    45.7,    54.7,    46.3,    45.4,    64.6,    67.1,    31.0,    38.5,    45.7,    54.7,     0.0,     0.0,     0.0,     0.0,     0.0,     0.0,     0.0,     0.0,"(50,000 RINs)","0063DG","IFED","006 ","N60","Combined"
"CT RECs CLASS 1  - ICE FUTURES ENERGY DIV",260818,2026-08-18,0063DK,IFED,01,006 ,    8775,    5725,    6171,     600,     750,       0,       0,     100,       0,    2450,    1754,       0,    8775,    8775,       0,       0,    8775,    5725,    6171,     600,     750,       0,       0,     100,       0,    2450,    1754,       0,    8775,    8775,       0,       0,       0,       0,       0,       0,       0,       0,       0,       0,       0,       0,       0,       0,       0,       0,       0,       0,       0,       0,       0,       0,       0,       0,       0,       0,       0,       0,       0,       0,       0,       0,       0,       0,  100.0,   65.2,   70.3,    6.8,    8.5,    0.0,    0.0,    1.1,    0.0,   27.9,   20.0,    0.0,  100.0,  100.0,    0.0,    0.0,  100.0,   65.2,   70.3,    6.8,    8.5,    0.0,    0.0,    1.1,    0.0,   27.9,   20.0,    0.0,  100.0,  100.0,    0.0,    0.0,  100.0,    0.0,    0.0,    0.0,    0.0,    0.0,    0.0,    0.0,    0.0,    0.0,    0.0,    0.0,    0.0,    0.0,    0.0,    0.0,     20,      7,      8,.,.,      0,      0,.,      0,.,.,      0,      9,     13,     20,      7,      8,.,.,      0,      0,.,      0,.,.,      0,      9,     13,      0,      0,      0,      0,      0,      0,      0,      0,      0,      0,      0,      0,      0,      0,    73.5,    62.6,    97.7,    90.9,    69.0,    62.6,    92.3,    88.3,    73.5,    62.6,    97.7,    90.9,    69.0,    62.6,    92.3,    88.3,     0.0,     0.0,     0.0,     0.0,     0.0,     0.0,     0.0,     0.0,"(100 MWh of Class 1 Renewable Energy Certificates)","0063DK","IFED","006 ","N60","Combined"
"MASS COMPLIANCE RECs CLASS 1  - ICE FUTURES ENERGY DIV",260818,2026-08-18,0063DL,IFED,01,006 ,   20879,   20579,    9939,       0,       0,       0,       0,       0,       0,       0,   10640,     300,   20879,   20879,       0,       0,   20879,   20579,    9939,       0,       0,       0,       0,       0,       0,       0,   10640,     300,   20879,   20879,       0,       0,       0,       0,       0,       0,       0,       0,       0,       0,       0,       0,       0,       0,       0,       0,       0,       0,       0,       0,       0,       0,       0,       0,       0,       0,       0,       0,       0,       0,       0,       0,       0,       0,  100.0,   98.6,   47.6,    0.0,    0.0,    0.0,    0.0,    0.0,    0.0,    0.0,   51.0,    1.4,  100.0,  100.0,    0.0,    0.0,  100.0,   98.6,   47.6,    0.0,    0.0,    0.0,    0.0,    0.0,    0.0,    0.0,   51.0,    1.4,  100.0,  100.0,    0.0,    0.0,  100.0,    0.0,    0.0,    0.0,    0.0,    0.0,    0.0,    0.0,    0.0,    0.0,    0.0,    0.0,    0.0,    0.0,    0.0,    0.0,     24,      9,     12,      0,      0,      0,      0,      0,      0,      0,      7,.,     10,     19,     24,      9,     12,      0,      0,      0,      0,      0,      0,      0,      7,.,     10,     19,      0,      0,      0,      0,      0,      0,      0,      0,      0,      0,      0,      0,      0,      0,    90.3,    63.0,    98.9,    82.7,    90.3,    63.0,    94.7,    79.4,    90.3,    63.0,    98.9,    82.7,    90.3,    63.0,    94.7,    79.4,     0.0,     0.0,     0.0,     0.0,     0.0,     0.0,     0.0,     0.0,"100 MWh of Class 1 Renewable Energy Certificates","0063DL","IFED","006 ","N60","Combined"
"MARYLAND COMPLIANCE REC TIER1 - ICE FUTURES ENERGY DIV",260818,2026-08-18,0063DM,IFED,01,006 ,   11641,    9496,    5188,    1725,    1541,       0,      50,       0,       0,     250,    4792,     120,   11641,   11641,       0,       0,   11641,    9496,    5188,    1725,    1541,       0,      50,       0,       0,     250,    4792,     120,   11641,   11641,       0,       0,       0,       0,       0,       0,       0,       0,       0,       0,       0,       0,       0,       0,       0,       0,       0,       0,      50,       0,      50,       0,       0,       0,      50,       0,       0,       0,       0,       0,      50,      50,       0,       0,  100.0,   81.6,   44.6,   14.8,   13.2,    0.0,    0.4,    0.0,    0.0,    2.1,   41.2,    1.0,  100.0,  100.0,    0.0,    0.0,  100.0,   81.6,   44.6,   14.8,   13.2,    0.0,    0.4,    0.0,    0.0,    2.1,   41.2,    1.0,  100.0,  100.0,    0.0,    0.0,  100.0,    0.0,    0.0,    0.0,    0.0,    0.0,    0.0,    0.0,    0.0,    0.0,    0.0,    0.0,    0.0,    0.0,    0.0,    0.0,     24,     10,      7,.,.,      0,.,      0,      0,.,      5,.,     15,     13,     24,     10,      7,.,.,      0,.,      0,      0,.,      5,.,     15,     13,      0,      0,      0,      0,      0,      0,      0,      0,      0,      0,      0,      0,      0,      0,    61.2,    61.4,    85.7,    91.4,    61.2,    61.4,    82.6,    85.8,    61.2,    61.4,    85.7,    91.4,    61.2,    61.4,    82.6,    85.8,     0.0,     0.0,     0.0,     0.0,     0.0,     0.0,     0.0,     0.0,"(100 Tier 1 RECs)","0063DM","IFED","006 ","N60","Combined"
"MARYLAND SOLAR REC - ICE FUTURES ENERGY DIV",260818,2026-08-18,0063DN,IFED,01,006 ,   55581,   27531,   11450,   17300,   40981,       0,       0,       0,       0,   10750,    3150,       0,   55581,   55581,       0,       0,   55581,   27531,   11450,   17300,   40981,       0,       0,       0,       0,   10750,    3150,       0,   55581,   55581,       0,       0,       0,       0,       0,       0,       0,       0,       0,       0,       0,       0,       0,       0,       0,       0,       0,       0,       0,       0,       0,       0,       0,       0,       0,       0,       0,       0,       0,       0,       0,       0,       0,       0,  100.0,   49.5,   20.6,   31.1,   73.7,    0.0,    0.0,    0.0,    0.0,   19.3,    5.7,    0.0,  100.0,  100.0,    0.0,    0.0,  100.0,   49.5,   20.6,   31.1,   73.7,    0.0,    0.0,    0.0,    0.0,   19.3,    5.7,    0.0,  100.0,  100.0,    0.0,    0.0,  100.0,    0.0,    0.0,    0.0,    0.0,    0.0,    0.0,    0.0,    0.0,    0.0,    0.0,    0.0,    0.0,    0.0,    0.0,    0.0,     22,      8,      5,.,.,      0,      0,      0,      0,.,.,      0,     13,     10,     22,      8,      5,.,.,      0,      0,      0,      0,.,.,      0,     13,     10,      0,      0,      0,      0,      0,      0,      0,      0,      0,      0,      0,      0,      0,      0,    74.9,    89.2,    94.7,    98.8,    74.0,    89.2,    92.9,    98.1,    74.9,    89.2,    94.7,    98.8,    74.0,    89.2,    92.9,    98.1,     0.0,     0.0,     0.0,     0.0,     0.0,     0.0,     0.0,     0.0,"(10 SRECs)","0063DN","IFED","006 ","N60","Combined"
"NEPOOL DUAL RECs CLASS 1  - ICE FUTURES ENERGY DIV",260818,2026-08-18,0063DQ,IFED,01,006 ,   12760,    9910,    4234,     880,       0,       0,       0,       0,       0,    1065,    7546,     905,   12760,   12685,       0,      75,   12760,    9910,    4234,     880,       0,       0,       0,       0,       0,    1065,    7546,     905,   12760,   12685,       0,      75,       0,       0,       0,       0,       0,       0,       0,       0,       0,       0,       0,       0,       0,       0,       0,       0,       0,       0,       0,       0,       0,       0,       0,       0,       0,       0,       0,       0,       0,       0,       0,       0,  100.0,   77.7,   33.2,    6.9,    0.0,    0.0,    0.0,    0.0,    0.0,    8.3,   59.1,    7.1,  100.0,   99.4,    0.0,    0.6,  100.0,   77.7,   33.2,    6.9,    0.0,    0.0,    0.0,    0.0,    0.0,    8.3,   59.1,    7.1,  100.0,   99.4,    0.0,    0.6,  100.0,    0.0,    0.0,    0.0,    0.0,    0.0,    0.0,    0.0,    0.0,    0.0,    0.0,    0.0,    0.0,    0.0,    0.0,    0.0,     22,     11,      8,.,      0,      0,      0,      0,      0,.,.,.,     14,     12,     22,     11,      8,.,      0,      0,      0,      0,      0,.,.,.,     14,     12,      0,      0,      0,      0,      0,      0,      0,      0,      0,      0,      0,      0,      0,      0,    51.1,    67.0,    79.5,    92.0,    44.0,    67.0,    70.5,    85.0,    51.1,    67.0,    79.5,    92.0,    44.0,    67.0,    70.5,    85.0,     0.0,     0.0,     0.0,     0.0,     0.0,     0.0,     0.0,     0.0,"100 MWh of Class 1 Renewable Energy Certificates","0063DQ","IFED","006 ","N60","Combined"
"NJ COMPLIANCE RECs CLASS 1 - ICE FUTURES ENERGY DIV",260818,2026-08-18,0063DR,IFED,01,006 ,   26688,   14552,   18866,      50,       0,       0,       0,     250,       0,   12085,    7572,       0,   26687,   26688,       1,       0,   26688,   14552,   18866,      50,       0,       0,       0,     250,       0,   12085,    7572,       0,   26687,   26688,       1,       0,       0,       0,       0,       0,       0,       0,       0,       0,       0,       0,       0,       0,       0,       0,       0,       0,    1200,    1100,     400,       0,       0,       0,       0,       0,       0,     100,     800,       0,    1200,    1200,       0,       0,  100.0,   54.5,   70.7,    0.2,    0.0,    0.0,    0.0,    0.9,    0.0,   45.3,   28.4,    0.0,  100.0,  100.0,    0.0,    0.0,  100.0,   54.5,   70.7,    0.2,    0.0,    0.0,    0.0,    0.9,    0.0,   45.3,   28.4,    0.0,  100.0,  100.0,    0.0,    0.0,  100.0,    0.0,    0.0,    0.0,    0.0,    0.0,    0.0,    0.0,    0.0,    0.0,    0.0,    0.0,    0.0,    0.0,    0.0,    0.0,     22,     10,      5,.,      0,      0,      0,.,      0,      4,.,      0,     15,      9,     22,     10,      5,.,      0,      0,      0,.,      0,      4,.,      0,     15,      9,      0,      0,      0,      0,      0,      0,      0,      0,      0,      0,      0,      0,      0,      0,    74.9,    93.6,    92.7,    99.8,    74.9,    93.6,    92.7,    99.5,    74.9,    93.6,    92.7,    99.8,    74.9,    93.6,    92.7,    99.5,     0.0,     0.0,     0.0,     0.0,     0.0,     0.0,     0.0,     0.0,"100 MWh of Class 1 Renewable Energy Certificates","0063DR","IFED","006 ","N60","Combined"
"PA COMPLIANCE AECs TIER1 - ICE FUTURES ENERGY DIV",260818,2026-08-18,0063DT,IFED,01,006 ,   48569,   36439,   26313,    1000,    3920,       0,    1100,       0,       0,    8771,   17057,    1259,   48569,   48549,       0,      20,   48569,   36439,   26313,    1000,    3920,       0,    1100,       0,       0,    8771,   17057,    1259,   48569,   48549,       0,      20,       0,       0,       0,       0,       0,       0,       0,       0,       0,       0,       0,       0,       0,       0,       0,       0,     602,     400,     900,       0,       0,       0,       0,       0,       0,     403,     -97,    -201,     602,     602,       0,       0,  100.0,   75.0,   54.2,    2.1,    8.1,    0.0,    2.3,    0.0,    0.0,   18.1,   35.1,    2.6,  100.0,  100.0,    0.0,    0.0,  100.0,   75.0,   54.2,    2.1,    8.1,    0.0,    2.3,    0.0,    0.0,   18.1,   35.1,    2.6,  100.0,  100.0,    0.0,    0.0,  100.0,    0.0,    0.0,    0.0,    0.0,    0.0,    0.0,    0.0,    0.0,    0.0,    0.0,    0.0,    0.0,    0.0,    0.0,    0.0,     35,     19,      5,.,.,      0,.,      0,      0,      5,      6,.,     27,     13,     35,     19,      5,.,.,      0,.,      0,      0,      5,      6,.,     27,     13,      0,      0,      0,      0,      0,      0,      0,      0,      0,      0,      0,      0,      0,      0,    44.2,    73.5,    62.1,    96.0,    44.2,    72.1,    62.1,    92.2,    44.2,    73.5,    62.1,    96.0,    44.2,    72.1,    62.1,    92.2,     0.0,     0.0,     0.0,     0.0,     0.0,     0.0,     0.0,     0.0,"(100 AECs)","0063DT","IFED","006 ","N60","Combined"
"WASHINGTON CARBON ALL V2026 - ICE FUTURES ENERGY DIV",260818,2026-08-18,0063EA,IFED,01,006 ,    5178,    1430,    1353,     186,     606,       1,     246,    1228,     106,    2914,    1497,     267,    5150,    5057,      28,     121,    5178,    1430,    1353,     186,     606,       1,     246,    1228,     106,    2914,    1497,     267,    5150,    5057,      28,     121,       0,       0,       0,       0,       0,       0,       0,       0,       0,       0,       0,       0,       0,       0,       0,       0,      48,      40,      10,      -5,       0,      -0,       0,      22,      -4,       6,      21,     -10,      28,      40,      20,       8,  100.0,   27.6,   26.1,    3.6,   11.7,    0.0,    4.8,   23.7,    2.1,   56.3,   28.9,    5.2,   99.5,   97.7,    0.5,    2.3,  100.0,   27.6,   26.1,    3.6,   11.7,    0.0,    4.8,   23.7,    2.1,   56.3,   28.9,    5.2,   99.5,   97.7,    0.5,    2.3,  100.0,    0.0,    0.0,    0.0,    0.0,    0.0,    0.0,    0.0,    0.0,    0.0,    0.0,    0.0,    0.0,    0.0,    0.0,    0.0,     36,      7,      8,.,.,.,.,      7,      5,      4,      9,      6,     24,     28,     36,      7,      8,.,.,.,.,      7,      5,      4,      9,      6,     24,     28,      0,      0,      0,      0,      0,      0,      0,      0,      0,      0,      0,      0,      0,      0,    73.1,    41.4,    85.3,    68.6,    73.1,    37.1,    82.8,    60.7,    73.1,    41.4,    85.3,    68.6,    73.1,    37.1,    82.8,    60.7,     0.0,     0.0,     0.0,     0.0,     0.0,     0.0,     0.0,     0.0,"1,000 Washington carbon allowances","0063EA","IFED","006 ","N60","Combined"
"CALIF CARBON ALL VINTAGE 2026 - ICE FUTURES ENERGY DIV",260818,2026-08-18,0063EE,IFED,01,006 ,  254709,   36940,   59275,   16682,   88606,    6720,  109136,   11144,   30149,   26228,   30125,   28627,  254482,  254647,     227,      62,  254709,   36940,   59275,   16682,   88606,    6720,  109136,   11144,   30149,   26228,   30125,   28627,  254482,  254647,     227,      62,       0,       0,       0,       0,       0,       0,       0,       0,       0,       0,       0,       0,       0,       0,       0,       0,    7903,    1545,   -1213,     193,    2587,     599,    2905,     301,    1151,   -1812,    1131,    3301,    7883,    7857,      20,      46,  100.0,   14.5,   23.3,    6.5,   34.8,    2.6,   42.8,    4.4,   11.8,   10.3,   11.8,   11.2,   99.9,  100.0,    0.1,    0.0,  100.0,   14.5,   23.3,    6.5,   34.8,    2.6,   42.8,    4.4,   11.8,   10.3,   11.8,   11.2,   99.9,  100.0,    0.1,    0.0,  100.0,    0.0,    0.0,    0.0,    0.0,    0.0,    0.0,    0.0,    0.0,    0.0,    0.0,    0.0,    0.0,    0.0,    0.0,    0.0,    153,     29,     26,      5,     12,      6,     45,      5,     18,     38,     13,     23,    131,     89,    153,     29,     26,      5,     12,      6,     45,      5,     18,     38,     13,     23,    131,     89,      0,      0,      0,      0,      0,      0,      0,      0,      0,      0,      0,      0,      0,      0,    35.5,    19.3,    48.6,    34.6,    28.6,    17.4,    36.4,    31.8,    35.5,    19.3,    48.6,    34.6,    28.6,    17.4,    36.4,    31.8,     0.0,     0.0,     0.0,     0.0,     0.0,     0.0,     0.0,     0.0,"1,000 California carbon allowances","0063EE","IFED","006 ","N60","Combined"
"CALIF CARBON ALL VINTAGE 2027 - ICE FUTURES ENERGY DIV",260818,2026-08-18,0063EI,IFED,01,006 ,   40679,   17218,    2206,    1214,   22499,     563,    3111,    3835,    3327,   12395,    5403,    2840,   40670,   40674,       9,       5,   40679,   17218,    2206,    1214,   22499,     563,    3111,    3835,    3327,   12395,    5403,    2840,   40670,   40674,       9,       5,       0,       0,       0,       0,       0,       0,       0,       0,       0,       0,       0,       0,       0,       0,       0,       0,    1955,    -248,     -55,       2,       9,     150,     257,      63,     888,     575,     578,     331,    1954,    1964,       1,      -9,  100.0,   42.3,    5.4,    3.0,   55.3,    1.4,    7.6,    9.4,    8.2,   30.5,   13.3,    7.0,  100.0,  100.0,    0.0,    0.0,  100.0,   42.3,    5.4,    3.0,   55.3,    1.4,    7.6,    9.4,    8.2,   30.5,   13.3,    7.0,  100.0,  100.0,    0.0,    0.0,  100.0,    0.0,    0.0,    0.0,    0.0,    0.0,    0.0,    0.0,    0.0,    0.0,    0.0,    0.0,    0.0,    0.0,    0.0,    0.0,     47,      9,      6,.,      7,.,      7,.,      6,     11,      6,      8,     36,     30,     47,      9,      6,.,      7,.,      7,.,      6,     11,      6,      8,     36,     30,      0,      0,      0,      0,      0,      0,      0,      0,      0,      0,      0,      0,      0,      0,    54.1,    61.8,    70.0,    79.8,    50.4,    57.0,    63.4,    72.0,    54.1,    61.8,    70.0,    79.8,    50.4,    57.0,    63.4,    72.0,     0.0,     0.0,     0.0,     0.0,     0.0,     0.0,     0.0,     0.0,"1,000 California carbon allowances","0063EI","IFED","006 ","N60","Combined"
"CALIF CARBON ALLOWANCE V2026 - NODAL EXCHANGE",260818,2026-08-18,0063EL,NODX,01,006 ,   10081,    2757,     712,     373,     680,     255,    1222,    1432,     459,    1422,    2960,    3531,   10020,   10029,      61,      52,   10081,    2757,     712,     373,     680,     255,    1222,    1432,     459,    1422,    2960,    3531,   10020,   10029,      61,      52,       0,       0,       0,       0,       0,       0,       0,       0,       0,       0,       0,       0,       0,       0,       0,       0,     230,      -2,      -1,      25,      -1,       2,      -5,      14,      29,     -15,     -14,     183,     217,     212,      13,      18,  100.0,   27.3,    7.1,    3.7,    6.7,    2.5,   12.1,   14.2,    4.6,   14.1,   29.4,   35.0,   99.4,   99.5,    0.6,    0.5,  100.0,   27.3,    7.1,    3.7,    6.7,    2.5,   12.1,   14.2,    4.6,   14.1,   29.4,   35.0,   99.4,   99.5,    0.6,    0.5,  100.0,    0.0,    0.0,    0.0,    0.0,    0.0,    0.0,    0.0,    0.0,    0.0,    0.0,    0.0,    0.0,    0.0,    0.0,    0.0,     28,      8,      4,.,.,.,.,.,.,.,      6,      7,     22,     19,     28,      8,      4,.,.,.,.,.,.,.,      6,      7,     22,     19,      0,      0,      0,      0,      0,      0,      0,      0,      0,      0,      0,      0,      0,      0,    68.0,    66.1,    84.0,    84.8,    40.4,    42.0,    50.9,    51.0,    68.0,    66.1,    84.0,    84.8,    40.4,    42.0,    50.9,    51.0,     0.0,     0.0,     0.0,     0.0,     0.0,     0.0,     0.0,     0.0,"(1,000 California carbon allowances)","0063EL","NODX","006 ","N60","Combined"
"RGGI V2026 - ICE FUTURES ENERGY DIV",260818,2026-08-18,0063EM,IFED,01,006 ,   69259,   25640,   44127,   16342,    5611,    2359,    7311,    1492,    8116,    3683,    1788,    5732,   69182,   69226,      77,      33,   69259,   25640,   44127,   16342,    5611,    2359,    7311,    1492,    8116,    3683,    1788,    5732,   69182,   69226,      77,      33,       0,       0,       0,       0,       0,       0,       0,       0,       0,       0,       0,       0,       0,       0,       0,       0,     -69,     463,     -24,      -9,    -105,      20,    -573,    -105,      36,      38,     150,     -48,     -74,     -78,       5,       9,  100.0,   37.0,   63.7,   23.6,    8.1,    3.4,   10.6,    2.2,   11.7,    5.3,    2.6,    8.3,   99.9,  100.0,    0.1,    0.0,  100.0,   37.0,   63.7,   23.6,    8.1,    3.4,   10.6,    2.2,   11.7,    5.3,    2.6,    8.3,   99.9,  100.0,    0.1,    0.0,  100.0,    0.0,    0.0,    0.0,    0.0,    0.0,    0.0,    0.0,    0.0,    0.0,    0.0,    0.0,    0.0,    0.0,    0.0,    0.0,     70,     15,     10,.,      6,      7,     14,      8,     11,     12,      9,     14,     59,     49,     70,     15,     10,.,      6,      7,     14,      8,     11,     12,      9,     14,     59,     49,      0,      0,      0,      0,      0,      0,      0,      0,      0,      0,      0,      0,      0,      0,    46.9,    72.8,    66.0,    82.8,    44.6,    66.9,    56.6,    70.4,    46.9,    72.8,    66.0,    82.8,    44.6,    66.9,    56.6,    70.4,     0.0,     0.0,     0.0,     0.0,     0.0,     0.0,     0.0,     0.0,"1,000 RGGI CO2 Allowances","0063EM","IFED","006 ","N60","Combined"
"RGGI V2027 - ICE FUTURES ENERGY DIV",260818,2026-08-18,0063F6,IFED,01,006 ,   22780,   13403,    3064,    3526,    3079,     250,       0,   12902,    1967,    2962,     802,     657,   22765,   22721,      15,      59,   22780,   13403,    3064,    3526,    3079,     250,       0,   12902,    1967,    2962,     802,     657,   22765,   22721,      15,      59,       0,       0,       0,       0,       0,       0,       0,       0,       0,       0,       0,       0,       0,       0,       0,       0,     130,     142,      67,       9,      -1,       0,       0,     -73,     -19,       2,     155,      -4,     130,     125,      -0,       5,  100.0,   58.8,   13.5,   15.5,   13.5,    1.1,    0.0,   56.6,    8.6,   13.0,    3.5,    2.9,   99.9,   99.7,    0.1,    0.3,  100.0,   58.8,   13.5,   15.5,   13.5,    1.1,    0.0,   56.6,    8.6,   13.0,    3.5,    2.9,   99.9,   99.7,    0.1,    0.3,  100.0,    0.0,    0.0,    0.0,    0.0,    0.0,    0.0,    0.0,    0.0,    0.0,    0.0,    0.0,    0.0,    0.0,    0.0,    0.0,     36,      5,      8,      5,.,.,      0,      8,.,      5,      6,      5,     20,     27,     36,      5,      8,      5,.,.,      0,      8,.,      5,      6,      5,     20,     27,      0,      0,      0,      0,      0,      0,      0,      0,      0,      0,      0,      0,      0,      0,    66.1,    65.7,    89.2,    85.1,    64.0,    57.1,    79.8,    76.5,    66.1,    65.7,    89.2,    85.1,    64.0,    57.1,    79.8,    76.5,     0.0,     0.0,     0.0,     0.0,     0.0,     0.0,     0.0,     0.0,"(1,000 RGGI CO2 Allowances)","0063F6","IFED","006 ","N60","Combined"
"TX REC CRS V26 BACK HALF - NODAL EXCHANGE",260818,2026-08-18,006NHT,NODX,01,006 ,    8978,    8418,    2632,     300,     435,       0,       0,       0,       0,      75,    5714,      26,    8819,    8807,     159,     171,    8978,    8418,    2632,     300,     435,       0,       0,       0,       0,      75,    5714,      26,    8819,    8807,     159,     171,       0,       0,       0,       0,       0,       0,       0,       0,       0,       0,       0,       0,       0,       0,       0,       0,      18,      25,      -2,       0,       0,       0,       0,       0,       0,       0,      27,      -7,      18,      18,       0,       0,  100.0,   93.8,   29.3,    3.3,    4.8,    0.0,    0.0,    0.0,    0.0,    0.8,   63.6,    0.3,   98.2,   98.1,    1.8,    1.9,  100.0,   93.8,   29.3,    3.3,    4.8,    0.0,    0.0,    0.0,    0.0,    0.8,   63.6,    0.3,   98.2,   98.1,    1.8,    1.9,  100.0,    0.0,    0.0,    0.0,    0.0,    0.0,    0.0,    0.0,    0.0,    0.0,    0.0,    0.0,    0.0,    0.0,    0.0,    0.0,     30,     13,      8,.,.,      0,      0,      0,      0,.,      7,      4,     19,     16,     30,     13,      8,.,.,      0,      0,      0,      0,.,      7,      4,     19,     16,      0,      0,      0,      0,      0,      0,      0,      0,      0,      0,      0,      0,      0,      0,    63.6,    63.4,    87.6,    85.7,    63.6,    63.4,    87.5,    85.6,    63.6,    63.4,    87.6,    85.7,    63.6,    63.4,    87.5,    85.6,     0.0,     0.0,     0.0,     0.0,     0.0,     0.0,     0.0,     0.0,"1000 Texas RECs","006NHT","NODX","006 ","N60","Combined"
"TX REC CRS V27 BACK HALF - NODAL EXCHANGE",260818,2026-08-18,006NHU,NODX,01,006 ,    6881,    5889,    1931,       0,     400,       0,       0,       0,       0,     681,    4239,      11,    6581,    6581,     300,     300,    6881,    5889,    1931,       0,     400,       0,       0,       0,       0,     681,    4239,      11,    6581,    6581,     300,     300,       0,       0,       0,       0,       0,       0,       0,       0,       0,       0,       0,       0,       0,       0,       0,       0,     -45,    -140,      -5,       0,       0,       0,       0,       0,       0,      79,     -67,      -2,     -63,     -74,      18,      29,  100.0,   85.6,   28.1,    0.0,    5.8,    0.0,    0.0,    0.0,    0.0,    9.9,   61.6,    0.2,   95.6,   95.6,    4.4,    4.4,  100.0,   85.6,   28.1,    0.0,    5.8,    0.0,    0.0,    0.0,    0.0,    9.9,   61.6,    0.2,   95.6,   95.6,    4.4,    4.4,  100.0,    0.0,    0.0,    0.0,    0.0,    0.0,    0.0,    0.0,    0.0,    0.0,    0.0,    0.0,    0.0,    0.0,    0.0,    0.0,     32,     13,      7,      0,.,      0,      0,      0,      0,      6,      5,.,     20,     14,     32,     13,      7,      0,.,      0,      0,      0,      0,      6,      5,.,     20,     14,      0,      0,      0,      0,      0,      0,      0,      0,      0,      0,      0,      0,      0,      0,    64.5,    70.0,    83.1,    89.4,    64.1,    70.0,    82.7,    89.3,    64.5,    70.0,    83.1,    89.4,    64.1,    70.0,    82.7,    89.3,     0.0,     0.0,     0.0,     0.0,     0.0,     0.0,     0.0,     0.0,"1000 Texas RECs","006NHU","NODX","006 ","N60","Combined"
"TX REC CRS V28 BACK HALF - NODAL EXCHANGE",260818,2026-08-18,006NHV,NODX,01,006 ,    5704,    3692,    1661,      25,     412,       0,     164,       0,       0,     788,    2581,     727,    5397,    5382,     307,     322,    5704,    3692,    1661,      25,     412,       0,     164,       0,       0,     788,    2581,     727,    5397,    5382,     307,     322,       0,       0,       0,       0,       0,       0,       0,       0,       0,       0,       0,       0,       0,       0,       0,       0,      -2,       0,      -1,       0,       0,       0,       0,       0,       0,      -0,       1,      -2,      -2,      -2,       0,       0,  100.0,   64.7,   29.1,    0.4,    7.2,    0.0,    2.9,    0.0,    0.0,   13.8,   45.3,   12.7,   94.6,   94.4,    5.4,    5.6,  100.0,   64.7,   29.1,    0.4,    7.2,    0.0,    2.9,    0.0,    0.0,   13.8,   45.3,   12.7,   94.6,   94.4,    5.4,    5.6,  100.0,    0.0,    0.0,    0.0,    0.0,    0.0,    0.0,    0.0,    0.0,    0.0,    0.0,    0.0,    0.0,    0.0,    0.0,    0.0,     31,     13,      7,.,.,      0,.,      0,      0,      6,.,.,     22,     13,     31,     13,      7,.,.,      0,.,      0,      0,      6,.,.,     22,     13,      0,      0,      0,      0,      0,      0,      0,      0,      0,      0,      0,      0,      0,      0,    47.6,    65.4,    70.5,    83.4,    38.7,    63.0,    58.9,    76.3,    47.6,    65.4,    70.5,    83.4,    38.7,    63.0,    58.9,    76.3,     0.0,     0.0,     0.0,     0.0,     0.0,     0.0,     0.0,     0.0,"1000 Texas RECs","006NHV","NODX","006 ","N60","Combined"
"TX REC CRS V29 BACK HALF - NODAL EXCHANGE",260818,2026-08-18,006NHW,NODX,01,006 ,    5506,    4382,    1459,       0,     587,       0,       0,       0,       0,     721,    3057,     301,    5404,    5404,     102,     102,    5506,    4382,    1459,       0,     587,       0,       0,       0,       0,     721,    3057,     301,    5404,    5404,     102,     102,       0,       0,       0,       0,       0,       0,       0,       0,       0,       0,       0,       0,       0,       0,       0,       0,      -1,      -0,      -1,       0,       0,       0,       0,       0,       0,      -1,       0,      -0,      -1,      -1,       0,       0,  100.0,   79.6,   26.5,    0.0,   10.7,    0.0,    0.0,    0.0,    0.0,   13.1,   55.5,    5.5,   98.1,   98.1,    1.9,    1.9,  100.0,   79.6,   26.5,    0.0,   10.7,    0.0,    0.0,    0.0,    0.0,   13.1,   55.5,    5.5,   98.1,   98.1,    1.9,    1.9,  100.0,    0.0,    0.0,    0.0,    0.0,    0.0,    0.0,    0.0,    0.0,    0.0,    0.0,    0.0,    0.0,    0.0,    0.0,    0.0,     32,     14,      5,      0,.,      0,      0,      0,      0,      6,      5,.,     22,     13,     32,     14,      5,      0,.,      0,      0,      0,      0,      6,      5,.,     22,     13,      0,      0,      0,      0,      0,      0,      0,      0,      0,      0,      0,      0,      0,      0,    55.7,    73.8,    77.1,    90.9,    52.4,    73.8,    73.8,    85.3,    55.7,    73.8,    77.1,    90.9,    52.4,    73.8,    73.8,    85.3,     0.0,     0.0,     0.0,     0.0,     0.0,     0.0,     0.0,     0.0,"1000 Texas RECs","006NHW","NODX","006 ","N60","Combined"
"TX REC CRS V30 BACK HALF - NODAL EXCHANGE",260818,2026-08-18,006NHX,NODX,01,006 ,    4233,    3577,    1250,       0,     275,       0,       0,       0,       0,     324,    2364,     191,    4092,    4080,     141,     153,    4233,    3577,    1250,       0,     275,       0,       0,       0,       0,     324,    2364,     191,    4092,    4080,     141,     153,       0,       0,       0,       0,       0,       0,       0,       0,       0,       0,       0,       0,       0,       0,       0,       0,      99,     100,      -1,       0,       0,       0,       0,       0,       0,     -48,      53,      47,      99,      99,       0,       0,  100.0,   84.5,   29.5,    0.0,    6.5,    0.0,    0.0,    0.0,    0.0,    7.7,   55.8,    4.5,   96.7,   96.4,    3.3,    3.6,  100.0,   84.5,   29.5,    0.0,    6.5,    0.0,    0.0,    0.0,    0.0,    7.7,   55.8,    4.5,   96.7,   96.4,    3.3,    3.6,  100.0,    0.0,    0.0,    0.0,    0.0,    0.0,    0.0,    0.0,    0.0,    0.0,    0.0,    0.0,    0.0,    0.0,    0.0,    0.0,     28,     11,      8,      0,.,      0,      0,      0,      0,      4,      5,.,     17,     15,     28,     11,      8,      0,.,      0,      0,      0,      0,      4,      5,.,     17,     15,      0,      0,      0,      0,      0,      0,      0,      0,      0,      0,      0,      0,      0,      0,    71.7,    66.7,    85.0,    88.0,    64.5,    65.7,    76.2,    79.8,    71.7,    66.7,    85.0,    88.0,    64.5,    65.7,    76.2,    79.8,     0.0,     0.0,     0.0,     0.0,     0.0,     0.0,     0.0,     0.0,"(1,000 MWh representing 1,000 Texas RECs)","006NHX","NODX","006 ","N60","Combined"
"TX REC CRS V26 FRONT HALF - NODAL EXCHANGE",260818,2026-08-18,006NHY,NODX,01,006 ,    8105,    7446,    3546,       0,     747,       0,       0,       0,       0,     328,    3482,       0,    7774,    7775,     331,     330,    8105,    7446,    3546,       0,     747,       0,       0,       0,       0,     328,    3482,       0,    7774,    7775,     331,     330,       0,       0,       0,       0,       0,       0,       0,       0,       0,       0,       0,       0,       0,       0,       0,       0,       0,       0,       0,       0,       0,       0,       0,       0,       0,       0,       0,       0,       0,       0,       0,       0,  100.0,   91.9,   43.8,    0.0,    9.2,    0.0,    0.0,    0.0,    0.0,    4.0,   43.0,    0.0,   95.9,   95.9,    4.1,    4.1,  100.0,   91.9,   43.8,    0.0,    9.2,    0.0,    0.0,    0.0,    0.0,    4.0,   43.0,    0.0,   95.9,   95.9,    4.1,    4.1,  100.0,    0.0,    0.0,    0.0,    0.0,    0.0,    0.0,    0.0,    0.0,    0.0,    0.0,    0.0,    0.0,    0.0,    0.0,    0.0,     30,     15,      5,      0,.,      0,      0,      0,      0,.,      5,      0,     18,     12,     30,     15,      5,      0,.,      0,      0,      0,      0,.,      5,      0,     18,     12,      0,      0,      0,      0,      0,      0,      0,      0,      0,      0,      0,      0,      0,      0,    64.3,    58.8,    81.6,    86.2,    64.3,    58.8,    81.6,    86.2,    64.3,    58.8,    81.6,    86.2,    64.3,    58.8,    81.6,    86.2,     0.0,     0.0,     0.0,     0.0,     0.0,     0.0,     0.0,     0.0,"1000 Texas RECs","006NHY","NODX","006 ","N60","Combined"
"TX REC CRS V27 FRONT HALF - NODAL EXCHANGE",260818,2026-08-18,006NHZ,NODX,01,006 ,    7386,    5840,    3376,       0,     703,       0,       0,       0,       0,    1391,    3131,       0,    7231,    7210,     155,     176,    7386,    5840,    3376,       0,     703,       0,       0,       0,       0,    1391,    3131,       0,    7231,    7210,     155,     176,       0,       0,       0,       0,       0,       0,       0,       0,       0,       0,       0,       0,       0,       0,       0,       0,      -0,      -0,      -0,       0,       0,       0,       0,       0,       0,      -0,       0,       0,      -0,      -0,       0,       0,  100.0,   79.1,   45.7,    0.0,    9.5,    0.0,    0.0,    0.0,    0.0,   18.8,   42.4,    0.0,   97.9,   97.6,    2.1,    2.4,  100.0,   79.1,   45.7,    0.0,    9.5,    0.0,    0.0,    0.0,    0.0,   18.8,   42.4,    0.0,   97.9,   97.6,    2.1,    2.4,  100.0,    0.0,    0.0,    0.0,    0.0,    0.0,    0.0,    0.0,    0.0,    0.0,    0.0,    0.0,    0.0,    0.0,    0.0,    0.0,     33,     15,      7,      0,.,      0,      0,      0,      0,      7,.,      0,     22,     12,     33,     15,      7,      0,.,      0,      0,      0,      0,      7,.,      0,     22,     12,      0,      0,      0,      0,      0,      0,      0,      0,      0,      0,      0,      0,      0,      0,    59.3,    75.8,    78.1,    93.6,    59.3,    75.5,    78.1,    93.2,    59.3,    75.8,    78.1,    93.6,    59.3,    75.5,    78.1,    93.2,     0.0,     0.0,     0.0,     0.0,     0.0,     0.0,     0.0,     0.0,"1000 Texas RECs","006NHZ","NODX","006 ","N60","Combined"
"TX REC CRS V28 FRONT HALF - NODAL EXCHANGE",260818,2026-08-18,006NJ1,NODX,01,006 ,    5942,    4990,    2064,       0,     538,       0,       0,       0,       0,     647,    3006,      30,    5667,    5638,     275,     304,    5942,    4990,    2064,       0,     538,       0,       0,       0,       0,     647,    3006,      30,    5667,    5638,     275,     304,       0,       0,       0,       0,       0,       0,       0,       0,       0,       0,       0,       0,       0,       0,       0,       0,      -0,       0,      -0,       0,       0,       0,       0,       0,       0,       0,       0,      -0,      -0,      -0,       0,       0,  100.0,   84.0,   34.7,    0.0,    9.1,    0.0,    0.0,    0.0,    0.0,   10.9,   50.6,    0.5,   95.4,   94.9,    4.6,    5.1,  100.0,   84.0,   34.7,    0.0,    9.1,    0.0,    0.0,    0.0,    0.0,   10.9,   50.6,    0.5,   95.4,   94.9,    4.6,    5.1,  100.0,    0.0,    0.0,    0.0,    0.0,    0.0,    0.0,    0.0,    0.0,    0.0,    0.0,    0.0,    0.0,    0.0,    0.0,    0.0,     25,     10,      7,      0,.,      0,      0,      0,      0,.,      5,.,     14,     14,     25,     10,      7,      0,.,      0,      0,      0,      0,.,      5,.,     14,     14,      0,      0,      0,      0,      0,      0,      0,      0,      0,      0,      0,      0,      0,      0,    68.0,    71.5,    85.1,    89.2,    67.1,    71.5,    84.2,    88.7,    68.0,    71.5,    85.1,    89.2,    67.1,    71.5,    84.2,    88.7,     0.0,     0.0,     0.0,     0.0,     0.0,     0.0,     0.0,     0.0,"1000 Texas RECs","006NJ1","NODX","006 ","N60","Combined"
"TX REC CRS V29 FRONT HALF - NODAL EXCHANGE",260818,2026-08-18,006NJ2,NODX,01,006 ,    6186,    4763,    2259,       0,     713,       0,       0,       0,       0,    1192,    3002,     113,    6068,    6087,     118,      99,    6186,    4763,    2259,       0,     713,       0,       0,       0,       0,    1192,    3002,     113,    6068,    6087,     118,      99,       0,       0,       0,       0,       0,       0,       0,       0,       0,       0,       0,       0,       0,       0,       0,       0,      -0,       0,      -0,       0,       0,       0,       0,       0,       0,       0,       0,      -0,      -0,      -0,       0,       0,  100.0,   77.0,   36.5,    0.0,   11.5,    0.0,    0.0,    0.0,    0.0,   19.3,   48.5,    1.8,   98.1,   98.4,    1.9,    1.6,  100.0,   77.0,   36.5,    0.0,   11.5,    0.0,    0.0,    0.0,    0.0,   19.3,   48.5,    1.8,   98.1,   98.4,    1.9,    1.6,  100.0,    0.0,    0.0,    0.0,    0.0,    0.0,    0.0,    0.0,    0.0,    0.0,    0.0,    0.0,    0.0,    0.0,    0.0,    0.0,     29,     10,      7,      0,.,      0,      0,      0,      0,      5,      4,.,     17,     14,     29,     10,      7,      0,.,      0,      0,      0,      0,      5,      4,.,     17,     14,      0,      0,      0,      0,      0,      0,      0,      0,      0,      0,      0,      0,      0,      0,    69.4,    76.1,    89.0,    92.6,    69.4,    75.4,    89.0,    92.0,    69.4,    76.1,    89.0,    92.6,    69.4,    75.4,    89.0,    92.0,     0.0,     0.0,     0.0,     0.0,     0.0,     0.0,     0.0,     0.0,"1000 Texas RECs","006NJ2","NODX","006 ","N60","Combined"
"TX REC CRS V30 FRONT HALF - NODAL EXCHANGE",260818,2026-08-18,006NJ3,NODX,01,006 ,    3391,    2901,     762,       0,     400,       0,       0,       0,       0,     336,    2049,       0,    3237,    3211,     154,     180,    3391,    2901,     762,       0,     400,       0,       0,       0,       0,     336,    2049,       0,    3237,    3211,     154,     180,       0,       0,       0,       0,       0,       0,       0,       0,       0,       0,       0,       0,       0,       0,       0,       0,      76,     100,       0,       0,       0,       0,       0,       0,       0,       0,      76,       0,     100,      76,     -24,       0,  100.0,   85.5,   22.5,    0.0,   11.8,    0.0,    0.0,    0.0,    0.0,    9.9,   60.4,    0.0,   95.5,   94.7,    4.5,    5.3,  100.0,   85.5,   22.5,    0.0,   11.8,    0.0,    0.0,    0.0,    0.0,    9.9,   60.4,    0.0,   95.5,   94.7,    4.5,    5.3,  100.0,    0.0,    0.0,    0.0,    0.0,    0.0,    0.0,    0.0,    0.0,    0.0,    0.0,    0.0,    0.0,    0.0,    0.0,    0.0,     26,     10,      8,      0,.,      0,      0,      0,      0,.,      7,      0,     12,     17,     26,     10,      8,      0,.,      0,      0,      0,      0,.,      7,      0,     12,     17,      0,      0,      0,      0,      0,      0,      0,      0,      0,      0,      0,      0,      0,      0,    72.7,    64.2,    88.7,    82.0,    70.3,    64.2,    86.4,    82.0,    72.7,    64.2,    88.7,    82.0,    70.3,    64.2,    86.4,    82.0,     0.0,     0.0,     0.0,     0.0,     0.0,     0.0,     0.0,     0.0,"1000 Texas RECs","006NJ3","NODX","006 ","N60","Combined"
"TX REC CRS V31 BACK HALF - NODAL EXCHANGE",260818,2026-08-18,006NKH,NODX,01,006 ,    2360,    1711,     966,     262,      50,       0,       0,       0,       0,     242,    1199,      45,    2260,    2260,     100,     100,    2360,    1711,     966,     262,      50,       0,       0,       0,       0,     242,    1199,      45,    2260,    2260,     100,     100,       0,       0,       0,       0,       0,       0,       0,       0,       0,       0,       0,       0,       0,       0,       0,       0,      -0,     -50,      -0,      50,       0,       0,       0,       0,       0,      -0,       0,      -0,      -0,      -0,       0,       0,  100.0,   72.5,   40.9,   11.1,    2.1,    0.0,    0.0,    0.0,    0.0,   10.2,   50.8,    1.9,   95.8,   95.8,    4.2,    4.2,  100.0,   72.5,   40.9,   11.1,    2.1,    0.0,    0.0,    0.0,    0.0,   10.2,   50.8,    1.9,   95.8,   95.8,    4.2,    4.2,  100.0,    0.0,    0.0,    0.0,    0.0,    0.0,    0.0,    0.0,    0.0,    0.0,    0.0,    0.0,    0.0,    0.0,    0.0,    0.0,     22,      7,      7,.,.,      0,      0,      0,      0,.,      4,.,     13,     12,     22,      7,      7,.,.,      0,      0,      0,      0,.,      4,.,     13,     12,      0,      0,      0,      0,      0,      0,      0,      0,      0,      0,      0,      0,      0,      0,    69.1,    68.9,    85.0,    89.4,    62.1,    68.9,    78.0,    83.7,    69.1,    68.9,    85.0,    89.4,    62.1,    68.9,    78.0,    83.7,     0.0,     0.0,     0.0,     0.0,     0.0,     0.0,     0.0,     0.0,"1000 Texas RECs","006NKH","NODX","006 ","N60","Combined"
"TX REC CRS V31 FRONT HALF - NODAL EXCHANGE",260818,2026-08-18,006NKJ,NODX,01,006 ,    2166,    1486,     767,     200,     222,      63,       0,       0,       0,     312,    1014,       0,    2061,    2066,     105,     100,    2166,    1486,     767,     200,     222,      63,       0,       0,       0,     312,    1014,       0,    2061,    2066,     105,     100,       0,       0,       0,       0,       0,       0,       0,       0,       0,       0,       0,       0,       0,       0,       0,       0,       0,     -50,       0,      50,       0,       0,       0,       0,       0,       0,       0,       0,       0,       0,       0,       0,  100.0,   68.6,   35.4,    9.2,   10.2,    2.9,    0.0,    0.0,    0.0,   14.4,   46.8,    0.0,   95.2,   95.4,    4.8,    4.6,  100.0,   68.6,   35.4,    9.2,   10.2,    2.9,    0.0,    0.0,    0.0,   14.4,   46.8,    0.0,   95.2,   95.4,    4.8,    4.6,  100.0,    0.0,    0.0,    0.0,    0.0,    0.0,    0.0,    0.0,    0.0,    0.0,    0.0,    0.0,    0.0,    0.0,    0.0,    0.0,     20,      8,      5,.,.,.,      0,      0,      0,.,.,      0,     13,      9,     20,      8,      5,.,.,.,      0,      0,      0,.,.,      0,     13,      9,      0,      0,      0,      0,      0,      0,      0,      0,      0,      0,      0,      0,      0,      0,    63.3,    76.8,    84.7,    94.1,    62.0,    76.8,    83.4,    91.2,    63.3,    76.8,    84.7,    94.1,    62.0,    76.8,    83.4,    91.2,     0.0,     0.0,     0.0,     0.0,     0.0,     0.0,     0.0,     0.0,"1000 Texas RECs","006NKJ","NODX","006 ","N60","Combined"
"NEW JERSEY RECs CLASS 2 V2027 - NODAL EXCHANGE",260818,2026-08-18,006NMM,NODX,01,006 ,   10806,    5990,    1850,     321,    8606,       0,    1150,       0,       0,    3345,     350,       0,   10806,   10806,       0,       0,   10806,    5990,    1850,     321,    8606,       0,    1150,       0,       0,    3345,     350,       0,   10806,   10806,       0,       0,       0,       0,       0,       0,       0,       0,       0,       0,       0,       0,       0,       0,       0,       0,       0,       0,      50,      50,      50,       0,       0,       0,       0,       0,       0,       0,       0,       0,      50,      50,       0,       0,  100.0,   55.4,   17.1,    3.0,   79.6,    0.0,   10.6,    0.0,    0.0,   31.0,    3.2,    0.0,  100.0,  100.0,    0.0,    0.0,  100.0,   55.4,   17.1,    3.0,   79.6,    0.0,   10.6,    0.0,    0.0,   31.0,    3.2,    0.0,  100.0,  100.0,    0.0,    0.0,  100.0,    0.0,    0.0,    0.0,    0.0,    0.0,    0.0,    0.0,    0.0,    0.0,    0.0,    0.0,    0.0,    0.0,    0.0,    0.0,     24,     12,.,.,.,      0,.,      0,      0,      5,.,      0,     19,      5,     24,     12,.,.,.,      0,.,      0,      0,      5,.,      0,     19,      5,      0,      0,      0,      0,      0,      0,      0,      0,      0,      0,      0,      0,      0,      0,    54.8,    96.8,    81.7,   100.0,    54.8,    96.8,    81.7,   100.0,    54.8,    96.8,    81.7,   100.0,    54.8,    96.8,    81.7,   100.0,     0.0,     0.0,     0.0,     0.0,     0.0,     0.0,     0.0,     0.0,"(100 MWh representing 100 NJ Class 2 RECs)","006NMM","NODX","006 ","N60","Combined"
"PENNSYLVANIA AEC TIER 2-V2027 - NODAL EXCHANGE",260818,2026-08-18,006NMT,NODX,01,006 ,   27900,   19967,   16162,    1020,     500,       0,    2500,       0,       0,    4383,   11208,      30,   27900,   27900,       0,       0,   27900,   19967,   16162,    1020,     500,       0,    2500,       0,       0,    4383,   11208,      30,   27900,   27900,       0,       0,       0,       0,       0,       0,       0,       0,       0,       0,       0,       0,       0,       0,       0,       0,       0,       0,     254,     505,     -43,       0,       0,       0,       0,       0,       0,    -250,     298,      -1,     254,     254,       0,       0,  100.0,   71.6,   57.9,    3.7,    1.8,    0.0,    9.0,    0.0,    0.0,   15.7,   40.2,    0.1,  100.0,  100.0,    0.0,    0.0,  100.0,   71.6,   57.9,    3.7,    1.8,    0.0,    9.0,    0.0,    0.0,   15.7,   40.2,    0.1,  100.0,  100.0,    0.0,    0.0,  100.0,    0.0,    0.0,    0.0,    0.0,    0.0,    0.0,    0.0,    0.0,    0.0,    0.0,    0.0,    0.0,    0.0,    0.0,    0.0,     31,     15,      7,.,.,      0,.,      0,      0,      4,      4,.,     23,     12,     31,     15,      7,.,.,      0,.,      0,      0,      4,      4,.,     23,     12,      0,      0,      0,      0,      0,      0,      0,      0,      0,      0,      0,      0,      0,      0,    48.4,    75.4,    72.0,    94.4,    48.4,    75.4,    71.4,    89.4,    48.4,    75.4,    72.0,    94.4,    48.4,    75.4,    71.4,    89.4,     0.0,     0.0,     0.0,     0.0,     0.0,     0.0,     0.0,     0.0,"(100 MWh = 100 Tier 2  AECs)","006NMT","NODX","006 ","N60","Combined"
"NEW JERSEY RECs CLASS 2 V2028 - NODAL EXCHANGE",260818,2026-08-18,006NMW,NODX,01,006 ,    4361,    2050,    2495,     201,       0,       0,     900,       0,       0,    1210,    1866,       0,    4361,    4361,       0,       0,    4361,    2050,    2495,     201,       0,       0,     900,       0,       0,    1210,    1866,       0,    4361,    4361,       0,       0,       0,       0,       0,       0,       0,       0,       0,       0,       0,       0,       0,       0,       0,       0,       0,       0,.,.,.,.,.,.,.,.,.,.,.,.,.,.,.,.,  100.0,   47.0,   57.2,    4.6,    0.0,    0.0,   20.6,    0.0,    0.0,   27.7,   42.8,    0.0,  100.0,  100.0,    0.0,    0.0,  100.0,   47.0,   57.2,    4.6,    0.0,    0.0,   20.6,    0.0,    0.0,   27.7,   42.8,    0.0,  100.0,  100.0,    0.0,    0.0,  100.0,    0.0,    0.0,    0.0,    0.0,    0.0,    0.0,    0.0,    0.0,    0.0,    0.0,    0.0,    0.0,    0.0,    0.0,    0.0,     21,      8,      5,.,      0,      0,.,      0,      0,      4,.,      0,     14,      7,     21,      8,      5,.,      0,      0,.,      0,      0,      4,.,      0,     14,      7,      0,      0,      0,      0,      0,      0,      0,      0,      0,      0,      0,      0,      0,      0,    61.9,    89.7,    88.3,   100.0,    61.9,    89.7,    88.3,   100.0,    61.9,    89.7,    88.3,   100.0,    61.9,    89.7,    88.3,   100.0,     0.0,     0.0,     0.0,     0.0,     0.0,     0.0,     0.0,     0.0,"100 MWh representing 100 NJ Class 2 RECs","006NMW","NODX","006 ","N60","Combined"
"PENNSYLVANIA AEC TIER 2-V2028 - NODAL EXCHANGE",260818,2026-08-18,006NMX,NODX,01,006 ,   20730,   16565,   12956,     550,       0,       0,     550,       0,       0,    3065,    7774,       0,   20730,   20730,       0,       0,   20730,   16565,   12956,     550,       0,       0,     550,       0,       0,    3065,    7774,       0,   20730,   20730,       0,       0,       0,       0,       0,       0,       0,       0,       0,       0,       0,       0,       0,       0,       0,       0,       0,       0,       0,       0,       0,       0,       0,       0,       0,       0,       0,       0,       0,       0,       0,       0,       0,       0,  100.0,   79.9,   62.5,    2.7,    0.0,    0.0,    2.7,    0.0,    0.0,   14.8,   37.5,    0.0,  100.0,  100.0,    0.0,    0.0,  100.0,   79.9,   62.5,    2.7,    0.0,    0.0,    2.7,    0.0,    0.0,   14.8,   37.5,    0.0,  100.0,  100.0,    0.0,    0.0,  100.0,    0.0,    0.0,    0.0,    0.0,    0.0,    0.0,    0.0,    0.0,    0.0,    0.0,    0.0,    0.0,    0.0,    0.0,    0.0,     27,     13,      4,.,      0,      0,.,      0,      0,      5,.,      0,     21,      6,     27,     13,      4,.,      0,      0,.,      0,      0,      5,.,      0,     21,      6,      0,      0,      0,      0,      0,      0,      0,      0,      0,      0,      0,      0,      0,      0,    55.3,    97.7,    76.7,   100.0,    55.3,    97.7,    76.7,   100.0,    55.3,    97.7,    76.7,   100.0,    55.3,    97.7,    76.7,   100.0,     0.0,     0.0,     0.0,     0.0,     0.0,     0.0,     0.0,     0.0,"(100 MWh = 100 Tier 2  AECs)","006NMX","NODX","006 ","N60","Combined"
"SOYBEAN OIL - CHICAGO BOARD OF TRADE",260818,2026-08-18,007601,CBT ,00,007 ,  724383,  204545,  406264,   93142,   13967,   37278,  122102,   23865,   94256,   28450,   16217,  106586,  686358,  698433,   38025,   25951,  115652,   64471,   64144,    3975,    6217,    6049,   13621,    7312,    2483,    4690,    9503,   16313,  111603,  112022,    4049,    3630,  608732,  140073,  342120,   93167,   11750,   27229,  118254,   26325,   82001,   31562,   14517,   82470,  574755,  586411,   33976,   22321,   12704,   -6430,   15888,    1391,    2444,    1472,   10642,   -6675,     624,    3589,   -2756,     524,   11812,   11521,     892,    1182,  100.0,   28.2,   56.1,   12.9,    1.9,    5.1,   16.9,    3.3,   13.0,    3.9,    2.2,   14.7,   94.8,   96.4,    5.2,    3.6,  100.0,   55.7,   55.5,    3.4,    5.4,    5.2,   11.8,    6.3,    2.1,    4.1,    8.2,   14.1,   96.5,   96.9,    3.5,    3.1,  100.0,   23.0,   56.2,   15.3,    1.9,    4.5,   19.4,    4.3,   13.5,    5.2,    2.4,   13.5,   94.4,   96.3,    5.6,    3.7,    341,     85,     90,     23,     11,     21,     90,     24,     68,     42,     30,     51,    302,    244,    180,     53,     53,     10,     12,     10,     24,     14,     11,     19,     18,     17,    125,    116,    338,     77,     86,     24,     10,     19,     87,     28,     66,     43,     28,     49,    293,    234,    10.9,    23.7,    17.6,    35.3,     6.7,    18.5,    10.9,    25.9,    31.6,    29.2,    44.7,    42.0,    28.0,    27.7,    38.5,    37.5,    10.3,    24.7,    17.1,    36.5,     7.9,    20.9,    12.7,    31.2,"(CONTRACTS OF 60,000 POUNDS)","007601","CBT ","007 ","A30","Combined"
"USGC HSFO (PLATTS) - ICE FUTURES ENERGY DIV",260818,2026-08-18,02141B,IFED,01,021 ,   29840,   14973,   26922,    1948,     416,     173,      25,       0,     135,   10544,       0,    2033,   29831,   29679,       9,     161,   29840,   14973,   26922,    1948,     416,     173,      25,       0,     135,   10544,       0,    2033,   29831,   29679,       9,     161,       0,       0,       0,       0,       0,       0,       0,       0,       0,       0,       0,       0,       0,       0,       0,       0,    3450,    2750,    3500,     -18,       0,     -22,       0,       0,       0,     694,     -65,      69,    3473,    3482,     -23,     -32,  100.0,   50.2,   90.2,    6.5,    1.4,    0.6,    0.1,    0.0,    0.5,   35.3,    0.0,    6.8,  100.0,   99.5,    0.0,    0.5,  100.0,   50.2,   90.2,    6.5,    1.4,    0.6,    0.1,    0.0,    0.5,   35.3,    0.0,    6.8,  100.0,   99.5,    0.0,    0.5,  100.0,    0.0,    0.0,    0.0,    0.0,    0.0,    0.0,    0.0,    0.0,    0.0,    0.0,    0.0,    0.0,    0.0,    0.0,    0.0,     59,     24,     37,      4,.,.,.,      0,.,     10,      0,      7,     42,     49,     59,     24,     37,      4,.,.,.,      0,.,     10,      0,      7,     42,     49,      0,      0,      0,      0,      0,      0,      0,      0,      0,      0,      0,      0,      0,      0,    44.6,    30.5,    65.2,    49.4,    36.3,    18.9,    43.5,    31.6,    44.6,    30.5,    65.2,    49.4,    36.3,    18.9,    43.5,    31.6,     0.0,     0.0,     0.0,     0.0,     0.0,     0.0,     0.0,     0.0,"(1000 barrels)","02141B","IFED","021 ","N10","Combined"
"FUEL OIL-3% USGC/3.5% FOB RDAM - ICE FUTURES ENERGY DIV",260818,2026-08-18,02141C,IFED,01,021 ,   19799,   12406,    6814,    4306,    1086,     135,       0,    2760,       0,    1353,    7367,    1599,   19799,   19761,       0,      38,   19799,   12406,    6814,    4306,    1086,     135,       0,    2760,       0,    1353,    7367,    1599,   19799,   19761,       0,      38,       0,       0,       0,       0,       0,       0,       0,       0,       0,       0,       0,       0,       0,       0,       0,       0,    1938,    1598,     389,       0,     127,      95,       0,       0,       0,      25,    1107,     220,    1938,    1938,       0,       0,  100.0,   62.7,   34.4,   21.7,    5.5,    0.7,    0.0,   13.9,    0.0,    6.8,   37.2,    8.1,  100.0,   99.8,    0.0,    0.2,  100.0,   62.7,   34.4,   21.7,    5.5,    0.7,    0.0,   13.9,    0.0,    6.8,   37.2,    8.1,  100.0,   99.8,    0.0,    0.2,  100.0,    0.0,    0.0,    0.0,    0.0,    0.0,    0.0,    0.0,    0.0,    0.0,    0.0,    0.0,    0.0,    0.0,    0.0,    0.0,     42,     22,     15,      4,.,.,      0,.,      0,.,      7,.,     31,     27,     42,     22,     15,      4,.,.,      0,.,      0,.,      7,.,     31,     27,      0,      0,      0,      0,      0,      0,      0,      0,      0,      0,      0,      0,      0,      0,    39.0,    63.8,    65.7,    80.9,    36.5,    53.4,    54.6,    63.1,    39.0,    63.8,    65.7,    80.9,    36.5,    53.4,    54.6,    63.1,     0.0,     0.0,     0.0,     0.0,     0.0,     0.0,     0.0,     0.0,"(1000 barrels)","02141C","IFED","021 ","N10","Combined"
"USGC HSFO-PLATTS/BRENT 1ST LN  - ICE FUTURES ENERGY DIV",260818,2026-08-18,02141R,IFED,01,021 ,   13911,   10038,    7291,     258,    1320,       0,       0,       0,       0,    2062,    3651,    1523,   13881,   13785,      30,     126,   13911,   10038,    7291,     258,    1320,       0,       0,       0,       0,    2062,    3651,    1523,   13881,   13785,      30,     126,       0,       0,       0,       0,       0,       0,       0,       0,       0,       0,       0,       0,       0,       0,       0,       0,    1073,     762,     318,      10,      85,       0,       0,       0,       0,      -3,     366,     304,    1073,    1073,       0,       0,  100.0,   72.2,   52.4,    1.9,    9.5,    0.0,    0.0,    0.0,    0.0,   14.8,   26.2,   10.9,   99.8,   99.1,    0.2,    0.9,  100.0,   72.2,   52.4,    1.9,    9.5,    0.0,    0.0,    0.0,    0.0,   14.8,   26.2,   10.9,   99.8,   99.1,    0.2,    0.9,  100.0,    0.0,    0.0,    0.0,    0.0,    0.0,    0.0,    0.0,    0.0,    0.0,    0.0,    0.0,    0.0,    0.0,    0.0,    0.0,     44,     24,     17,.,.,      0,      0,      0,      0,.,      7,      5,     33,     27,     44,     24,     17,.,.,      0,      0,      0,      0,.,      7,      5,     33,     27,      0,      0,      0,      0,      0,      0,      0,      0,      0,      0,      0,      0,      0,      0,    66.7,    54.2,    79.9,    77.2,    57.9,    52.6,    71.0,    67.2,    66.7,    54.2,    79.9,    77.2,    57.9,    52.6,    71.0,    67.2,     0.0,     0.0,     0.0,     0.0,     0.0,     0.0,     0.0,     0.0,"(1000 Barrels)","02141R","IFED","021 ","N10","Combined"
"NY HARBOR ULSD - NEW YORK MERCANTILE EXCHANGE",260818,2026-08-18,022651,NYME,01,022 ,  284745,   50832,  134204,   56271,    8362,   15760,   39660,   23190,   22312,    8874,   11514,   38999,  232709,  254341,   52036,   30404,  284745,   50832,  134204,   56271,    8362,   15760,   39660,   23190,   22312,    8874,   11514,   38999,  232709,  254341,   52036,   30404,       0,       0,       0,       0,       0,       0,       0,       0,       0,       0,       0,       0,       0,       0,       0,       0,    7408,    3212,    5461,    3776,    -216,     278,    3221,     789,     896,    -348,    1036,   -1208,    9827,    7036,   -2418,     372,  100.0,   17.9,   47.1,   19.8,    2.9,    5.5,   13.9,    8.1,    7.8,    3.1,    4.0,   13.7,   81.7,   89.3,   18.3,   10.7,  100.0,   17.9,   47.1,   19.8,    2.9,    5.5,   13.9,    8.1,    7.8,    3.1,    4.0,   13.7,   81.7,   89.3,   18.3,   10.7,  100.0,    0.0,    0.0,    0.0,    0.0,    0.0,    0.0,    0.0,    0.0,    0.0,    0.0,    0.0,    0.0,    0.0,    0.0,    0.0,    168,     44,     59,     16,     10,     22,     36,     11,     29,     14,     17,     24,    147,    139,    168,     44,     59,     16,     10,     22,     36,     11,     29,     14,     17,     24,    147,    139,      0,      0,      0,      0,      0,      0,      0,      0,      0,      0,      0,      0,      0,      0,    13.7,    15.4,    21.7,    26.2,    10.9,    12.9,    16.6,    19.6,    13.7,    15.4,    21.7,    26.2,    10.9,    12.9,    16.6,    19.6,     0.0,     0.0,     0.0,     0.0,     0.0,     0.0,     0.0,     0.0,"(CONTRACTS OF 42,000 U.S. GALLONS)","022651","NYME","022 ","N10","Combined"
"UP DOWN GC ULSD VS HO SPR - NEW YORK MERCANTILE EXCHANGE",260818,2026-08-18,022A13,NYME,01,022 ,   32683,   17916,   17102,       0,    8413,     719,       0,     202,     991,     185,       0,    1121,   20932,   28548,   11751,    4135,   32683,   17916,   17102,       0,    8413,     719,       0,     202,     991,     185,       0,    1121,   20932,   28548,   11751,    4135,       0,       0,       0,       0,       0,       0,       0,       0,       0,       0,       0,       0,       0,       0,       0,       0,     544,     290,     391,       0,     -25,       0,       0,     142,     -49,      75,       0,     -75,     241,     384,     303,     160,  100.0,   54.8,   52.3,    0.0,   25.7,    2.2,    0.0,    0.6,    3.0,    0.6,    0.0,    3.4,   64.0,   87.3,   36.0,   12.7,  100.0,   54.8,   52.3,    0.0,   25.7,    2.2,    0.0,    0.6,    3.0,    0.6,    0.0,    3.4,   64.0,   87.3,   36.0,   12.7,  100.0,    0.0,    0.0,    0.0,    0.0,    0.0,    0.0,    0.0,    0.0,    0.0,    0.0,    0.0,    0.0,    0.0,    0.0,    0.0,     25,     17,     12,      0,.,.,      0,.,.,.,      0,.,     20,     16,     25,     17,     12,      0,.,.,      0,.,.,.,      0,.,     20,     16,      0,      0,      0,      0,      0,      0,      0,      0,      0,      0,      0,      0,      0,      0,    35.4,    65.2,    47.8,    78.2,    30.7,    64.3,    37.6,    68.2,    35.4,    65.2,    47.8,    78.2,    30.7,    64.3,    37.6,    68.2,     0.0,     0.0,     0.0,     0.0,     0.0,     0.0,     0.0,     0.0,"(CONTRACTS OF 42,000 GALLONS)","022A13","NYME","022 ","N10","Combined"
"NAT GAS ICE LD1 - ICE FUTURES ENERGY DIV",260818,2026-08-18,023391,IFED,01,023 , 7993647, 4464552, 2402524,  838245, 2992676,  354518,  628454,  488224,  924507,  163464,  229372,  583260, 7957000, 7975081,   36647,   18566, 7993647, 4464552, 2402524,  838245, 2992676,  354518,  628454,  488224,  924507,  163464,  229372,  583260, 7957000, 7975081,   36647,   18566,       0,       0,       0,       0,       0,       0,       0,       0,       0,       0,       0,       0,       0,       0,       0,       0,  120262,   30177,   23559,   34247,   30141,    6480,  -18624,   10069,   21303,   17565,   -1295,   27680,  118828,  117937,    1434,    2325,  100.0,   55.9,   30.1,   10.5,   37.4,    4.4,    7.9,    6.1,   11.6,    2.0,    2.9,    7.3,   99.5,   99.8,    0.5,    0.2,  100.0,   55.9,   30.1,   10.5,   37.4,    4.4,    7.9,    6.1,   11.6,    2.0,    2.9,    7.3,   99.5,   99.8,    0.5,    0.2,  100.0,    0.0,    0.0,    0.0,    0.0,    0.0,    0.0,    0.0,    0.0,    0.0,    0.0,    0.0,    0.0,    0.0,    0.0,    0.0,    280,    148,    114,     21,     20,     26,     13,     12,     22,     31,     26,     47,    263,    219,    280,    148,    114,     21,     20,     26,     13,     12,     22,     31,     26,     47,    263,    219,      0,      0,      0,      0,      0,      0,      0,      0,      0,      0,      0,      0,      0,      0,    21.7,    34.0,    34.2,    49.2,    17.2,    30.1,    28.2,    43.3,    21.7,    34.0,    34.2,    49.2,    17.2,    30.1,    28.2,    43.3,     0.0,     0.0,     0.0,     0.0,     0.0,     0.0,     0.0,     0.0,"(Contracts of 2,500  MMBTU'S)","023391","IFED","023 ","N13","Combined"
"NAT GAS ICE PEN - ICE FUTURES ENERGY DIV",260818,2026-08-18,023392,IFED,01,023 , 4539424,  541278,  521497,   15463,   92093, 1143253,   20887,  169693, 1414226,  209781,    3901, 1193295, 4538184, 4537957,    1241,    1467, 4539424,  541278,  521497,   15463,   92093, 1143253,   20887,  169693, 1414226,  209781,    3901, 1193295, 4538184, 4537957,    1241,    1467,       0,       0,       0,       0,       0,       0,       0,       0,       0,       0,       0,       0,       0,       0,       0,       0,  101993,   -6019,   -7821,    1860,   12514,   -3786,    2413,   29798,   27931,   36786,     585,   42802,  101987,  102023,       6,     -30,  100.0,   11.9,   11.5,    0.3,    2.0,   25.2,    0.5,    3.7,   31.2,    4.6,    0.1,   26.3,  100.0,  100.0,    0.0,    0.0,  100.0,   11.9,   11.5,    0.3,    2.0,   25.2,    0.5,    3.7,   31.2,    4.6,    0.1,   26.3,  100.0,  100.0,    0.0,    0.0,  100.0,    0.0,    0.0,    0.0,    0.0,    0.0,    0.0,    0.0,    0.0,    0.0,    0.0,    0.0,    0.0,    0.0,    0.0,    0.0,    100,     38,     34,      8,     11,     19,      5,     10,     15,     18,     10,     28,    100,     96,    100,     38,     34,      8,     11,     19,      5,     10,     15,     18,     10,     28,    100,     96,      0,      0,      0,      0,      0,      0,      0,      0,      0,      0,      0,      0,      0,      0,    34.1,    37.1,    56.1,    59.3,     2.7,     4.0,     4.4,     5.2,    34.1,    37.1,    56.1,    59.3,     2.7,     4.0,     4.4,     5.2,     0.0,     0.0,     0.0,     0.0,     0.0,     0.0,     0.0,     0.0,"(Contracts of 2,500  MMBTU'S)","023392","IFED","023 ","N13","Combined"
"SOCAL BORDER FIN BASIS - ICE FUTURES ENERGY DIV",260818,2026-08-18,023393,IFED,01,023 ,  272144,  147911,  213526,   59077,   15889,   17294,   22513,    5158,    6039,    2422,     615,    3598,  258854,  262119,   13290,   10025,  272144,  147911,  213526,   59077,   15889,   17294,   22513,    5158,    6039,    2422,     615,    3598,  258854,  262119,   13290,   10025,       0,       0,       0,       0,       0,       0,       0,       0,       0,       0,       0,       0,       0,       0,       0,       0,     908,    2531,    1182,     -67,   -1594,     823,   -3950,    -249,     438,      56,       0,     160,      -9,     760,     917,     148,  100.0,   54.4,   78.5,   21.7,    5.8,    6.4,    8.3,    1.9,    2.2,    0.9,    0.2,    1.3,   95.1,   96.3,    4.9,    3.7,  100.0,   54.4,   78.5,   21.7,    5.8,    6.4,    8.3,    1.9,    2.2,    0.9,    0.2,    1.3,   95.1,   96.3,    4.9,    3.7,  100.0,    0.0,    0.0,    0.0,    0.0,    0.0,    0.0,    0.0,    0.0,    0.0,    0.0,    0.0,    0.0,    0.0,    0.0,    0.0,     52,     25,     25,      4,      5,      6,      4,      4,      5,.,.,      5,     45,     44,     52,     25,     25,      4,      5,      6,      4,      4,      5,.,.,      5,     45,     44,      0,      0,      0,      0,      0,      0,      0,      0,      0,      0,      0,      0,      0,      0,    40.7,    56.2,    61.2,    68.5,    39.6,    52.1,    59.3,    61.8,    40.7,    56.2,    61.2,    68.5,    39.6,    52.1,    59.3,    61.8,     0.0,     0.0,     0.0,     0.0,     0.0,     0.0,     0.0,     0.0,"(Contracts of 2,500  MMBTU'S)","023393","IFED","023 ","N13","Combined"
"PG&E CITYGATE FIN BASIS - ICE FUTURES ENERGY DIV",260818,2026-08-18,023394,IFED,01,023 ,  181397,  141143,  131123,   12061,   24390,    6108,    4549,    8126,    4426,    2572,    1304,     743,  171602,  176220,    9795,    5177,  181397,  141143,  131123,   12061,   24390,    6108,    4549,    8126,    4426,    2572,    1304,     743,  171602,  176220,    9795,    5177,       0,       0,       0,       0,       0,       0,       0,       0,       0,       0,       0,       0,       0,       0,       0,       0,    8309,    3927,    5947,   -1516,    -706,    2585,    2351,     -77,     111,     441,     312,      52,    7951,    8224,     358,      85,  100.0,   77.8,   72.3,    6.6,   13.4,    3.4,    2.5,    4.5,    2.4,    1.4,    0.7,    0.4,   94.6,   97.1,    5.4,    2.9,  100.0,   77.8,   72.3,    6.6,   13.4,    3.4,    2.5,    4.5,    2.4,    1.4,    0.7,    0.4,   94.6,   97.1,    5.4,    2.9,  100.0,    0.0,    0.0,    0.0,    0.0,    0.0,    0.0,    0.0,    0.0,    0.0,    0.0,    0.0,    0.0,    0.0,    0.0,    0.0,     48,     29,     23,      5,.,      8,.,      4,      4,.,.,.,     46,     40,     48,     29,     23,      5,.,      8,.,      4,      4,.,.,.,     46,     40,      0,      0,      0,      0,      0,      0,      0,      0,      0,      0,      0,      0,      0,      0,    47.0,    59.0,    61.5,    75.0,    46.8,    52.5,    59.0,    67.1,    47.0,    59.0,    61.5,    75.0,    46.8,    52.5,    59.0,    67.1,     0.0,     0.0,     0.0,     0.0,     0.0,     0.0,     0.0,     0.0,"(Contracts of 2,500  MMBTU'S)","023394","IFED","023 ","N13","Combined"
"NWP ROCKIES FIN BASIS - ICE FUTURES ENERGY DIV",260818,2026-08-18,023395,IFED,01,023 ,  379678,  242178,  222703,   79858,  123557,   10642,   27080,    2934,    4016,       0,    2874,    3935,  367709,  370661,   11969,    9017,  379678,  242178,  222703,   79858,  123557,   10642,   27080,    2934,    4016,       0,    2874,    3935,  367709,  370661,   11969,    9017,       0,       0,       0,       0,       0,       0,       0,       0,       0,       0,       0,       0,       0,       0,       0,       0,    6397,    1433,    4005,    2667,    2074,     865,    2160,    -605,    -655,       0,    -508,     153,    6623,    5329,    -226,    1068,  100.0,   63.8,   58.7,   21.0,   32.5,    2.8,    7.1,    0.8,    1.1,    0.0,    0.8,    1.0,   96.8,   97.6,    3.2,    2.4,  100.0,   63.8,   58.7,   21.0,   32.5,    2.8,    7.1,    0.8,    1.1,    0.0,    0.8,    1.0,   96.8,   97.6,    3.2,    2.4,  100.0,    0.0,    0.0,    0.0,    0.0,    0.0,    0.0,    0.0,    0.0,    0.0,    0.0,    0.0,    0.0,    0.0,    0.0,    0.0,     65,     29,     31,      9,      8,     11,      7,.,      5,      0,.,.,     55,     52,     65,     29,     31,      9,      8,     11,      7,.,      5,      0,.,.,     55,     52,      0,      0,      0,      0,      0,      0,      0,      0,      0,      0,      0,      0,      0,      0,    47.9,    44.5,    64.2,    63.3,    36.8,    40.1,    51.8,    53.4,    47.9,    44.5,    64.2,    63.3,    36.8,    40.1,    51.8,    53.4,     0.0,     0.0,     0.0,     0.0,     0.0,     0.0,     0.0,     0.0,"(Contracts of 2,500  MMBTU'S)","023395","IFED","023 ","N13","Combined"
"AECO FIN BASIS - ICE FUTURES ENERGY DIV",260818,2026-08-18,023396,IFED,01,023 ,  984452,  842129,  228090,   56927,  705695,   25049,   15128,    3906,   10187,   15051,    4228,    1674,  966145,  978829,   18307,    5623,  984452,  842129,  228090,   56927,  705695,   25049,   15128,    3906,   10187,   15051,    4228,    1674,  966145,  978829,   18307,    5623,       0,       0,       0,       0,       0,       0,       0,       0,       0,       0,       0,       0,       0,       0,       0,       0,    -319,     545,     -21,     114,    -516,      44,   -3154,   -2184,    2244,     150,   -2452,      73,      16,   -2812,    -335,    2493,  100.0,   85.5,   23.2,    5.8,   71.7,    2.5,    1.5,    0.4,    1.0,    1.5,    0.4,    0.2,   98.1,   99.4,    1.9,    0.6,  100.0,   85.5,   23.2,    5.8,   71.7,    2.5,    1.5,    0.4,    1.0,    1.5,    0.4,    0.2,   98.1,   99.4,    1.9,    0.6,  100.0,    0.0,    0.0,    0.0,    0.0,    0.0,    0.0,    0.0,    0.0,    0.0,    0.0,    0.0,    0.0,    0.0,    0.0,    0.0,     60,     34,     21,      5,      8,      8,      5,.,      7,.,.,.,     54,     42,     60,     34,     21,      5,      8,      8,      5,.,      7,.,.,.,     54,     42,      0,      0,      0,      0,      0,      0,      0,      0,      0,      0,      0,      0,      0,      0,    44.5,    52.4,    60.2,    78.4,    39.3,    52.3,    54.0,    73.9,    44.5,    52.4,    60.2,    78.4,    39.3,    52.3,    54.0,    73.9,     0.0,     0.0,     0.0,     0.0,     0.0,     0.0,     0.0,     0.0,"(Contracts of 2,500  MMBTU'S)","023396","IFED","023 ","N13","Combined"
"CHICAGO FIN BASIS - ICE FUTURES ENERGY DIV",260818,2026-08-18,023397,IFED,01,023 ,  362157,  277916,  311886,   55653,   29737,    3943,    4684,    2247,    3192,    5274,     521,    1667,  352329,  353193,    9828,    8964,  362157,  277916,  311886,   55653,   29737,    3943,    4684,    2247,    3192,    5274,     521,    1667,  352329,  353193,    9828,    8964,       0,       0,       0,       0,       0,       0,       0,       0,       0,       0,       0,       0,       0,       0,       0,       0,   -5009,   -5287,   -2820,     505,       0,     224,     544,   -1996,    -220,     893,     521,    -839,   -4180,   -5130,    -829,     121,  100.0,   76.7,   86.1,   15.4,    8.2,    1.1,    1.3,    0.6,    0.9,    1.5,    0.1,    0.5,   97.3,   97.5,    2.7,    2.5,  100.0,   76.7,   86.1,   15.4,    8.2,    1.1,    1.3,    0.6,    0.9,    1.5,    0.1,    0.5,   97.3,   97.5,    2.7,    2.5,  100.0,    0.0,    0.0,    0.0,    0.0,    0.0,    0.0,    0.0,    0.0,    0.0,    0.0,    0.0,    0.0,    0.0,    0.0,    0.0,     58,     32,     27,      8,.,      5,      4,      4,.,.,.,.,     51,     41,     58,     32,     27,      8,.,      5,      4,      4,.,.,.,.,     51,     41,      0,      0,      0,      0,      0,      0,      0,      0,      0,      0,      0,      0,      0,      0,    43.8,    41.5,    61.1,    65.0,    32.3,    33.5,    42.1,    44.2,    43.8,    41.5,    61.1,    65.0,    32.3,    33.5,    42.1,    44.2,     0.0,     0.0,     0.0,     0.0,     0.0,     0.0,     0.0,     0.0,"(Contracts of 2,500  MMBTU'S)","023397","IFED","023 ","N13","Combined"
"HSC FIN BASIS - ICE FUTURES ENERGY DIV",260818,2026-08-18,023398,IFED,01,023 ,  879854,  565738,  530970,  237595,  138315,   34842,    2040,  119451,   20753,    8708,   22459,    3344,  873020,  870134,    6834,    9720,  879854,  565738,  530970,  237595,  138315,   34842,    2040,  119451,   20753,    8708,   22459,    3344,  873020,  870134,    6834,    9720,       0,       0,       0,       0,       0,       0,       0,       0,       0,       0,       0,       0,       0,       0,       0,       0,   11615,    9816,    5733,    4029,   -2993,     103,     240,    5898,      35,   -1662,     300,     437,   12998,    9513,   -1383,    2102,  100.0,   64.3,   60.3,   27.0,   15.7,    4.0,    0.2,   13.6,    2.4,    1.0,    2.6,    0.4,   99.2,   98.9,    0.8,    1.1,  100.0,   64.3,   60.3,   27.0,   15.7,    4.0,    0.2,   13.6,    2.4,    1.0,    2.6,    0.4,   99.2,   98.9,    0.8,    1.1,  100.0,    0.0,    0.0,    0.0,    0.0,    0.0,    0.0,    0.0,    0.0,    0.0,    0.0,    0.0,    0.0,    0.0,    0.0,    0.0,     97,     45,     41,      9,     12,     11,.,     14,      7,      4,.,.,     70,     79,     97,     45,     41,      9,     12,     11,.,     14,      7,      4,.,.,     70,     79,      0,      0,      0,      0,      0,      0,      0,      0,      0,      0,      0,      0,      0,      0,    30.1,    27.3,    51.0,    42.6,    29.2,    26.6,    48.2,    41.3,    30.1,    27.3,    51.0,    42.6,    29.2,    26.6,    48.2,    41.3,     0.0,     0.0,     0.0,     0.0,     0.0,     0.0,     0.0,     0.0,"(Contracts of 2,500  MMBTU'S)","023398","IFED","023 ","N13","Combined"
"WAHA FIN BASIS - ICE FUTURES ENERGY DIV",260818,2026-08-18,023399,IFED,01,023 ,  721409,  605717,  276388,   26426,  347923,   15018,   26041,   12643,   29697,       0,   21279,   12514,  715413,  715462,    5996,    5947,  721409,  605717,  276388,   26426,  347923,   15018,   26041,   12643,   29697,       0,   21279,   12514,  715413,  715462,    5996,    5947,       0,       0,       0,       0,       0,       0,       0,       0,       0,       0,       0,       0,       0,       0,       0,       0,    8430,    8043,   12652,     328,   -2455,    -509,     430,     477,    -574,       0,   -1287,     238,    7956,    8542,     474,    -112,  100.0,   84.0,   38.3,    3.7,   48.2,    2.1,    3.6,    1.8,    4.1,    0.0,    2.9,    1.7,   99.2,   99.2,    0.8,    0.8,  100.0,   84.0,   38.3,    3.7,   48.2,    2.1,    3.6,    1.8,    4.1,    0.0,    2.9,    1.7,   99.2,   99.2,    0.8,    0.8,  100.0,    0.0,    0.0,    0.0,    0.0,    0.0,    0.0,    0.0,    0.0,    0.0,    0.0,    0.0,    0.0,    0.0,    0.0,    0.0,     81,     43,     29,      5,     16,     13,      5,      4,      7,      0,      6,.,     69,     63,     81,     43,     29,      5,     16,     13,      5,      4,      7,      0,      6,.,     69,     63,      0,      0,      0,      0,      0,      0,      0,      0,      0,      0,      0,      0,      0,      0,    27.7,    40.5,    46.7,    58.9,    22.3,    34.3,    38.7,    49.2,    27.7,    40.5,    46.7,    58.9,    22.3,    34.3,    38.7,    49.2,     0.0,     0.0,     0.0,     0.0,     0.0,     0.0,     0.0,     0.0,"(Contracts of 2,500  MMBTU'S)","023399","IFED","023 ","N13","Combined"
"ALGONQUIN CITYGATES BASIS - ICE FUTURES ENERGY DIV",260818,2026-08-18,02339E,IFED,01,023 ,  108451,   83798,   90209,   15635,       0,     155,     375,    2427,     516,    1407,    5670,       5,  101891,   98982,    6560,    9469,  108451,   83798,   90209,   15635,       0,     155,     375,    2427,     516,    1407,    5670,       5,  101891,   98982,    6560,    9469,       0,       0,       0,       0,       0,       0,       0,       0,       0,       0,       0,       0,       0,       0,       0,       0,    2199,     125,     645,     856,       0,       0,      59,    -210,       0,      31,     181,       0,    1071,     616,    1128,    1583,  100.0,   77.3,   83.2,   14.4,    0.0,    0.1,    0.3,    2.2,    0.5,    1.3,    5.2,    0.0,   94.0,   91.3,    6.0,    8.7,  100.0,   77.3,   83.2,   14.4,    0.0,    0.1,    0.3,    2.2,    0.5,    1.3,    5.2,    0.0,   94.0,   91.3,    6.0,    8.7,  100.0,    0.0,    0.0,    0.0,    0.0,    0.0,    0.0,    0.0,    0.0,    0.0,    0.0,    0.0,    0.0,    0.0,    0.0,    0.0,     28,      9,     13,      4,      0,.,.,.,.,.,.,.,     16,     19,     28,      9,     13,      4,      0,.,.,.,.,.,.,.,     16,     19,      0,      0,      0,      0,      0,      0,      0,      0,      0,      0,      0,      0,      0,      0,    71.9,    60.3,    87.1,    79.7,    69.6,    59.4,    83.7,    78.0,    71.9,    60.3,    87.1,    79.7,    69.6,    59.4,    83.7,    78.0,     0.0,     0.0,     0.0,     0.0,     0.0,     0.0,     0.0,     0.0,"(Contracts of 2,500  MMBTU'S)","02339E","IFED","023 ","N13","Combined"
"CG-MAINLINE FINANCIAL INDEX - ICE FUTURES ENERGY DIV",260818,2026-08-18,02339P,IFED,01,023 ,   34453,   29332,   24748,    4752,     496,       0,       0,    7760,       0,       0,       0,       0,   34084,   33004,     369,    1449,   34453,   29332,   24748,    4752,     496,       0,       0,    7760,       0,       0,       0,       0,   34084,   33004,     369,    1449,       0,       0,       0,       0,       0,       0,       0,       0,       0,       0,       0,       0,       0,       0,       0,       0,    2312,    2498,    2132,     120,       0,       0,       0,     180,       0,       0,       0,       0,    2618,    2312,    -306,       0,  100.0,   85.1,   71.8,   13.8,    1.4,    0.0,    0.0,   22.5,    0.0,    0.0,    0.0,    0.0,   98.9,   95.8,    1.1,    4.2,  100.0,   85.1,   71.8,   13.8,    1.4,    0.0,    0.0,   22.5,    0.0,    0.0,    0.0,    0.0,   98.9,   95.8,    1.1,    4.2,  100.0,    0.0,    0.0,    0.0,    0.0,    0.0,    0.0,    0.0,    0.0,    0.0,    0.0,    0.0,    0.0,    0.0,    0.0,    0.0,     29,     12,     11,.,.,      0,      0,.,      0,      0,      0,      0,     15,     15,     29,     12,     11,.,.,      0,      0,.,      0,      0,      0,      0,     15,     15,      0,      0,      0,      0,      0,      0,      0,      0,      0,      0,      0,      0,      0,      0,    64.5,    52.9,    86.2,    81.0,    64.5,    52.9,    86.2,    79.0,    64.5,    52.9,    86.2,    81.0,    64.5,    52.9,    86.2,    79.0,     0.0,     0.0,     0.0,     0.0,     0.0,     0.0,     0.0,     0.0,"(Contracts of 2,500  MMBTU'S)","02339P","IFED","023 ","N13","Combined"
"CHICAGO CITYGATE (INDEX) - ICE FUTURES ENERGY DIV",260818,2026-08-18,02339Q,IFED,01,023 ,   92726,   58867,   83851,   29812,    2468,    1812,     310,    2558,     240,       0,     300,       0,   91041,   91229,    1685,    1497,   92726,   58867,   83851,   29812,    2468,    1812,     310,    2558,     240,       0,     300,       0,   91041,   91229,    1685,    1497,       0,       0,       0,       0,       0,       0,       0,       0,       0,       0,       0,       0,       0,       0,       0,       0,    6199,    4925,    6717,     854,    -548,       0,       0,    -240,     240,       0,       0,       0,    6019,    6169,     180,      30,  100.0,   63.5,   90.4,   32.2,    2.7,    2.0,    0.3,    2.8,    0.3,    0.0,    0.3,    0.0,   98.2,   98.4,    1.8,    1.6,  100.0,   63.5,   90.4,   32.2,    2.7,    2.0,    0.3,    2.8,    0.3,    0.0,    0.3,    0.0,   98.2,   98.4,    1.8,    1.6,  100.0,    0.0,    0.0,    0.0,    0.0,    0.0,    0.0,    0.0,    0.0,    0.0,    0.0,    0.0,    0.0,    0.0,    0.0,    0.0,     37,     21,     15,      6,.,.,.,.,.,      0,.,      0,     30,     18,     37,     21,     15,      6,.,.,.,.,.,      0,.,      0,     30,     18,      0,      0,      0,      0,      0,      0,      0,      0,      0,      0,      0,      0,      0,      0,    55.0,    71.5,    75.2,    87.2,    54.2,    65.7,    69.2,    76.2,    55.0,    71.5,    75.2,    87.2,    54.2,    65.7,    69.2,    76.2,     0.0,     0.0,     0.0,     0.0,     0.0,     0.0,     0.0,     0.0,"(Contracts of 2,500  MMBTU'S)","02339Q","IFED","023 ","N13","Combined"
"CIG ROCKIES FINANCIAL INDEX - ICE FUTURES ENERGY DIV",260818,2026-08-18,02339S,IFED,01,023 ,   29868,   27196,   10542,     190,       0,     244,       0,   16935,     248,     277,     406,      90,   28245,   28465,    1623,    1403,   29868,   27196,   10542,     190,       0,     244,       0,   16935,     248,     277,     406,      90,   28245,   28465,    1623,    1403,       0,       0,       0,       0,       0,       0,       0,       0,       0,       0,       0,       0,       0,       0,       0,       0,    9730,    9702,    4996,       0,       0,       0,       0,    4352,       0,      60,     -90,      90,    9852,    9348,    -122,     382,  100.0,   91.1,   35.3,    0.6,    0.0,    0.8,    0.0,   56.7,    0.8,    0.9,    1.4,    0.3,   94.6,   95.3,    5.4,    4.7,  100.0,   91.1,   35.3,    0.6,    0.0,    0.8,    0.0,   56.7,    0.8,    0.9,    1.4,    0.3,   94.6,   95.3,    5.4,    4.7,  100.0,    0.0,    0.0,    0.0,    0.0,    0.0,    0.0,    0.0,    0.0,    0.0,    0.0,    0.0,    0.0,    0.0,    0.0,    0.0,     29,     18,     14,.,      0,.,      0,      4,.,.,.,.,     22,     20,     29,     18,     14,.,      0,.,      0,      4,.,.,.,.,     22,     20,      0,      0,      0,      0,      0,      0,      0,      0,      0,      0,      0,      0,      0,      0,    58.5,    67.4,    76.2,    80.2,    41.6,    59.4,    58.5,    67.4,    58.5,    67.4,    76.2,    80.2,    41.6,    59.4,    58.5,    67.4,     0.0,     0.0,     0.0,     0.0,     0.0,     0.0,     0.0,     0.0,"(Contracts of 2,500 MMBTU'S)","02339S","IFED","023 ","N13","Combined"
"CIG ROCKIES BASIS - ICE FUTURES ENERGY DIV",260818,2026-08-18,02339U,IFED,01,023 ,  421180,  378282,  146504,    3162,  197955,    9752,   10776,   49695,    4463,    2513,    4006,     799,  409747,  413174,   11433,    8006,  421180,  378282,  146504,    3162,  197955,    9752,   10776,   49695,    4463,    2513,    4006,     799,  409747,  413174,   11433,    8006,       0,       0,       0,       0,       0,       0,       0,       0,       0,       0,       0,       0,       0,       0,       0,       0,   10629,    5318,    8383,     611,   -2654,    2038,     176,    1060,      26,   -1130,     458,      62,    7101,    9373,    3528,    1256,  100.0,   89.8,   34.8,    0.8,   47.0,    2.3,    2.6,   11.8,    1.1,    0.6,    1.0,    0.2,   97.3,   98.1,    2.7,    1.9,  100.0,   89.8,   34.8,    0.8,   47.0,    2.3,    2.6,   11.8,    1.1,    0.6,    1.0,    0.2,   97.3,   98.1,    2.7,    1.9,  100.0,    0.0,    0.0,    0.0,    0.0,    0.0,    0.0,    0.0,    0.0,    0.0,    0.0,    0.0,    0.0,    0.0,    0.0,    0.0,     58,     32,     20,.,     12,      7,.,      5,      5,.,.,.,     48,     43,     58,     32,     20,.,     12,      7,.,      5,      5,.,.,.,     48,     43,      0,      0,      0,      0,      0,      0,      0,      0,      0,      0,      0,      0,      0,      0,    46.9,    56.4,    62.9,    73.5,    34.4,    48.0,    48.4,    58.1,    46.9,    56.4,    62.9,    73.5,    34.4,    48.0,    48.4,    58.1,     0.0,     0.0,     0.0,     0.0,     0.0,     0.0,     0.0,     0.0,"2500 mmbtu","02339U","IFED","023 ","N13","Combined"
"TCO Basis  - ICE FUTURES ENERGY DIV",260818,2026-08-18,02339W,IFED,01,023 ,  225603,  193689,   31875,   15316,  172203,    8290,    1282,    1251,     512,       0,       0,       0,  219089,  214131,    6514,   11472,  225603,  193689,   31875,   15316,  172203,    8290,    1282,    1251,     512,       0,       0,       0,  219089,  214131,    6514,   11472,       0,       0,       0,       0,       0,       0,       0,       0,       0,       0,       0,       0,       0,       0,       0,       0,    5513,    5486,    1164,    -139,    1969,    1015,    -392,      60,      -4,       0,       0,       0,    5966,    4204,    -453,    1309,  100.0,   85.9,   14.1,    6.8,   76.3,    3.7,    0.6,    0.6,    0.2,    0.0,    0.0,    0.0,   97.1,   94.9,    2.9,    5.1,  100.0,   85.9,   14.1,    6.8,   76.3,    3.7,    0.6,    0.6,    0.2,    0.0,    0.0,    0.0,   97.1,   94.9,    2.9,    5.1,  100.0,    0.0,    0.0,    0.0,    0.0,    0.0,    0.0,    0.0,    0.0,    0.0,    0.0,    0.0,    0.0,    0.0,    0.0,    0.0,     38,     18,      9,.,     11,      4,.,.,.,      0,      0,      0,     24,     24,     38,     18,      9,.,     11,      4,.,.,.,      0,      0,      0,     24,     24,      0,      0,      0,      0,      0,      0,      0,      0,      0,      0,      0,      0,      0,      0,    52.5,    54.4,    73.7,    78.5,    52.5,    53.8,    72.2,    77.6,    52.5,    54.4,    73.7,    78.5,    52.5,    53.8,    72.2,    77.6,     0.0,     0.0,     0.0,     0.0,     0.0,     0.0,     0.0,     0.0,"2500 mm btu","02339W","IFED","023 ","N13","Combined"
"CG Mainline Basis - ICE FUTURES ENERGY DIV",260818,2026-08-18,02339Y,IFED,01,023 ,  330867,  309071,  219426,    1551,   78851,    5550,    3791,   18330,    2680,    1812,      31,     212,  324667,  325080,    6200,    5787,  330867,  309071,  219426,    1551,   78851,    5550,    3791,   18330,    2680,    1812,      31,     212,  324667,  325080,    6200,    5787,       0,       0,       0,       0,       0,       0,       0,       0,       0,       0,       0,       0,       0,       0,       0,       0,    7546,    7571,    2301,     237,    3617,     416,    -540,    1313,    -651,     453,       0,       0,    7486,    6996,      60,     550,  100.0,   93.4,   66.3,    0.5,   23.8,    1.7,    1.1,    5.5,    0.8,    0.5,    0.0,    0.1,   98.1,   98.3,    1.9,    1.7,  100.0,   93.4,   66.3,    0.5,   23.8,    1.7,    1.1,    5.5,    0.8,    0.5,    0.0,    0.1,   98.1,   98.3,    1.9,    1.7,  100.0,    0.0,    0.0,    0.0,    0.0,    0.0,    0.0,    0.0,    0.0,    0.0,    0.0,    0.0,    0.0,    0.0,    0.0,    0.0,     44,     18,     15,.,      9,      5,.,      5,.,.,.,.,     29,     32,     44,     18,     15,.,      9,      5,.,      5,.,.,.,.,     29,     32,      0,      0,      0,      0,      0,      0,      0,      0,      0,      0,      0,      0,      0,      0,    75.0,    68.1,    87.5,    80.3,    74.7,    68.0,    86.9,    79.1,    75.0,    68.1,    87.5,    80.3,    74.7,    68.0,    86.9,    79.1,     0.0,     0.0,     0.0,     0.0,     0.0,     0.0,     0.0,     0.0,"2500 mmbtu","02339Y","IFED","023 ","N13","Combined"
"DOMINION - SOUTH POINT - ICE FUTURES ENERGY DIV",260818,2026-08-18,0233A2,IFED,01,023 ,   44954,   16970,   33041,   12034,    3537,    1380,    7799,    2617,     787,    2798,     540,       0,   41768,   41902,    3186,    3052,   44954,   16970,   33041,   12034,    3537,    1380,    7799,    2617,     787,    2798,     540,       0,   41768,   41902,    3186,    3052,       0,       0,       0,       0,       0,       0,       0,       0,       0,       0,       0,       0,       0,       0,       0,       0,    1980,     300,    -120,     600,    -990,     990,       0,    1050,       0,       0,     540,       0,    1890,    1470,      90,     510,  100.0,   37.7,   73.5,   26.8,    7.9,    3.1,   17.3,    5.8,    1.8,    6.2,    1.2,    0.0,   92.9,   93.2,    7.1,    6.8,  100.0,   37.7,   73.5,   26.8,    7.9,    3.1,   17.3,    5.8,    1.8,    6.2,    1.2,    0.0,   92.9,   93.2,    7.1,    6.8,  100.0,    0.0,    0.0,    0.0,    0.0,    0.0,    0.0,    0.0,    0.0,    0.0,    0.0,    0.0,    0.0,    0.0,    0.0,    0.0,     33,     14,     15,.,.,.,.,.,.,.,.,      0,     22,     20,     33,     14,     15,.,.,.,.,.,.,.,.,      0,     22,     20,      0,      0,      0,      0,      0,      0,      0,      0,      0,      0,      0,      0,      0,      0,    55.1,    46.8,    73.0,    74.6,    55.1,    42.5,    72.4,    64.8,    55.1,    46.8,    73.0,    74.6,    55.1,    42.5,    72.4,    64.8,     0.0,     0.0,     0.0,     0.0,     0.0,     0.0,     0.0,     0.0,"2500 mmbtu","0233A2","IFED","023 ","N13","Combined"
"DOMINION - SOUTH POINT (BASIS) - ICE FUTURES ENERGY DIV",260818,2026-08-18,0233A3,IFED,01,023 ,  771441,  633127,  198130,   13224,  447092,   35848,   28025,   48550,   17728,   17124,    7977,    7640,  752716,  762965,   18725,    8476,  771441,  633127,  198130,   13224,  447092,   35848,   28025,   48550,   17728,   17124,    7977,    7640,  752716,  762965,   18725,    8476,       0,       0,       0,       0,       0,       0,       0,       0,       0,       0,       0,       0,       0,       0,       0,       0,   13272,   12576,   -1637,   -1092,    1913,    3947,   -3222,     959,    3378,     364,    3913,   -1601,   14350,   10872,   -1078,    2400,  100.0,   82.1,   25.7,    1.7,   58.0,    4.6,    3.6,    6.3,    2.3,    2.2,    1.0,    1.0,   97.6,   98.9,    2.4,    1.1,  100.0,   82.1,   25.7,    1.7,   58.0,    4.6,    3.6,    6.3,    2.3,    2.2,    1.0,    1.0,   97.6,   98.9,    2.4,    1.1,  100.0,    0.0,    0.0,    0.0,    0.0,    0.0,    0.0,    0.0,    0.0,    0.0,    0.0,    0.0,    0.0,    0.0,    0.0,    0.0,     88,     42,     33,.,     17,     10,.,     12,      7,      4,      5,      5,     67,     72,     88,     42,     33,.,     17,     10,.,     12,      7,      4,      5,      5,     67,     72,      0,      0,      0,      0,      0,      0,      0,      0,      0,      0,      0,      0,      0,      0,    33.5,    37.7,    48.9,    54.3,    32.9,    33.6,    44.8,    50.0,    33.5,    37.7,    48.9,    54.3,    32.9,    33.6,    44.8,    50.0,     0.0,     0.0,     0.0,     0.0,     0.0,     0.0,     0.0,     0.0,"2500 mmbtu","0233A3","IFED","023 ","N13","Combined"
"EP SAN JUAN BASIS - ICE FUTURES ENERGY DIV",260818,2026-08-18,0233A8,IFED,01,023 ,  270779,  169298,  192142,   65893,   46869,   16065,    2760,     488,    1230,    1091,    6717,     856,  257193,  264367,   13586,    6412,  270779,  169298,  192142,   65893,   46869,   16065,    2760,     488,    1230,    1091,    6717,     856,  257193,  264367,   13586,    6412,       0,       0,       0,       0,       0,       0,       0,       0,       0,       0,       0,       0,       0,       0,       0,       0,   17900,   20166,   13854,    -812,     504,     361,   -3159,       0,    1224,    -716,       0,   -1079,   15985,   14864,    1915,    3036,  100.0,   62.5,   71.0,   24.3,   17.3,    5.9,    1.0,    0.2,    0.5,    0.4,    2.5,    0.3,   95.0,   97.6,    5.0,    2.4,  100.0,   62.5,   71.0,   24.3,   17.3,    5.9,    1.0,    0.2,    0.5,    0.4,    2.5,    0.3,   95.0,   97.6,    5.0,    2.4,  100.0,    0.0,    0.0,    0.0,    0.0,    0.0,    0.0,    0.0,    0.0,    0.0,    0.0,    0.0,    0.0,    0.0,    0.0,    0.0,     34,     16,     10,      6,      5,      7,.,.,.,.,.,.,     29,     23,     34,     16,     10,      6,      5,      7,.,.,.,.,.,.,     29,     23,      0,      0,      0,      0,      0,      0,      0,      0,      0,      0,      0,      0,      0,      0,    46.4,    76.7,    74.6,    87.8,    37.1,    58.3,    57.6,    66.6,    46.4,    76.7,    74.6,    87.8,    37.1,    58.3,    57.6,    66.6,     0.0,     0.0,     0.0,     0.0,     0.0,     0.0,     0.0,     0.0,"2500 mmbtu","0233A8","IFED","023 ","N13","Combined"
"HENRY HUB BASIS - ICE FUTURES ENERGY DIV",260818,2026-08-18,0233AG,IFED,01,023 ,  111993,   30299,   83575,   47460,    1434,    1556,   28429,   21434,       0,    1530,    2908,     240,  109514,  111147,    2479,     846,  111993,   30299,   83575,   47460,    1434,    1556,   28429,   21434,       0,    1530,    2908,     240,  109514,  111147,    2479,     846,       0,       0,       0,       0,       0,       0,       0,       0,       0,       0,       0,       0,       0,       0,       0,       0,    6150,    6054,    4920,     110,       0,       0,   -1750,       0,       0,    1530,    2908,     240,    6184,    8068,     -34,   -1918,  100.0,   27.1,   74.6,   42.4,    1.3,    1.4,   25.4,   19.1,    0.0,    1.4,    2.6,    0.2,   97.8,   99.2,    2.2,    0.8,  100.0,   27.1,   74.6,   42.4,    1.3,    1.4,   25.4,   19.1,    0.0,    1.4,    2.6,    0.2,   97.8,   99.2,    2.2,    0.8,  100.0,    0.0,    0.0,    0.0,    0.0,    0.0,    0.0,    0.0,    0.0,    0.0,    0.0,    0.0,    0.0,    0.0,    0.0,    0.0,     35,     11,     11,      9,.,.,.,.,      0,.,.,.,     25,     19,     35,     11,     11,      9,.,.,.,.,      0,.,.,.,     25,     19,      0,      0,      0,      0,      0,      0,      0,      0,      0,      0,      0,      0,      0,      0,    44.3,    60.5,    67.4,    88.1,    44.3,    58.6,    67.4,    85.7,    44.3,    60.5,    67.4,    88.1,    44.3,    58.6,    67.4,    85.7,     0.0,     0.0,     0.0,     0.0,     0.0,     0.0,     0.0,     0.0,"2500 mmbtu","0233AG","IFED","023 ","N13","Combined"
"HENRY HUB INDEX - ICE FUTURES ENERGY DIV",260818,2026-08-18,0233AH,IFED,01,023 ,  158952,   58724,  108319,   49962,    2029,    1246,   34368,   34981,    1666,    6875,    5122,    3636,  156477,  156999,    2475,    1953,  158952,   58724,  108319,   49962,    2029,    1246,   34368,   34981,    1666,    6875,    5122,    3636,  156477,  156999,    2475,    1953,       0,       0,       0,       0,       0,       0,       0,       0,       0,       0,       0,       0,       0,       0,       0,       0,    7032,    6362,    5532,     290,       0,     150,   -2680,    -930,     930,     112,    -458,    1688,    6852,    6912,     180,     120,  100.0,   36.9,   68.1,   31.4,    1.3,    0.8,   21.6,   22.0,    1.0,    4.3,    3.2,    2.3,   98.4,   98.8,    1.6,    1.2,  100.0,   36.9,   68.1,   31.4,    1.3,    0.8,   21.6,   22.0,    1.0,    4.3,    3.2,    2.3,   98.4,   98.8,    1.6,    1.2,  100.0,    0.0,    0.0,    0.0,    0.0,    0.0,    0.0,    0.0,    0.0,    0.0,    0.0,    0.0,    0.0,    0.0,    0.0,    0.0,     73,     27,     32,      8,.,.,      6,.,      4,      4,      4,      4,     50,     46,     73,     27,     32,      8,.,.,      6,.,      4,      4,      4,      4,     50,     46,      0,      0,      0,      0,      0,      0,      0,      0,      0,      0,      0,      0,      0,      0,    42.0,    47.7,    58.4,    68.2,    40.4,    46.0,    55.4,    64.1,    42.0,    47.7,    58.4,    68.2,    40.4,    46.0,    55.4,    64.1,     0.0,     0.0,     0.0,     0.0,     0.0,     0.0,     0.0,     0.0,"2500 mmbtu","0233AH","IFED","023 ","N13","Combined"
"HOUSTON SHIP CHANNEL (INDEX) - ICE FUTURES ENERGY DIV",260818,2026-08-18,0233AM,IFED,01,023 ,  486459,  215708,  268442,  255633,   17050,    8046,       0,  139205,    1898,       0,   49641,     244,  481529,  484526,    4930,    1933,  486459,  215708,  268442,  255633,   17050,    8046,       0,  139205,    1898,       0,   49641,     244,  481529,  484526,    4930,    1933,       0,       0,       0,       0,       0,       0,       0,       0,       0,       0,       0,       0,       0,       0,       0,       0,   14393,    9888,    5813,    3635,       0,     150,       0,    6391,     720,       0,    1642,       0,   14393,   14716,       0,    -323,  100.0,   44.3,   55.2,   52.5,    3.5,    1.7,    0.0,   28.6,    0.4,    0.0,   10.2,    0.1,   99.0,   99.6,    1.0,    0.4,  100.0,   44.3,   55.2,   52.5,    3.5,    1.7,    0.0,   28.6,    0.4,    0.0,   10.2,    0.1,   99.0,   99.6,    1.0,    0.4,  100.0,    0.0,    0.0,    0.0,    0.0,    0.0,    0.0,    0.0,    0.0,    0.0,    0.0,    0.0,    0.0,    0.0,    0.0,    0.0,     75,     26,     37,     11,.,      5,      0,      8,.,      0,      6,.,     40,     58,     75,     26,     37,     11,.,      5,      0,      8,.,      0,      6,.,     40,     58,      0,      0,      0,      0,      0,      0,      0,      0,      0,      0,      0,      0,      0,      0,    58.5,    43.7,    80.2,    56.4,    58.2,    43.4,    79.8,    56.1,    58.5,    43.7,    80.2,    56.4,    58.2,    43.4,    79.8,    56.1,     0.0,     0.0,     0.0,     0.0,     0.0,     0.0,     0.0,     0.0,"2500 mmbtu","0233AM","IFED","023 ","N13","Combined"
"MICHCON FINANCIAL INDEX - ICE FUTURES ENERGY DIV",260818,2026-08-18,0233AN,IFED,01,023 ,   21701,   18247,   19023,    2629,     217,       0,       0,    1733,       0,       0,       0,       0,   20876,   20973,     825,     728,   21701,   18247,   19023,    2629,     217,       0,       0,    1733,       0,       0,       0,       0,   20876,   20973,     825,     728,       0,       0,       0,       0,       0,       0,       0,       0,       0,       0,       0,       0,       0,       0,       0,       0,    3060,    2280,    1680,     630,       0,       0,       0,    1330,       0,       0,       0,       0,    2910,    3010,     150,      50,  100.0,   84.1,   87.7,   12.1,    1.0,    0.0,    0.0,    8.0,    0.0,    0.0,    0.0,    0.0,   96.2,   96.6,    3.8,    3.4,  100.0,   84.1,   87.7,   12.1,    1.0,    0.0,    0.0,    8.0,    0.0,    0.0,    0.0,    0.0,   96.2,   96.6,    3.8,    3.4,  100.0,    0.0,    0.0,    0.0,    0.0,    0.0,    0.0,    0.0,    0.0,    0.0,    0.0,    0.0,    0.0,    0.0,    0.0,    0.0,     25,     11,     15,.,.,      0,      0,.,      0,      0,      0,      0,     14,     18,     25,     11,     15,.,.,      0,      0,.,      0,      0,      0,      0,     14,     18,      0,      0,      0,      0,      0,      0,      0,      0,      0,      0,      0,      0,      0,      0,    69.4,    46.9,    86.8,    73.3,    63.9,    42.6,    77.6,    64.8,    69.4,    46.9,    86.8,    73.3,    63.9,    42.6,    77.6,    64.8,     0.0,     0.0,     0.0,     0.0,     0.0,     0.0,     0.0,     0.0,"(Contracts of 2,500  MMBTU'S)","0233AN","IFED","023 ","N13","Combined"
"MICHCON BASIS - ICE FUTURES ENERGY DIV",260818,2026-08-18,0233AQ,IFED,01,023 ,  211810,  188461,  123032,       0,   51831,    3097,    4391,   23550,    1435,    1810,       0,     737,  199931,  203682,   11879,    8128,  211810,  188461,  123032,       0,   51831,    3097,    4391,   23550,    1435,    1810,       0,     737,  199931,  203682,   11879,    8128,       0,       0,       0,       0,       0,       0,       0,       0,       0,       0,       0,       0,       0,       0,       0,       0,    6118,   10157,    1767,       0,     840,    -721,    1538,    7979,   -1642,   -1100,       0,      53,    8285,    8276,   -2167,   -2158,  100.0,   89.0,   58.1,    0.0,   24.5,    1.5,    2.1,   11.1,    0.7,    0.9,    0.0,    0.3,   94.4,   96.2,    5.6,    3.8,  100.0,   89.0,   58.1,    0.0,   24.5,    1.5,    2.1,   11.1,    0.7,    0.9,    0.0,    0.3,   94.4,   96.2,    5.6,    3.8,  100.0,    0.0,    0.0,    0.0,    0.0,    0.0,    0.0,    0.0,    0.0,    0.0,    0.0,    0.0,    0.0,    0.0,    0.0,    0.0,     55,     31,     32,      0,      8,.,.,      6,.,.,      0,.,     39,     49,     55,     31,     32,      0,      8,.,.,      6,.,.,      0,.,     39,     49,      0,      0,      0,      0,      0,      0,      0,      0,      0,      0,      0,      0,      0,      0,    52.6,    28.6,    67.3,    49.4,    51.8,    28.0,    63.3,    44.3,    52.6,    28.6,    67.3,    49.4,    51.8,    28.0,    63.3,    44.3,     0.0,     0.0,     0.0,     0.0,     0.0,     0.0,     0.0,     0.0,"2500 mmbtu","0233AQ","IFED","023 ","N13","Combined"
"NAT GAS LD1 for GDD -TEXOK - ICE FUTURES ENERGY DIV",260818,2026-08-18,0233AT,IFED,01,023 ,  132038,  115787,  117396,    6985,       0,    1812,    5675,    9962,       0,     279,    1080,       0,  130538,  130250,    1500,    1788,  132038,  115787,  117396,    6985,       0,    1812,    5675,    9962,       0,     279,    1080,       0,  130538,  130250,    1500,    1788,       0,       0,       0,       0,       0,       0,       0,       0,       0,       0,       0,       0,       0,       0,       0,       0,    2550,    1260,     930,     300,       0,       0,     840,    1620,       0,       0,       0,       0,    2400,    2550,     150,       0,  100.0,   87.7,   88.9,    5.3,    0.0,    1.4,    4.3,    7.5,    0.0,    0.2,    0.8,    0.0,   98.9,   98.6,    1.1,    1.4,  100.0,   87.7,   88.9,    5.3,    0.0,    1.4,    4.3,    7.5,    0.0,    0.2,    0.8,    0.0,   98.9,   98.6,    1.1,    1.4,  100.0,    0.0,    0.0,    0.0,    0.0,    0.0,    0.0,    0.0,    0.0,    0.0,    0.0,    0.0,    0.0,    0.0,    0.0,    0.0,     44,     20,     23,      4,      0,.,.,.,      0,.,.,      0,     28,     27,     44,     20,     23,      4,      0,.,.,.,      0,.,.,      0,     28,     27,      0,      0,      0,      0,      0,      0,      0,      0,      0,      0,      0,      0,      0,      0,    75.7,    43.0,    88.1,    66.7,    74.3,    40.6,    84.2,    64.2,    75.7,    43.0,    88.1,    66.7,    74.3,    40.6,    84.2,    64.2,     0.0,     0.0,     0.0,     0.0,     0.0,     0.0,     0.0,     0.0,"2500 mmbtu","0233AT","IFED","023 ","N13","Combined"
"NGPL MIDCONT BASIS - ICE FUTURES ENERGY DIV",260818,2026-08-18,0233AY,IFED,01,023 ,   98827,   88122,   68118,     136,   13076,    3101,       0,    1552,     428,       0,       0,       0,   91787,   86275,    7040,   12552,   98827,   88122,   68118,     136,   13076,    3101,       0,    1552,     428,       0,       0,       0,   91787,   86275,    7040,   12552,       0,       0,       0,       0,       0,       0,       0,       0,       0,       0,       0,       0,       0,       0,       0,       0,     113,     -32,     396,    -182,       0,     182,       0,       0,       0,       0,       0,       0,     -32,     578,     145,    -465,  100.0,   89.2,   68.9,    0.1,   13.2,    3.1,    0.0,    1.6,    0.4,    0.0,    0.0,    0.0,   92.9,   87.3,    7.1,   12.7,  100.0,   89.2,   68.9,    0.1,   13.2,    3.1,    0.0,    1.6,    0.4,    0.0,    0.0,    0.0,   92.9,   87.3,    7.1,   12.7,  100.0,    0.0,    0.0,    0.0,    0.0,    0.0,    0.0,    0.0,    0.0,    0.0,    0.0,    0.0,    0.0,    0.0,    0.0,    0.0,     24,     15,     14,.,.,.,      0,.,.,      0,      0,      0,     19,     19,     24,     15,     14,.,.,.,      0,.,.,      0,      0,      0,     19,     19,      0,      0,      0,      0,      0,      0,      0,      0,      0,      0,      0,      0,      0,      0,    67.8,    50.4,    85.1,    73.3,    66.1,    48.3,    76.7,    66.7,    67.8,    50.4,    85.1,    73.3,    66.1,    48.3,    76.7,    66.7,     0.0,     0.0,     0.0,     0.0,     0.0,     0.0,     0.0,     0.0,"2500 mmbtu","0233AY","IFED","023 ","N13","Combined"
"NGPL TXOK BASIS - ICE FUTURES ENERGY DIV",260818,2026-08-18,0233B1,IFED,01,023 ,  640266,  577324,  375912,   16814,  166471,   13525,   22018,   61589,    3897,       0,    8104,    1445,  635023,  630943,    5243,    9323,  640266,  577324,  375912,   16814,  166471,   13525,   22018,   61589,    3897,       0,    8104,    1445,  635023,  630943,    5243,    9323,       0,       0,       0,       0,       0,       0,       0,       0,       0,       0,       0,       0,       0,       0,       0,       0,    6573,    5152,   -2981,    -859,     750,      62,     970,    8237,     288,       0,     143,     535,    6148,    7034,     425,    -461,  100.0,   90.2,   58.7,    2.6,   26.0,    2.1,    3.4,    9.6,    0.6,    0.0,    1.3,    0.2,   99.2,   98.5,    0.8,    1.5,  100.0,   90.2,   58.7,    2.6,   26.0,    2.1,    3.4,    9.6,    0.6,    0.0,    1.3,    0.2,   99.2,   98.5,    0.8,    1.5,  100.0,    0.0,    0.0,    0.0,    0.0,    0.0,    0.0,    0.0,    0.0,    0.0,    0.0,    0.0,    0.0,    0.0,    0.0,    0.0,     71,     40,     29,      4,      9,      7,      5,      5,      5,      0,      4,.,     57,     53,     71,     40,     29,      4,      9,      7,      5,      5,      5,      0,      4,.,     57,     53,      0,      0,      0,      0,      0,      0,      0,      0,      0,      0,      0,      0,      0,      0,    43.6,    55.6,    59.8,    67.6,    43.3,    53.9,    58.9,    64.8,    43.6,    55.6,    59.8,    67.6,    43.3,    53.9,    58.9,    64.8,     0.0,     0.0,     0.0,     0.0,     0.0,     0.0,     0.0,     0.0,"2500 mmbtu","0233B1","IFED","023 ","N13","Combined"
"NNG VENTURA BASIS - ICE FUTURES ENERGY DIV",260818,2026-08-18,0233BB,IFED,01,023 ,  146415,   85557,  136047,   36691,    1327,    1437,       0,    4611,      31,       0,      84,     276,  123992,  143813,   22423,    2602,  146415,   85557,  136047,   36691,    1327,    1437,       0,    4611,      31,       0,      84,     276,  123992,  143813,   22423,    2602,       0,       0,       0,       0,       0,       0,       0,       0,       0,       0,       0,       0,       0,       0,       0,       0,   10615,   11655,   10643,    -300,       0,       0,       0,     519,      31,       0,      84,     276,   11662,   11553,   -1047,    -938,  100.0,   58.4,   92.9,   25.1,    0.9,    1.0,    0.0,    3.1,    0.0,    0.0,    0.1,    0.2,   84.7,   98.2,   15.3,    1.8,  100.0,   58.4,   92.9,   25.1,    0.9,    1.0,    0.0,    3.1,    0.0,    0.0,    0.1,    0.2,   84.7,   98.2,   15.3,    1.8,  100.0,    0.0,    0.0,    0.0,    0.0,    0.0,    0.0,    0.0,    0.0,    0.0,    0.0,    0.0,    0.0,    0.0,    0.0,    0.0,     32,     18,     16,      5,.,.,      0,.,.,      0,.,.,     26,     22,     32,     18,     16,      5,.,.,      0,.,.,      0,.,.,     26,     22,      0,      0,      0,      0,      0,      0,      0,      0,      0,      0,      0,      0,      0,      0,    40.2,    66.9,    63.0,    81.3,    37.0,    65.9,    55.4,    76.0,    40.2,    66.9,    63.0,    81.3,    37.0,    65.9,    55.4,    76.0,     0.0,     0.0,     0.0,     0.0,     0.0,     0.0,     0.0,     0.0,"2500 mmbtu","0233BB","IFED","023 ","N13","Combined"
"NWP SUMAS BASIS - ICE FUTURES ENERGY DIV",260818,2026-08-18,0233BC,IFED,01,023 ,   70271,   28180,   51128,   33772,    1852,    1438,     210,     303,       0,     667,       0,       0,   64267,   54721,    6004,   15550,   70271,   28180,   51128,   33772,    1852,    1438,     210,     303,       0,     667,       0,       0,   64267,   54721,    6004,   15550,       0,       0,       0,       0,       0,       0,       0,       0,       0,       0,       0,       0,       0,       0,       0,       0,    1966,    1788,    1940,     302,      90,       0,    -124,    -124,       0,       0,       0,       0,    1966,    1906,       0,      60,  100.0,   40.1,   72.8,   48.1,    2.6,    2.0,    0.3,    0.4,    0.0,    0.9,    0.0,    0.0,   91.5,   77.9,    8.5,   22.1,  100.0,   40.1,   72.8,   48.1,    2.6,    2.0,    0.3,    0.4,    0.0,    0.9,    0.0,    0.0,   91.5,   77.9,    8.5,   22.1,  100.0,    0.0,    0.0,    0.0,    0.0,    0.0,    0.0,    0.0,    0.0,    0.0,    0.0,    0.0,    0.0,    0.0,    0.0,    0.0,     21,      7,     10,      6,.,.,.,.,      0,.,      0,      0,     15,     14,     21,      7,     10,      6,.,.,.,.,      0,.,      0,      0,     15,     14,      0,      0,      0,      0,      0,      0,      0,      0,      0,      0,      0,      0,      0,      0,    62.4,    58.0,    80.7,    72.2,    62.3,    54.2,    75.9,    63.5,    62.4,    58.0,    80.7,    72.2,    62.3,    54.2,    75.9,    63.5,     0.0,     0.0,     0.0,     0.0,     0.0,     0.0,     0.0,     0.0,"2500 mmbtu","0233BC","IFED","023 ","N13","Combined"
"NWP Rockies Index - ICE FUTURES ENERGY DIV",260818,2026-08-18,0233BD,IFED,01,023 ,   28611,   22942,   21956,    1887,    2452,       0,    2310,     938,     519,       0,     895,       0,   27658,   26760,     953,    1851,   28611,   22942,   21956,    1887,    2452,       0,    2310,     938,     519,       0,     895,       0,   27658,   26760,     953,    1851,       0,       0,       0,       0,       0,       0,       0,       0,       0,       0,       0,       0,       0,       0,       0,       0,    5449,    5582,    5010,       0,       0,       0,    -150,    -240,     199,       0,     120,       0,    5631,    5089,    -182,     360,  100.0,   80.2,   76.7,    6.6,    8.6,    0.0,    8.1,    3.3,    1.8,    0.0,    3.1,    0.0,   96.7,   93.5,    3.3,    6.5,  100.0,   80.2,   76.7,    6.6,    8.6,    0.0,    8.1,    3.3,    1.8,    0.0,    3.1,    0.0,   96.7,   93.5,    3.3,    6.5,  100.0,    0.0,    0.0,    0.0,    0.0,    0.0,    0.0,    0.0,    0.0,    0.0,    0.0,    0.0,    0.0,    0.0,    0.0,    0.0,     35,     18,     17,.,.,      0,.,.,.,      0,.,      0,     23,     23,     35,     18,     17,.,.,      0,.,.,.,      0,.,      0,     23,     23,      0,      0,      0,      0,      0,      0,      0,      0,      0,      0,      0,      0,      0,      0,    48.1,    54.4,    68.7,    72.0,    48.1,    54.4,    68.4,    71.4,    48.1,    54.4,    68.7,    72.0,    48.1,    54.4,    68.4,    71.4,     0.0,     0.0,     0.0,     0.0,     0.0,     0.0,     0.0,     0.0,"2500 mmbtu","0233BD","IFED","023 ","N13","Combined"
"ONEOK GAS TRANSPORTATION BASIS - ICE FUTURES ENERGY DIV",260818,2026-08-18,0233BF,IFED,01,023 ,   68412,   57976,    7778,    5477,   54422,    1492,       0,       0,       0,       0,       0,       0,   64945,   63692,    3467,    4720,   68412,   57976,    7778,    5477,   54422,    1492,       0,       0,       0,       0,       0,       0,   64945,   63692,    3467,    4720,       0,       0,       0,       0,       0,       0,       0,       0,       0,       0,       0,       0,       0,       0,       0,       0,.,.,.,.,.,.,.,.,.,.,.,.,.,.,.,.,  100.0,   84.7,   11.4,    8.0,   79.6,    2.2,    0.0,    0.0,    0.0,    0.0,    0.0,    0.0,   94.9,   93.1,    5.1,    6.9,  100.0,   84.7,   11.4,    8.0,   79.6,    2.2,    0.0,    0.0,    0.0,    0.0,    0.0,    0.0,   94.9,   93.1,    5.1,    6.9,  100.0,    0.0,    0.0,    0.0,    0.0,    0.0,    0.0,    0.0,    0.0,    0.0,    0.0,    0.0,    0.0,    0.0,    0.0,    0.0,     20,      8,      9,      4,      6,.,      0,      0,      0,      0,      0,      0,     12,     18,     20,      8,      9,      4,      6,.,      0,      0,      0,      0,      0,      0,     12,     18,      0,      0,      0,      0,      0,      0,      0,      0,      0,      0,      0,      0,      0,      0,    76.9,    71.2,    90.6,    87.6,    74.8,    71.2,    87.4,    86.3,    76.9,    71.2,    90.6,    87.6,    74.8,    71.2,    87.4,    86.3,     0.0,     0.0,     0.0,     0.0,     0.0,     0.0,     0.0,     0.0,"2500 mmbtu","0233BF","IFED","023 ","N13","Combined"
"MALIN (BASIS) - ICE FUTURES ENERGY DIV",260818,2026-08-18,0233BH,IFED,01,023 ,  130596,  100014,   97493,   15159,   15311,    4541,     615,   10127,     765,       0,       0,       0,  121094,  128237,    9502,    2359,  130596,  100014,   97493,   15159,   15311,    4541,     615,   10127,     765,       0,       0,       0,  121094,  128237,    9502,    2359,       0,       0,       0,       0,       0,       0,       0,       0,       0,       0,       0,       0,       0,       0,       0,       0,    5295,    8354,    5965,     240,       0,    -240,       0,     122,     -92,       0,       0,       0,    8262,    5755,   -2967,    -460,  100.0,   76.6,   74.7,   11.6,   11.7,    3.5,    0.5,    7.8,    0.6,    0.0,    0.0,    0.0,   92.7,   98.2,    7.3,    1.8,  100.0,   76.6,   74.7,   11.6,   11.7,    3.5,    0.5,    7.8,    0.6,    0.0,    0.0,    0.0,   92.7,   98.2,    7.3,    1.8,  100.0,    0.0,    0.0,    0.0,    0.0,    0.0,    0.0,    0.0,    0.0,    0.0,    0.0,    0.0,    0.0,    0.0,    0.0,    0.0,     28,     12,     15,      5,.,      5,.,.,.,      0,      0,      0,     20,     24,     28,     12,     15,      5,.,      5,.,.,.,      0,      0,      0,     20,     24,      0,      0,      0,      0,      0,      0,      0,      0,      0,      0,      0,      0,      0,      0,    69.8,    57.9,    82.4,    82.7,    60.0,    52.0,    67.1,    69.7,    69.8,    57.9,    82.4,    82.7,    60.0,    52.0,    67.1,    69.7,     0.0,     0.0,     0.0,     0.0,     0.0,     0.0,     0.0,     0.0,"2500 mmbtu","0233BH","IFED","023 ","N13","Combined"
"PANHANDLE BASIS - ICE FUTURES ENERGY DIV",260818,2026-08-18,0233BL,IFED,01,023 ,  198567,  136377,   65821,    9174,  108555,   10470,   19254,       0,    2174,    1767,       0,     302,  179518,  187322,   19049,   11245,  198567,  136377,   65821,    9174,  108555,   10470,   19254,       0,    2174,    1767,       0,     302,  179518,  187322,   19049,   11245,       0,       0,       0,       0,       0,       0,       0,       0,       0,       0,       0,       0,       0,       0,       0,       0,    1521,    -724,    4644,    -181,   -2798,     428,    -749,       0,       0,     306,    -306,   -1289,   -2209,     679,    3730,     842,  100.0,   68.7,   33.1,    4.6,   54.7,    5.3,    9.7,    0.0,    1.1,    0.9,    0.0,    0.2,   90.4,   94.3,    9.6,    5.7,  100.0,   68.7,   33.1,    4.6,   54.7,    5.3,    9.7,    0.0,    1.1,    0.9,    0.0,    0.2,   90.4,   94.3,    9.6,    5.7,  100.0,    0.0,    0.0,    0.0,    0.0,    0.0,    0.0,    0.0,    0.0,    0.0,    0.0,    0.0,    0.0,    0.0,    0.0,    0.0,     40,     21,     18,.,     10,      9,.,      0,.,.,      0,.,     35,     34,     40,     21,     18,.,     10,      9,.,      0,.,.,      0,.,     35,     34,      0,      0,      0,      0,      0,      0,      0,      0,      0,      0,      0,      0,      0,      0,    39.6,    43.4,    54.7,    65.0,    33.7,    41.1,    44.8,    57.8,    39.6,    43.4,    54.7,    65.0,    33.7,    41.1,    44.8,    57.8,     0.0,     0.0,     0.0,     0.0,     0.0,     0.0,     0.0,     0.0,"2500 mmbtu","0233BL","IFED","023 ","N13","Combined"
"PG&E - CITYGATE (INDEX) - ICE FUTURES ENERGY DIV",260818,2026-08-18,0233BQ,IFED,01,023 ,   32938,   25902,   30287,     303,       0,       0,    2042,     550,     360,       0,    1133,       0,   28607,   32330,    4331,     608,   32938,   25902,   30287,     303,       0,       0,    2042,     550,     360,       0,    1133,       0,   28607,   32330,    4331,     608,       0,       0,       0,       0,       0,       0,       0,       0,       0,       0,       0,       0,       0,       0,       0,       0,    3678,    3498,    3438,    -724,       0,       0,     604,       0,       0,       0,       0,       0,    3378,    3438,     300,     240,  100.0,   78.6,   92.0,    0.9,    0.0,    0.0,    6.2,    1.7,    1.1,    0.0,    3.4,    0.0,   86.9,   98.2,   13.1,    1.8,  100.0,   78.6,   92.0,    0.9,    0.0,    0.0,    6.2,    1.7,    1.1,    0.0,    3.4,    0.0,   86.9,   98.2,   13.1,    1.8,  100.0,    0.0,    0.0,    0.0,    0.0,    0.0,    0.0,    0.0,    0.0,    0.0,    0.0,    0.0,    0.0,    0.0,    0.0,    0.0,     26,     13,      9,.,      0,      0,.,.,.,      0,.,      0,     17,     13,     26,     13,      9,.,      0,      0,.,.,.,      0,.,      0,     17,     13,      0,      0,      0,      0,      0,      0,      0,      0,      0,      0,      0,      0,      0,      0,    65.1,    74.9,    75.9,    93.1,    65.1,    74.1,    74.8,    91.9,    65.1,    74.9,    75.9,    93.1,    65.1,    74.1,    74.8,    91.9,     0.0,     0.0,     0.0,     0.0,     0.0,     0.0,     0.0,     0.0,"2500 mmbtu","0233BQ","IFED","023 ","N13","Combined"
"SOCAL (INDEX) - ICE FUTURES ENERGY DIV",260818,2026-08-18,0233BW,IFED,01,023 ,   22393,   10440,   18605,    3840,       0,     279,    6968,    2061,       0,       0,     341,       0,   21527,   21286,     866,    1107,   22393,   10440,   18605,    3840,       0,     279,    6968,    2061,       0,       0,     341,       0,   21527,   21286,     866,    1107,       0,       0,       0,       0,       0,       0,       0,       0,       0,       0,       0,       0,       0,       0,       0,       0,       0,     840,     151,    -990,       0,       0,     150,       0,       0,       0,       0,       0,       0,     151,       0,    -151,  100.0,   46.6,   83.1,   17.1,    0.0,    1.2,   31.1,    9.2,    0.0,    0.0,    1.5,    0.0,   96.1,   95.1,    3.9,    4.9,  100.0,   46.6,   83.1,   17.1,    0.0,    1.2,   31.1,    9.2,    0.0,    0.0,    1.5,    0.0,   96.1,   95.1,    3.9,    4.9,  100.0,    0.0,    0.0,    0.0,    0.0,    0.0,    0.0,    0.0,    0.0,    0.0,    0.0,    0.0,    0.0,    0.0,    0.0,    0.0,     27,     12,      9,.,      0,.,      4,.,      0,      0,.,      0,     19,     13,     27,     12,      9,.,      0,.,      4,.,      0,      0,.,      0,     19,     13,      0,      0,      0,      0,      0,      0,      0,      0,      0,      0,      0,      0,      0,      0,    45.2,    78.8,    68.0,    89.4,    43.0,    70.7,    65.1,    80.7,    45.2,    78.8,    68.0,    89.4,    43.0,    70.7,    65.1,    80.7,     0.0,     0.0,     0.0,     0.0,     0.0,     0.0,     0.0,     0.0,"2500 mmbtu","0233BW","IFED","023 ","N13","Combined"
"SOCAL CITYGATE FINANCIAL BASIS - ICE FUTURES ENERGY DIV",260818,2026-08-18,0233BY,IFED,01,023 ,   36046,   20060,   30475,    9341,    2023,     353,     420,     240,       0,     572,     210,     514,   31260,   33815,    4786,    2231,   36046,   20060,   30475,    9341,    2023,     353,     420,     240,       0,     572,     210,     514,   31260,   33815,    4786,    2231,       0,       0,       0,       0,       0,       0,       0,       0,       0,       0,       0,       0,       0,       0,       0,       0,    1540,    1368,    1673,       0,    -426,      62,       0,       0,       0,      62,      90,      94,    1586,    1493,     -46,      47,  100.0,   55.7,   84.5,   25.9,    5.6,    1.0,    1.2,    0.7,    0.0,    1.6,    0.6,    1.4,   86.7,   93.8,   13.3,    6.2,  100.0,   55.7,   84.5,   25.9,    5.6,    1.0,    1.2,    0.7,    0.0,    1.6,    0.6,    1.4,   86.7,   93.8,   13.3,    6.2,  100.0,    0.0,    0.0,    0.0,    0.0,    0.0,    0.0,    0.0,    0.0,    0.0,    0.0,    0.0,    0.0,    0.0,    0.0,    0.0,     23,     10,     12,.,.,.,.,.,      0,.,.,.,     17,     17,     23,     10,     12,.,.,.,.,.,      0,.,.,.,     17,     17,      0,      0,      0,      0,      0,      0,      0,      0,      0,      0,      0,      0,      0,      0,    54.1,    62.5,    76.2,    85.1,    53.3,    51.0,    65.5,    72.0,    54.1,    62.5,    76.2,    85.1,    53.3,    51.0,    65.5,    72.0,     0.0,     0.0,     0.0,     0.0,     0.0,     0.0,     0.0,     0.0,"MMBtu","0233BY","IFED","023 ","N13","Combined"
"SONAT - TIER 1 POOL (ZONE 0) - ICE FUTURES ENERGY DIV",260818,2026-08-18,0233C1,IFED,01,023 ,   85072,   61559,   66983,    1394,    7555,    5517,    7372,       0,     459,    1004,       0,     213,   77518,   80727,    7554,    4345,   85072,   61559,   66983,    1394,    7555,    5517,    7372,       0,     459,    1004,       0,     213,   77518,   80727,    7554,    4345,       0,       0,       0,       0,       0,       0,       0,       0,       0,       0,       0,       0,       0,       0,       0,       0,    3682,    3320,    2253,       0,     400,     302,      93,       0,       0,    1004,       0,     213,    4932,    3168,   -1250,     514,  100.0,   72.4,   78.7,    1.6,    8.9,    6.5,    8.7,    0.0,    0.5,    1.2,    0.0,    0.3,   91.1,   94.9,    8.9,    5.1,  100.0,   72.4,   78.7,    1.6,    8.9,    6.5,    8.7,    0.0,    0.5,    1.2,    0.0,    0.3,   91.1,   94.9,    8.9,    5.1,  100.0,    0.0,    0.0,    0.0,    0.0,    0.0,    0.0,    0.0,    0.0,    0.0,    0.0,    0.0,    0.0,    0.0,    0.0,    0.0,     31,     12,     17,.,.,.,.,      0,.,.,      0,.,     19,     24,     31,     12,     17,.,.,.,.,      0,.,.,      0,.,     19,     24,      0,      0,      0,      0,      0,      0,      0,      0,      0,      0,      0,      0,      0,      0,    59.3,    54.5,    76.4,    70.2,    51.1,    49.1,    67.6,    62.1,    59.3,    54.5,    76.4,    70.2,    51.1,    49.1,    67.6,    62.1,     0.0,     0.0,     0.0,     0.0,     0.0,     0.0,     0.0,     0.0,"2500 mmbtu","0233C1","IFED","023 ","N13","Combined"
"TETCO WLA BASIS - ICE FUTURES ENERGY DIV",260818,2026-08-18,0233CC,IFED,01,023 ,  129770,  103598,   82671,   16485,    9112,    5452,       0,   30692,       0,       0,       0,       0,  125535,  127927,    4235,    1843,  129770,  103598,   82671,   16485,    9112,    5452,       0,   30692,       0,       0,       0,       0,  125535,  127927,    4235,    1843,       0,       0,       0,       0,       0,       0,       0,       0,       0,       0,       0,       0,       0,       0,       0,       0,    2166,    2196,    -204,     -61,       0,      31,       0,    2339,       0,       0,       0,       0,    2166,    2166,       0,       0,  100.0,   79.8,   63.7,   12.7,    7.0,    4.2,    0.0,   23.7,    0.0,    0.0,    0.0,    0.0,   96.7,   98.6,    3.3,    1.4,  100.0,   79.8,   63.7,   12.7,    7.0,    4.2,    0.0,   23.7,    0.0,    0.0,    0.0,    0.0,   96.7,   98.6,    3.3,    1.4,  100.0,    0.0,    0.0,    0.0,    0.0,    0.0,    0.0,    0.0,    0.0,    0.0,    0.0,    0.0,    0.0,    0.0,    0.0,    0.0,     38,     19,     14,      4,.,      4,      0,      4,      0,      0,      0,      0,     25,     23,     38,     19,     14,      4,.,      4,      0,      4,      0,      0,      0,      0,     25,     23,      0,      0,      0,      0,      0,      0,      0,      0,      0,      0,      0,      0,      0,      0,    52.3,    61.5,    75.0,    80.3,    52.3,    58.4,    74.6,    75.1,    52.3,    61.5,    75.0,    80.3,    52.3,    58.4,    74.6,    75.1,     0.0,     0.0,     0.0,     0.0,     0.0,     0.0,     0.0,     0.0,"mmbtu","0233CC","IFED","023 ","N13","Combined"
"TETCO ELA BASIS - ICE FUTURES ENERGY DIV",260818,2026-08-18,0233CF,IFED,01,023 ,   75722,   48702,   64701,   20501,    1708,    3245,    1541,    1200,       0,       0,       0,       0,   73989,   70854,    1733,    4868,   75722,   48702,   64701,   20501,    1708,    3245,    1541,    1200,       0,       0,       0,       0,   73989,   70854,    1733,    4868,       0,       0,       0,       0,       0,       0,       0,       0,       0,       0,       0,       0,       0,       0,       0,       0,.,.,.,.,.,.,.,.,.,.,.,.,.,.,.,.,  100.0,   64.3,   85.4,   27.1,    2.3,    4.3,    2.0,    1.6,    0.0,    0.0,    0.0,    0.0,   97.7,   93.6,    2.3,    6.4,  100.0,   64.3,   85.4,   27.1,    2.3,    4.3,    2.0,    1.6,    0.0,    0.0,    0.0,    0.0,   97.7,   93.6,    2.3,    6.4,  100.0,    0.0,    0.0,    0.0,    0.0,    0.0,    0.0,    0.0,    0.0,    0.0,    0.0,    0.0,    0.0,    0.0,    0.0,    0.0,     21,      6,     10,      5,.,.,.,.,      0,      0,      0,      0,     12,     16,     21,      6,     10,      5,.,.,.,.,      0,      0,      0,      0,     12,     16,      0,      0,      0,      0,      0,      0,      0,      0,      0,      0,      0,      0,      0,      0,    68.1,    69.9,    90.9,    85.4,    64.3,    64.1,    81.2,    77.9,    68.1,    69.9,    90.9,    85.4,    64.3,    64.1,    81.2,    77.9,     0.0,     0.0,     0.0,     0.0,     0.0,     0.0,     0.0,     0.0,"mmbtu","0233CF","IFED","023 ","N13","Combined"
"TETCO M3 INDEX - ICE FUTURES ENERGY DIV",260818,2026-08-18,0233CG,IFED,01,023 ,   59195,   28831,   50294,   23289,       0,    5312,     775,     372,       0,     310,       0,       0,   58517,   55978,     678,    3217,   59195,   28831,   50294,   23289,       0,    5312,     775,     372,       0,     310,       0,       0,   58517,   55978,     678,    3217,       0,       0,       0,       0,       0,       0,       0,       0,       0,       0,       0,       0,       0,       0,       0,       0,     120,       0,     120,     120,       0,       0,       0,       0,       0,       0,       0,       0,     120,     120,       0,       0,  100.0,   48.7,   85.0,   39.3,    0.0,    9.0,    1.3,    0.6,    0.0,    0.5,    0.0,    0.0,   98.9,   94.6,    1.1,    5.4,  100.0,   48.7,   85.0,   39.3,    0.0,    9.0,    1.3,    0.6,    0.0,    0.5,    0.0,    0.0,   98.9,   94.6,    1.1,    5.4,  100.0,    0.0,    0.0,    0.0,    0.0,    0.0,    0.0,    0.0,    0.0,    0.0,    0.0,    0.0,    0.0,    0.0,    0.0,    0.0,     28,      6,     16,      5,      0,.,.,.,      0,.,      0,      0,     13,     19,     28,      6,     16,      5,      0,.,.,.,      0,.,      0,      0,     13,     19,      0,      0,      0,      0,      0,      0,      0,      0,      0,      0,      0,      0,      0,      0,    73.3,    52.9,    93.3,    74.1,    73.3,    50.2,    84.2,    70.4,    73.3,    52.9,    93.3,    74.1,    73.3,    50.2,    84.2,    70.4,     0.0,     0.0,     0.0,     0.0,     0.0,     0.0,     0.0,     0.0,"2500 mmbtu","0233CG","IFED","023 ","N13","Combined"
"TETCO M3 BASIS - ICE FUTURES ENERGY DIV",260818,2026-08-18,0233CH,IFED,01,023 ,  165714,  101296,  118586,   36566,   19503,    8757,    2881,    6263,    4220,    2510,    1710,     302,  156532,  159341,    9182,    6373,  165714,  101296,  118586,   36566,   19503,    8757,    2881,    6263,    4220,    2510,    1710,     302,  156532,  159341,    9182,    6373,       0,       0,       0,       0,       0,       0,       0,       0,       0,       0,       0,       0,       0,       0,       0,       0,    3461,    3388,    2781,      76,     -60,     589,      31,     871,    -209,     428,       0,       0,    4303,    3972,    -842,    -511,  100.0,   61.1,   71.6,   22.1,   11.8,    5.3,    1.7,    3.8,    2.5,    1.5,    1.0,    0.2,   94.5,   96.2,    5.5,    3.8,  100.0,   61.1,   71.6,   22.1,   11.8,    5.3,    1.7,    3.8,    2.5,    1.5,    1.0,    0.2,   94.5,   96.2,    5.5,    3.8,  100.0,    0.0,    0.0,    0.0,    0.0,    0.0,    0.0,    0.0,    0.0,    0.0,    0.0,    0.0,    0.0,    0.0,    0.0,    0.0,     47,     15,     21,      6,      6,      7,.,      4,      4,.,.,.,     29,     39,     47,     15,     21,      6,      6,      7,.,      4,      4,.,.,.,     29,     39,      0,      0,      0,      0,      0,      0,      0,      0,      0,      0,      0,      0,      0,      0,    45.0,    34.3,    66.9,    51.7,    41.5,    33.9,    62.3,    49.3,    45.0,    34.3,    66.9,    51.7,    41.5,    33.9,    62.3,    49.3,     0.0,     0.0,     0.0,     0.0,     0.0,     0.0,     0.0,     0.0,"2500 mm btu","0233CH","IFED","023 ","N13","Combined"
"TGT ZONE 1 BASIS - ICE FUTURES ENERGY DIV",260818,2026-08-18,0233CM,IFED,01,023 ,  228261,  194355,  133871,   10511,   65755,   13606,    5933,       0,      60,       0,       0,       0,  224465,  213292,    3796,   14969,  228261,  194355,  133871,   10511,   65755,   13606,    5933,       0,      60,       0,       0,       0,  224465,  213292,    3796,   14969,       0,       0,       0,       0,       0,       0,       0,       0,       0,       0,       0,       0,       0,       0,       0,       0,    5299,    4570,    6852,     490,   -2068,    1064,       0,       0,       0,       0,       0,       0,    6124,    5848,    -825,    -549,  100.0,   85.1,   58.6,    4.6,   28.8,    6.0,    2.6,    0.0,    0.0,    0.0,    0.0,    0.0,   98.3,   93.4,    1.7,    6.6,  100.0,   85.1,   58.6,    4.6,   28.8,    6.0,    2.6,    0.0,    0.0,    0.0,    0.0,    0.0,   98.3,   93.4,    1.7,    6.6,  100.0,    0.0,    0.0,    0.0,    0.0,    0.0,    0.0,    0.0,    0.0,    0.0,    0.0,    0.0,    0.0,    0.0,    0.0,    0.0,     39,     25,     18,.,      6,      6,.,      0,.,      0,      0,      0,     33,     27,     39,     25,     18,.,      6,      6,.,      0,.,      0,      0,      0,     33,     27,      0,      0,      0,      0,      0,      0,      0,      0,      0,      0,      0,      0,      0,      0,    44.5,    58.4,    73.7,    78.8,    43.7,    56.9,    68.0,    74.0,    44.5,    58.4,    73.7,    78.8,    43.7,    56.9,    68.0,    74.0,     0.0,     0.0,     0.0,     0.0,     0.0,     0.0,     0.0,     0.0,"2500 MMBtus","0233CM","IFED","023 ","N13","Combined"
"TRANSCO STN 85 MONTHLY INDEX - ICE FUTURES ENERGY DIV",260818,2026-08-18,0233CS,IFED,01,023 ,   59544,   42082,   41220,    3454,    8030,     524,   11377,    2082,     155,       0,    6028,       0,   57592,   58039,    1952,    1505,   59544,   42082,   41220,    3454,    8030,     524,   11377,    2082,     155,       0,    6028,       0,   57592,   58039,    1952,    1505,       0,       0,       0,       0,       0,       0,       0,       0,       0,       0,       0,       0,       0,       0,       0,       0,    4609,    2573,    2052,       0,    2210,      90,    1888,     120,       0,       0,     510,       0,    4551,    4982,      58,    -373,  100.0,   70.7,   69.2,    5.8,   13.5,    0.9,   19.1,    3.5,    0.3,    0.0,   10.1,    0.0,   96.7,   97.5,    3.3,    2.5,  100.0,   70.7,   69.2,    5.8,   13.5,    0.9,   19.1,    3.5,    0.3,    0.0,   10.1,    0.0,   96.7,   97.5,    3.3,    2.5,  100.0,    0.0,    0.0,    0.0,    0.0,    0.0,    0.0,    0.0,    0.0,    0.0,    0.0,    0.0,    0.0,    0.0,    0.0,    0.0,     37,     14,     14,.,.,.,      5,      4,.,      0,.,      0,     22,     23,     37,     14,     14,.,.,.,      5,      4,.,      0,.,      0,     22,     23,      0,      0,      0,      0,      0,      0,      0,      0,      0,      0,      0,      0,      0,      0,    48.3,    59.9,    75.8,    79.1,    48.3,    59.9,    75.1,    77.5,    48.3,    59.9,    75.8,    79.1,    48.3,    59.9,    75.1,    77.5,     0.0,     0.0,     0.0,     0.0,     0.0,     0.0,     0.0,     0.0,"mmbtu","0233CS","IFED","023 ","N13","Combined"
"TRANSCO ZONE 6 BASIS - ICE FUTURES ENERGY DIV",260818,2026-08-18,0233CU,IFED,01,023 ,  265978,  151006,  184065,   88226,   44730,    9732,    3357,   10071,    3979,     469,    7928,    1561,  258330,  262066,    7648,    3912,  265978,  151006,  184065,   88226,   44730,    9732,    3357,   10071,    3979,     469,    7928,    1561,  258330,  262066,    7648,    3912,       0,       0,       0,       0,       0,       0,       0,       0,       0,       0,       0,       0,       0,       0,       0,       0,    7982,    5831,    4039,    2833,     365,    -464,     150,    1092,    -217,    -793,    2647,     218,    7558,    7680,     424,     302,  100.0,   56.8,   69.2,   33.2,   16.8,    3.7,    1.3,    3.8,    1.5,    0.2,    3.0,    0.6,   97.1,   98.5,    2.9,    1.5,  100.0,   56.8,   69.2,   33.2,   16.8,    3.7,    1.3,    3.8,    1.5,    0.2,    3.0,    0.6,   97.1,   98.5,    2.9,    1.5,  100.0,    0.0,    0.0,    0.0,    0.0,    0.0,    0.0,    0.0,    0.0,    0.0,    0.0,    0.0,    0.0,    0.0,    0.0,    0.0,     58,     26,     22,      5,      6,      7,.,      5,.,.,      5,      5,     44,     43,     58,     26,     22,      5,      6,      7,.,      5,.,.,      5,      5,     44,     43,      0,      0,      0,      0,      0,      0,      0,      0,      0,      0,      0,      0,      0,      0,    39.7,    54.3,    62.9,    68.3,    38.2,    53.6,    59.3,    65.8,    39.7,    54.3,    62.9,    68.3,    38.2,    53.6,    59.3,    65.8,     0.0,     0.0,     0.0,     0.0,     0.0,     0.0,     0.0,     0.0,"mmbtu","0233CU","IFED","023 ","N13","Combined"
"TRANSCO ZONE 6 MONTHLY INDEX - ICE FUTURES ENERGY DIV",260818,2026-08-18,0233CV,IFED,01,023 ,  110477,   35240,   98424,   70545,     744,       0,       0,     744,       0,       0,    6804,       0,  105785,  106716,    4692,    3761,  110477,   35240,   98424,   70545,     744,       0,       0,     744,       0,       0,    6804,       0,  105785,  106716,    4692,    3761,       0,       0,       0,       0,       0,       0,       0,       0,       0,       0,       0,       0,       0,       0,       0,       0,    4620,    4560,    4620,      60,       0,       0,       0,       0,       0,       0,       0,       0,    4620,    4620,       0,       0,  100.0,   31.9,   89.1,   63.9,    0.7,    0.0,    0.0,    0.7,    0.0,    0.0,    6.2,    0.0,   95.8,   96.6,    4.2,    3.4,  100.0,   31.9,   89.1,   63.9,    0.7,    0.0,    0.0,    0.7,    0.0,    0.0,    6.2,    0.0,   95.8,   96.6,    4.2,    3.4,  100.0,    0.0,    0.0,    0.0,    0.0,    0.0,    0.0,    0.0,    0.0,    0.0,    0.0,    0.0,    0.0,    0.0,    0.0,    0.0,     27,      7,     13,      5,.,      0,      0,.,      0,      0,.,      0,     12,     17,     27,      7,     13,      5,.,      0,      0,.,      0,      0,.,      0,     12,     17,      0,      0,      0,      0,      0,      0,      0,      0,      0,      0,      0,      0,      0,      0,    76.0,    65.7,    92.1,    83.7,    76.0,    65.7,    91.7,    83.5,    76.0,    65.7,    92.1,    83.7,    76.0,    65.7,    91.7,    83.5,     0.0,     0.0,     0.0,     0.0,     0.0,     0.0,     0.0,     0.0,"mmbtu","0233CV","IFED","023 ","N13","Combined"
"TRANSCO STATION 85-ZONE 4 BASI - ICE FUTURES ENERGY DIV",260818,2026-08-18,0233CW,IFED,01,023 ,  301542,  166223,  214519,   25680,   37323,   11724,   66653,    3488,   13480,     602,   15683,    2720,  287082,  298937,   14460,    2605,  301542,  166223,  214519,   25680,   37323,   11724,   66653,    3488,   13480,     602,   15683,    2720,  287082,  298937,   14460,    2605,       0,       0,       0,       0,       0,       0,       0,       0,       0,       0,       0,       0,       0,       0,       0,       0,   16985,   -5437,   14317,    -498,    1068,     437,   23670,     783,   -2671,     602,    2837,      67,   16170,   16838,     815,     147,  100.0,   55.1,   71.1,    8.5,   12.4,    3.9,   22.1,    1.2,    4.5,    0.2,    5.2,    0.9,   95.2,   99.1,    4.8,    0.9,  100.0,   55.1,   71.1,    8.5,   12.4,    3.9,   22.1,    1.2,    4.5,    0.2,    5.2,    0.9,   95.2,   99.1,    4.8,    0.9,  100.0,    0.0,    0.0,    0.0,    0.0,    0.0,    0.0,    0.0,    0.0,    0.0,    0.0,    0.0,    0.0,    0.0,    0.0,    0.0,     70,     28,     42,      6,.,      6,      8,.,      6,.,.,.,     49,     60,     70,     28,     42,      6,.,      6,      8,.,      6,.,.,.,     49,     60,      0,      0,      0,      0,      0,      0,      0,      0,      0,      0,      0,      0,      0,      0,    33.2,    32.6,    53.5,    52.5,    27.4,    28.2,    41.9,    45.4,    33.2,    32.6,    53.5,    52.5,    27.4,    28.2,    41.9,    45.4,     0.0,     0.0,     0.0,     0.0,     0.0,     0.0,     0.0,     0.0,"2500 mm btu","0233CW","IFED","023 ","N13","Combined"
"WAHA INDEX  - ICE FUTURES ENERGY DIV",260818,2026-08-18,0233D4,IFED,01,023 ,   94134,   87819,   68486,    3199,   18880,       0,     209,       0,     961,       0,    2515,       0,   92188,   90842,    1946,    3292,   94134,   87819,   68486,    3199,   18880,       0,     209,       0,     961,       0,    2515,       0,   92188,   90842,    1946,    3292,       0,       0,       0,       0,       0,       0,       0,       0,       0,       0,       0,       0,       0,       0,       0,       0,    4304,    4022,    1834,       0,    1820,       0,     209,    -930,     961,       0,       0,       0,    5192,    3685,    -888,     619,  100.0,   93.3,   72.8,    3.4,   20.1,    0.0,    0.2,    0.0,    1.0,    0.0,    2.7,    0.0,   97.9,   96.5,    2.1,    3.5,  100.0,   93.3,   72.8,    3.4,   20.1,    0.0,    0.2,    0.0,    1.0,    0.0,    2.7,    0.0,   97.9,   96.5,    2.1,    3.5,  100.0,    0.0,    0.0,    0.0,    0.0,    0.0,    0.0,    0.0,    0.0,    0.0,    0.0,    0.0,    0.0,    0.0,    0.0,    0.0,     40,     20,     16,.,      7,      0,.,      0,.,      0,.,      0,     24,     26,     40,     20,     16,.,      7,      0,.,      0,.,      0,.,      0,     24,     26,      0,      0,      0,      0,      0,      0,      0,      0,      0,      0,      0,      0,      0,      0,    57.2,    57.8,    78.6,    77.9,    57.1,    55.9,    74.4,    69.9,    57.2,    57.8,    78.6,    77.9,    57.1,    55.9,    74.4,    69.9,     0.0,     0.0,     0.0,     0.0,     0.0,     0.0,     0.0,     0.0,"2500 mm btu","0233D4","IFED","023 ","N13","Combined"
"TETCO M2 Basis (Receipts) - ICE FUTURES ENERGY DIV",260818,2026-08-18,0233DR,IFED,01,023 ,  554933,  485308,   16474,    9542,  514306,   12385,   32472,    3367,    1471,    3373,     650,    3446,  547997,  552099,    6936,    2834,  554933,  485308,   16474,    9542,  514306,   12385,   32472,    3367,    1471,    3373,     650,    3446,  547997,  552099,    6936,    2834,       0,       0,       0,       0,       0,       0,       0,       0,       0,       0,       0,       0,       0,       0,       0,       0,   12949,   14660,    2969,    -932,   11643,   -2306,    1020,    1024,    -687,     946,     330,     -24,   12677,   12949,     272,       0,  100.0,   87.5,    3.0,    1.7,   92.7,    2.2,    5.9,    0.6,    0.3,    0.6,    0.1,    0.6,   98.8,   99.5,    1.2,    0.5,  100.0,   87.5,    3.0,    1.7,   92.7,    2.2,    5.9,    0.6,    0.3,    0.6,    0.1,    0.6,   98.8,   99.5,    1.2,    0.5,  100.0,    0.0,    0.0,    0.0,    0.0,    0.0,    0.0,    0.0,    0.0,    0.0,    0.0,    0.0,    0.0,    0.0,    0.0,    0.0,     60,     34,     11,.,     16,      5,.,.,.,.,.,.,     44,     34,     60,     34,     11,.,     16,      5,.,.,.,.,.,.,     44,     34,      0,      0,      0,      0,      0,      0,      0,      0,      0,      0,      0,      0,      0,      0,    45.7,    50.4,    64.0,    73.7,    45.6,    50.3,    63.5,    73.6,    45.7,    50.4,    64.0,    73.7,    45.6,    50.3,    63.5,    73.6,     0.0,     0.0,     0.0,     0.0,     0.0,     0.0,     0.0,     0.0,"2500 MM Btus","0233DR","IFED","023 ","N13","Combined"
"TRANSCO LEIDY BASIS - ICE FUTURES ENERGY DIV",260818,2026-08-18,0233DT,IFED,01,023 ,  122261,   70966,   54101,   19266,   51192,   12848,    8134,       0,       0,    4851,     565,     400,  116465,  119106,    5796,    3155,  122261,   70966,   54101,   19266,   51192,   12848,    8134,       0,       0,    4851,     565,     400,  116465,  119106,    5796,    3155,       0,       0,       0,       0,       0,       0,       0,       0,       0,       0,       0,       0,       0,       0,       0,       0,    5401,    6049,    2660,     -95,    4442,    -181,     544,       0,       0,       0,     565,     186,    6503,    7672,   -1102,   -2271,  100.0,   58.0,   44.3,   15.8,   41.9,   10.5,    6.7,    0.0,    0.0,    4.0,    0.5,    0.3,   95.3,   97.4,    4.7,    2.6,  100.0,   58.0,   44.3,   15.8,   41.9,   10.5,    6.7,    0.0,    0.0,    4.0,    0.5,    0.3,   95.3,   97.4,    4.7,    2.6,  100.0,    0.0,    0.0,    0.0,    0.0,    0.0,    0.0,    0.0,    0.0,    0.0,    0.0,    0.0,    0.0,    0.0,    0.0,    0.0,     37,     18,      9,      4,      9,      8,.,      0,      0,.,.,.,     31,     23,     37,     18,      9,      4,      9,      8,.,      0,      0,.,.,.,     31,     23,      0,      0,      0,      0,      0,      0,      0,      0,      0,      0,      0,      0,      0,      0,    42.7,    40.9,    59.4,    65.9,    42.3,    39.9,    58.8,    61.5,    42.7,    40.9,    59.4,    65.9,    42.3,    39.9,    58.8,    61.5,     0.0,     0.0,     0.0,     0.0,     0.0,     0.0,     0.0,     0.0,"(Contracts of 2,500  MMBTU'S)","0233DT","IFED","023 ","N13","Combined"
"TETCO M2 Index (Receipts) - ICE FUTURES ENERGY DIV",260818,2026-08-18,0233DW,IFED,01,023 ,   39625,   35603,   32704,    2568,    3693,       0,       0,       0,       0,    1208,    1510,       0,   39379,   37907,     246,    1718,   39625,   35603,   32704,    2568,    3693,       0,       0,       0,       0,    1208,    1510,       0,   39379,   37907,     246,    1718,       0,       0,       0,       0,       0,       0,       0,       0,       0,       0,       0,       0,       0,       0,       0,       0,    3258,     934,     -90,    2568,    3228,       0,       0,       0,       0,       0,       0,       0,    3502,    3138,    -244,     120,  100.0,   89.8,   82.5,    6.5,    9.3,    0.0,    0.0,    0.0,    0.0,    3.0,    3.8,    0.0,   99.4,   95.7,    0.6,    4.3,  100.0,   89.8,   82.5,    6.5,    9.3,    0.0,    0.0,    0.0,    0.0,    3.0,    3.8,    0.0,   99.4,   95.7,    0.6,    4.3,  100.0,    0.0,    0.0,    0.0,    0.0,    0.0,    0.0,    0.0,    0.0,    0.0,    0.0,    0.0,    0.0,    0.0,    0.0,    0.0,     32,     14,     16,.,.,      0,      0,      0,      0,.,.,      0,     16,     19,     32,     14,     16,.,.,      0,      0,      0,      0,.,.,      0,     16,     19,      0,      0,      0,      0,      0,      0,      0,      0,      0,      0,      0,      0,      0,      0,    66.2,    47.4,    86.3,    71.6,    66.2,    47.4,    84.8,    71.6,    66.2,    47.4,    86.3,    71.6,    66.2,    47.4,    84.8,    71.6,     0.0,     0.0,     0.0,     0.0,     0.0,     0.0,     0.0,     0.0,"2500 MM Btus","0233DW","IFED","023 ","N13","Combined"
"REX ZONE 3 BASIS - ICE FUTURES ENERGY DIV",260818,2026-08-18,0233EB,IFED,01,023 ,  274909,  216183,  133964,   20697,  107209,    6620,   16165,    6543,    4503,     360,    6087,    3955,  268483,  268881,    6426,    6028,  274909,  216183,  133964,   20697,  107209,    6620,   16165,    6543,    4503,     360,    6087,    3955,  268483,  268881,    6426,    6028,       0,       0,       0,       0,       0,       0,       0,       0,       0,       0,       0,       0,       0,       0,       0,       0,   12892,    3264,    8341,    4380,    2871,    -213,    5066,     806,    -748,     360,    1282,     175,   12284,   12514,     608,     378,  100.0,   78.6,   48.7,    7.5,   39.0,    2.4,    5.9,    2.4,    1.6,    0.1,    2.2,    1.4,   97.7,   97.8,    2.3,    2.2,  100.0,   78.6,   48.7,    7.5,   39.0,    2.4,    5.9,    2.4,    1.6,    0.1,    2.2,    1.4,   97.7,   97.8,    2.3,    2.2,  100.0,    0.0,    0.0,    0.0,    0.0,    0.0,    0.0,    0.0,    0.0,    0.0,    0.0,    0.0,    0.0,    0.0,    0.0,    0.0,     60,     28,     25,.,     13,.,.,.,      4,.,      4,.,     40,     49,     60,     28,     25,.,     13,.,.,.,      4,.,      4,.,     40,     49,      0,      0,      0,      0,      0,      0,      0,      0,      0,      0,      0,      0,      0,      0,    37.1,    33.5,    57.2,    49.9,    35.7,    30.8,    51.0,    45.6,    37.1,    33.5,    57.2,    49.9,    35.7,    30.8,    51.0,    45.6,     0.0,     0.0,     0.0,     0.0,     0.0,     0.0,     0.0,     0.0,"2500 MMBtus","0233EB","IFED","023 ","N13","Combined"
"REX ZONE 3 INDEX - ICE FUTURES ENERGY DIV",260818,2026-08-18,0233ED,IFED,01,023 ,   48003,   24729,   42775,   19159,    2392,      31,    1487,    1147,       0,    1011,       0,       0,   46417,   46345,    1586,    1658,   48003,   24729,   42775,   19159,    2392,      31,    1487,    1147,       0,    1011,       0,       0,   46417,   46345,    1586,    1658,       0,       0,       0,       0,       0,       0,       0,       0,       0,       0,       0,       0,       0,       0,       0,       0,    7972,    6680,    8902,     120,       0,     -30,       0,   -1020,       0,     360,       0,       0,    7130,    7852,     842,     120,  100.0,   51.5,   89.1,   39.9,    5.0,    0.1,    3.1,    2.4,    0.0,    2.1,    0.0,    0.0,   96.7,   96.5,    3.3,    3.5,  100.0,   51.5,   89.1,   39.9,    5.0,    0.1,    3.1,    2.4,    0.0,    2.1,    0.0,    0.0,   96.7,   96.5,    3.3,    3.5,  100.0,    0.0,    0.0,    0.0,    0.0,    0.0,    0.0,    0.0,    0.0,    0.0,    0.0,    0.0,    0.0,    0.0,    0.0,    0.0,     26,     13,     17,.,.,.,.,.,      0,.,      0,      0,     18,     20,     26,     13,     17,.,.,.,.,.,      0,.,      0,      0,     18,     20,      0,      0,      0,      0,      0,      0,      0,      0,      0,      0,      0,      0,      0,      0,    71.4,    47.7,    85.9,    70.6,    57.3,    36.3,    65.4,    55.9,    71.4,    47.7,    85.9,    70.6,    57.3,    36.3,    65.4,    55.9,     0.0,     0.0,     0.0,     0.0,     0.0,     0.0,     0.0,     0.0,"2500 MMBtus","0233ED","IFED","023 ","N13","Combined"
"Transco Zone 5 South Basis - ICE FUTURES ENERGY DIV",260818,2026-08-18,0233FJ,IFED,01,023 ,  150109,   82618,  125833,   24122,    7992,    7768,   22589,    2235,     550,     850,    1527,      31,  138528,  145936,   11581,    4173,  150109,   82618,  125833,   24122,    7992,    7768,   22589,    2235,     550,     850,    1527,      31,  138528,  145936,   11581,    4173,       0,       0,       0,       0,       0,       0,       0,       0,       0,       0,       0,       0,       0,       0,       0,       0,    1999,    1213,    1549,     121,     -63,     214,     237,       0,     124,      60,     -62,       0,    1969,    1762,      30,     237,  100.0,   55.0,   83.8,   16.1,    5.3,    5.2,   15.0,    1.5,    0.4,    0.6,    1.0,    0.0,   92.3,   97.2,    7.7,    2.8,  100.0,   55.0,   83.8,   16.1,    5.3,    5.2,   15.0,    1.5,    0.4,    0.6,    1.0,    0.0,   92.3,   97.2,    7.7,    2.8,  100.0,    0.0,    0.0,    0.0,    0.0,    0.0,    0.0,    0.0,    0.0,    0.0,    0.0,    0.0,    0.0,    0.0,    0.0,    0.0,     44,     19,     29,.,.,.,.,.,.,.,.,.,     28,     37,     44,     19,     29,.,.,.,.,.,.,.,.,.,     28,     37,      0,      0,      0,      0,      0,      0,      0,      0,      0,      0,      0,      0,      0,      0,    50.9,    46.2,    71.9,    66.2,    47.2,    44.9,    66.9,    60.6,    50.9,    46.2,    71.9,    66.2,    47.2,    44.9,    66.9,    60.6,     0.0,     0.0,     0.0,     0.0,     0.0,     0.0,     0.0,     0.0,"2500 MMBtus","0233FJ","IFED","023 ","N13","Combined"
"NAT GAS NYME - NEW YORK MERCANTILE EXCHANGE",260818,2026-08-18,023651,NYME,01,023 , 1743477,  231399,  247970,  225480,   18629,  111503,  265472,  365372,  576234,   44927,  151111,  230616, 1685631, 1701434,   57847,   42043, 1743477,  231399,  247970,  225480,   18629,  111503,  265472,  365372,  576234,   44927,  151111,  230616, 1685631, 1701434,   57847,   42043,       0,       0,       0,       0,       0,       0,       0,       0,       0,       0,       0,       0,       0,       0,       0,       0,   36782,   -3950,   -5134,    6627,      55,    8677,   16906,    6424,   11644,   -6649,   10380,    1751,   35007,   33798,    1776,    2984,  100.0,   13.3,   14.2,   12.9,    1.1,    6.4,   15.2,   21.0,   33.1,    2.6,    8.7,   13.2,   96.7,   97.6,    3.3,    2.4,  100.0,   13.3,   14.2,   12.9,    1.1,    6.4,   15.2,   21.0,   33.1,    2.6,    8.7,   13.2,   96.7,   97.6,    3.3,    2.4,  100.0,    0.0,    0.0,    0.0,    0.0,    0.0,    0.0,    0.0,    0.0,    0.0,    0.0,    0.0,    0.0,    0.0,    0.0,    0.0,    335,     47,     40,     28,     10,     28,     60,     76,     88,     58,     43,     76,    300,    264,    335,     47,     40,     28,     10,     28,     60,     76,     88,     58,     43,     76,    300,    264,      0,      0,      0,      0,      0,      0,      0,      0,      0,      0,      0,      0,      0,      0,    16.8,    23.2,    26.2,    34.1,     9.1,    11.0,    14.0,    15.3,    16.8,    23.2,    26.2,    34.1,     9.1,    11.0,    14.0,    15.3,     0.0,     0.0,     0.0,     0.0,     0.0,     0.0,     0.0,     0.0,"(Contracts of 10,000 MMBTU'S)","023651","NYME","023 ","N13","Combined"
"EUR STYLE NATURAL GAS OPTIONS - NEW YORK MERCANTILE EXCHANGE",260818,2026-08-18,02365U,NYME,01,023 ,  781809,  137254,  115877,   63690,   86035,  171282,   24636,   22831,  132665,   26547,   29812,  220815,  776889,  779316,    4920,    2493,  781809,  137254,  115877,   63690,   86035,  171282,   24636,   22831,  132665,   26547,   29812,  220815,  776889,  779316,    4920,    2493,       0,       0,       0,       0,       0,       0,       0,       0,       0,       0,       0,       0,       0,       0,       0,       0,   32874,    4835,    3486,     682,    1766,    3737,     607,   -3871,    9865,     188,    4849,   13048,   32961,   32878,     -87,      -4,  100.0,   17.6,   14.8,    8.1,   11.0,   21.9,    3.2,    2.9,   17.0,    3.4,    3.8,   28.2,   99.4,   99.7,    0.6,    0.3,  100.0,   17.6,   14.8,    8.1,   11.0,   21.9,    3.2,    2.9,   17.0,    3.4,    3.8,   28.2,   99.4,   99.7,    0.6,    0.3,  100.0,    0.0,    0.0,    0.0,    0.0,    0.0,    0.0,    0.0,    0.0,    0.0,    0.0,    0.0,    0.0,    0.0,    0.0,    0.0,    162,     42,     37,     11,     14,     24,     23,     22,     39,     22,     27,     43,    158,    146,    162,     42,     37,     11,     14,     24,     23,     22,     39,     22,     27,     43,    158,    146,      0,      0,      0,      0,      0,      0,      0,      0,      0,      0,      0,      0,      0,      0,    25.6,    21.8,    41.3,    36.5,     8.8,     7.2,    12.6,    10.9,    25.6,    21.8,    41.3,    36.5,     8.8,     7.2,    12.6,    10.9,     0.0,     0.0,     0.0,     0.0,     0.0,     0.0,     0.0,     0.0,"(Contracts of 10,000 MMBTU'S)","02365U","NYME","023 ","N13","Combined"
"HENRY HUB LAST DAY FIN - NEW YORK MERCANTILE EXCHANGE",260818,2026-08-18,023A55,NYME,01,023 ,  452292,  152698,   54077,   33694,  165827,   44669,   48117,   14881,   19837,   74644,   90672,   54669,  428329,  444631,   23963,    7660,  452292,  152698,   54077,   33694,  165827,   44669,   48117,   14881,   19837,   74644,   90672,   54669,  428329,  444631,   23963,    7660,       0,       0,       0,       0,       0,       0,       0,       0,       0,       0,       0,       0,       0,       0,       0,       0,   12571,    6164,    8550,    1162,    2678,    -255,    4121,   -1051,    2100,     324,    4429,   -1709,   11907,   14740,     664,   -2169,  100.0,   33.8,   12.0,    7.4,   36.7,    9.9,   10.6,    3.3,    4.4,   16.5,   20.0,   12.1,   94.7,   98.3,    5.3,    1.7,  100.0,   33.8,   12.0,    7.4,   36.7,    9.9,   10.6,    3.3,    4.4,   16.5,   20.0,   12.1,   94.7,   98.3,    5.3,    1.7,  100.0,    0.0,    0.0,    0.0,    0.0,    0.0,    0.0,    0.0,    0.0,    0.0,    0.0,    0.0,    0.0,    0.0,    0.0,    0.0,    102,     30,     24,     14,     13,     20,      6,      6,     10,     16,     14,     23,     94,     82,    102,     30,     24,     14,     13,     20,      6,      6,     10,     16,     14,     23,     94,     82,      0,      0,      0,      0,      0,      0,      0,      0,      0,      0,      0,      0,      0,      0,    18.1,    36.6,    30.8,    49.9,    15.0,    32.7,    25.7,    43.7,    18.1,    36.6,    30.8,    49.9,    15.0,    32.7,    25.7,    43.7,     0.0,     0.0,     0.0,     0.0,     0.0,     0.0,     0.0,     0.0,"(Contracts of 10,000 MMBTU'S)","023A55","NYME","023 ","N13","Combined"
"HENRY HUB PENULTIMATE FIN - NEW YORK MERCANTILE EXCHANGE",260818,2026-08-18,023A56,NYME,01,023 ,  236737,   24110,   54961,   78735,   60207,   29880,   18005,   15032,   20038,   34015,   25888,   24555,  229338,  230561,    7399,    6176,  236737,   24110,   54961,   78735,   60207,   29880,   18005,   15032,   20038,   34015,   25888,   24555,  229338,  230561,    7399,    6176,       0,       0,       0,       0,       0,       0,       0,       0,       0,       0,       0,       0,       0,       0,       0,       0,    2140,     918,     764,    -132,   -2629,    2643,   -5781,    2843,     169,    3883,   -2825,    1454,    3154,    2419,   -1014,    -279,  100.0,   10.2,   23.2,   33.3,   25.4,   12.6,    7.6,    6.3,    8.5,   14.4,   10.9,   10.4,   96.9,   97.4,    3.1,    2.6,  100.0,   10.2,   23.2,   33.3,   25.4,   12.6,    7.6,    6.3,    8.5,   14.4,   10.9,   10.4,   96.9,   97.4,    3.1,    2.6,  100.0,    0.0,    0.0,    0.0,    0.0,    0.0,    0.0,    0.0,    0.0,    0.0,    0.0,    0.0,    0.0,    0.0,    0.0,    0.0,     78,     13,     14,     11,      8,     14,     10,      9,     13,     10,     15,     23,     71,     69,     78,     13,     14,     11,      8,     14,     10,      9,     13,     10,     15,     23,     71,     69,      0,      0,      0,      0,      0,      0,      0,      0,      0,      0,      0,      0,      0,      0,    25.4,    33.5,    43.5,    48.3,    23.6,    25.5,    39.6,    34.0,    25.4,    33.5,    43.5,    48.3,    23.6,    25.5,    39.6,    34.0,     0.0,     0.0,     0.0,     0.0,     0.0,     0.0,     0.0,     0.0,"(Contracts of 10,000 MMBTU'S)","023A56","NYME","023 ","N13","Combined"
"NATURAL GAS CAL SPREAD OPT FIN - NEW YORK MERCANTILE EXCHANGE",260818,2026-08-18,023A84,NYME,01,023 ,  142096,    4966,    7594,     671,     200,    8283,    3870,   28984,   67388,   28480,    1471,   28025,  141683,  141945,     413,     151,  142096,    4966,    7594,     671,     200,    8283,    3870,   28984,   67388,   28480,    1471,   28025,  141683,  141945,     413,     151,       0,       0,       0,       0,       0,       0,       0,       0,       0,       0,       0,       0,       0,       0,       0,       0,   -5057,     845,     343,      59,     117,      63,    -531,   -5491,   -1447,   -4721,     880,     482,   -5250,   -5053,     192,      -4,  100.0,    3.5,    5.3,    0.5,    0.1,    5.8,    2.7,   20.4,   47.4,   20.0,    1.0,   19.7,   99.7,   99.9,    0.3,    0.1,  100.0,    3.5,    5.3,    0.5,    0.1,    5.8,    2.7,   20.4,   47.4,   20.0,    1.0,   19.7,   99.7,   99.9,    0.3,    0.1,  100.0,    0.0,    0.0,    0.0,    0.0,    0.0,    0.0,    0.0,    0.0,    0.0,    0.0,    0.0,    0.0,    0.0,    0.0,    0.0,     36,      9,      8,.,.,.,.,      8,     11,      7,.,      8,     32,     31,     36,      9,      8,.,.,.,.,      8,     11,      7,.,      8,     32,     31,      0,      0,      0,      0,      0,      0,      0,      0,      0,      0,      0,      0,      0,      0,    72.3,    69.1,    91.4,    88.8,    22.1,    20.1,    23.5,    23.4,    72.3,    69.1,    91.4,    88.8,    22.1,    20.1,    23.5,    23.4,     0.0,     0.0,     0.0,     0.0,     0.0,     0.0,     0.0,     0.0,"(Contracts of 10,000 MMBTU'S)","023A84","NYME","023 ","N13","Combined"
"ETHANOL T2 FOB INCL DUTY - NEW YORK MERCANTILE EXCHANGE",260818,2026-08-18,025608,NYME,01,025 ,    3292,    3025,    3047,       0,       0,       0,       0,       0,       0,       0,     135,       0,    3025,    3182,     267,     110,    3292,    3025,    3047,       0,       0,       0,       0,       0,       0,       0,     135,       0,    3025,    3182,     267,     110,       0,       0,       0,       0,       0,       0,       0,       0,       0,       0,       0,       0,       0,       0,       0,       0,      40,      40,      30,       0,       0,       0,       0,       0,       0,       0,       0,       0,      40,      30,       0,      10,  100.0,   91.9,   92.6,    0.0,    0.0,    0.0,    0.0,    0.0,    0.0,    0.0,    4.1,    0.0,   91.9,   96.7,    8.1,    3.3,  100.0,   91.9,   92.6,    0.0,    0.0,    0.0,    0.0,    0.0,    0.0,    0.0,    4.1,    0.0,   91.9,   96.7,    8.1,    3.3,  100.0,    0.0,    0.0,    0.0,    0.0,    0.0,    0.0,    0.0,    0.0,    0.0,    0.0,    0.0,    0.0,    0.0,    0.0,    0.0,     28,     22,     21,      0,      0,      0,      0,      0,      0,      0,.,      0,     22,     23,     28,     22,     21,      0,      0,      0,      0,      0,      0,      0,.,      0,     22,     23,      0,      0,      0,      0,      0,      0,      0,      0,      0,      0,      0,      0,      0,      0,    44.7,    51.6,    65.7,    72.2,    40.6,    32.7,    50.3,    48.5,    44.7,    51.6,    65.7,    72.2,    40.6,    32.7,    50.3,    48.5,     0.0,     0.0,     0.0,     0.0,     0.0,     0.0,     0.0,     0.0,"(100 CUBIC METERS)","025608","NYME","025 ","N10","Combined"
"ETHANOL - NEW YORK MERCANTILE EXCHANGE",260818,2026-08-18,025651,NYME,01,025 ,   46859,   33029,   38427,     937,    2392,    1396,    6284,     165,     200,    1574,     536,    2733,   46152,   45848,     707,    1011,   46859,   33029,   38427,     937,    2392,    1396,    6284,     165,     200,    1574,     536,    2733,   46152,   45848,     707,    1011,       0,       0,       0,       0,       0,       0,       0,       0,       0,       0,       0,       0,       0,       0,       0,       0,    1516,     545,     670,      22,     483,     101,     339,     -45,      40,     189,      94,     141,    1378,    1484,     138,      31,  100.0,   70.5,   82.0,    2.0,    5.1,    3.0,   13.4,    0.4,    0.4,    3.4,    1.1,    5.8,   98.5,   97.8,    1.5,    2.2,  100.0,   70.5,   82.0,    2.0,    5.1,    3.0,   13.4,    0.4,    0.4,    3.4,    1.1,    5.8,   98.5,   97.8,    1.5,    2.2,  100.0,    0.0,    0.0,    0.0,    0.0,    0.0,    0.0,    0.0,    0.0,    0.0,    0.0,    0.0,    0.0,    0.0,    0.0,    0.0,    118,     48,     63,      4,      4,      4,     18,      4,.,     10,      4,      7,     85,     85,    118,     48,     63,      4,      4,      4,     18,      4,.,     10,      4,      7,     85,     85,      0,      0,      0,      0,      0,      0,      0,      0,      0,      0,      0,      0,      0,      0,    30.8,    26.4,    47.9,    41.6,    13.0,    12.7,    20.5,    20.1,    30.8,    26.4,    47.9,    41.6,    13.0,    12.7,    20.5,    20.1,     0.0,     0.0,     0.0,     0.0,     0.0,     0.0,     0.0,     0.0,"(CONTRACTS OF 42,000 U.S. GALLONS)","025651","NYME","025 ","N10","Combined"
"SOYBEAN MEAL - CHICAGO BOARD OF TRADE",260818,2026-08-18,026603,CBT ,00,026 ,  660975,  140510,  392567,  127268,    6225,   16447,  129152,   46128,   68048,   33296,   12868,   92016,  606738,  634299,   54238,   26676,   74977,   28065,   46999,    6415,    1715,    1098,   15650,    9907,     881,    7829,    3590,    7164,   67101,   71354,    7876,    3623,  585998,  112445,  345567,  123541,    7197,   12662,  125989,   48708,   54681,   34814,   18625,   75506,  539637,  562945,   46361,   23053,    4009,    3582,   17736,     913,    2201,     279,    8632,   -2816,   -9180,    -948,   -2544,     213,    3491,    5889,     518,   -1880,  100.0,   21.3,   59.4,   19.3,    0.9,    2.5,   19.5,    7.0,   10.3,    5.0,    1.9,   13.9,   91.8,   96.0,    8.2,    4.0,  100.0,   37.4,   62.7,    8.6,    2.3,    1.5,   20.9,   13.2,    1.2,   10.4,    4.8,    9.6,   89.5,   95.2,   10.5,    4.8,  100.0,   19.2,   59.0,   21.1,    1.2,    2.2,   21.5,    8.3,    9.3,    5.9,    3.2,   12.9,   92.1,   96.1,    7.9,    3.9,    333,    114,    106,     23,      6,     17,     67,     33,     62,     42,     22,     41,    297,    246,    195,     60,     68,     12,      6,      7,     25,     12,      9,     22,     12,     16,    132,    117,    326,    103,     95,     23,      6,     15,     61,     39,     57,     35,     30,     39,    279,    230,     8.9,    33.1,    17.0,    41.5,     8.2,    29.7,    15.6,    34.3,    14.7,    36.3,    25.3,    45.5,    14.5,    36.2,    25.0,    44.7,     9.5,    34.6,    18.4,    43.9,     9.1,    31.7,    17.3,    37.2,"(CONTRACTS OF 100 TONS)","026603","CBT ","026 ","A30","Combined"
"COTTON NO. 2 - ICE FUTURES U.S.",260818,2026-08-18,033661,ICUS,01,033 ,  511090,   74531,  231556,   63494,   32840,   44603,   96430,   17762,   55409,   54773,   19586,  100551,  489792,  502309,   21298,    8781,  468866,   60207,  214838,   60825,   24924,   41884,   91545,   18590,   54044,   50120,   15826,   90113,  448737,  460219,   20129,    8646,   42224,   14324,   16718,    3288,    8535,    2101,    5841,     128,     409,    6081,    5189,    9010,   41055,   42090,    1169,     134,   12191,     487,   10511,    1260,   -3842,    3974,    5372,    -426,    1993,   -2445,    -196,    -185,   10456,   11830,    1734,     361,  100.0,   14.6,   45.3,   12.4,    6.4,    8.7,   18.9,    3.5,   10.8,   10.7,    3.8,   19.7,   95.8,   98.3,    4.2,    1.7,  100.0,   12.8,   45.8,   13.0,    5.3,    8.9,   19.5,    4.0,   11.5,   10.7,    3.4,   19.2,   95.7,   98.2,    4.3,    1.8,  100.0,   33.9,   39.6,    7.8,   20.2,    5.0,   13.8,    0.3,    1.0,   14.4,   12.3,   21.3,   97.2,   99.7,    2.8,    0.3,    382,     53,     57,     23,     16,     23,    102,     27,     71,    101,     39,     59,    329,    247,    380,     52,     56,     23,     15,     23,    100,     29,     69,     96,     44,     59,    327,    243,     96,     21,     23,      6,     14,      5,     12,.,.,     20,      7,     14,     69,     57,    13.5,    24.8,    22.2,    37.3,     5.2,    20.8,     8.8,    26.3,    13.3,    25.1,    21.0,    37.6,     5.0,    21.9,     8.9,    27.7,    38.8,    34.5,    55.6,    56.1,    34.5,    31.2,    46.5,    48.1,"(CONTRACTS OF 50,000 POUNDS)","033661","ICUS","033 ","A40","Combined"
"HENRY HUB - NEW YORK MERCANTILE EXCHANGE",260818,2026-08-18,03565B,NYME,01,023 ,  397858,   31361,   19333,   22143,  292154,   45142,       0,    6352,       0,  284518,   18545,    1959,  385123,  383485,   12735,   14373,  397858,   31361,   19333,   22143,  292154,   45142,       0,    6352,       0,  284518,   18545,    1959,  385123,  383485,   12735,   14373,       0,       0,       0,       0,       0,       0,       0,       0,       0,       0,       0,       0,       0,       0,       0,       0,    4922,    1236,    5407,    -366,   -2832,     179,       0,       0,       0,    3879,    1358,      -6,    4922,    4106,       0,     816,  100.0,    7.9,    4.9,    5.6,   73.4,   11.3,    0.0,    1.6,    0.0,   71.5,    4.7,    0.5,   96.8,   96.4,    3.2,    3.6,  100.0,    7.9,    4.9,    5.6,   73.4,   11.3,    0.0,    1.6,    0.0,   71.5,    4.7,    0.5,   96.8,   96.4,    3.2,    3.6,  100.0,    0.0,    0.0,    0.0,    0.0,    0.0,    0.0,    0.0,    0.0,    0.0,    0.0,    0.0,    0.0,    0.0,    0.0,    0.0,     34,      5,      5,.,     12,     12,      0,.,      0,      6,.,.,     25,     25,     34,      5,      5,.,     12,     12,      0,.,      0,      6,.,.,     25,     25,      0,      0,      0,      0,      0,      0,      0,      0,      0,      0,      0,      0,      0,      0,    70.5,    58.9,    83.6,    82.2,    70.1,    55.9,    80.4,    76.3,    70.5,    58.9,    83.6,    82.2,    70.1,    55.9,    80.4,    76.3,     0.0,     0.0,     0.0,     0.0,     0.0,     0.0,     0.0,     0.0,"(Contracts of 2,500  MMBTU'S)","03565B","NYME","023 ","N13","Combined"
"HENRY HUB PENULTIMATE NAT GAS - NEW YORK MERCANTILE EXCHANGE",260818,2026-08-18,03565C,NYME,01,023 ,  109942,   11049,   15596,   21730,   23411,   30258,    6260,    7884,    4714,   10684,    7948,   12756,   97451,  102567,   12491,    7375,  109942,   11049,   15596,   21730,   23411,   30258,    6260,    7884,    4714,   10684,    7948,   12756,   97451,  102567,   12491,    7375,       0,       0,       0,       0,       0,       0,       0,       0,       0,       0,       0,       0,       0,       0,       0,       0,     753,       0,       0,       0,    1792,    -687,     270,    -112,    -270,    1465,    -327,     -25,     753,     371,       0,     382,  100.0,   10.0,   14.2,   19.8,   21.3,   27.5,    5.7,    7.2,    4.3,    9.7,    7.2,   11.6,   88.6,   93.3,   11.4,    6.7,  100.0,   10.0,   14.2,   19.8,   21.3,   27.5,    5.7,    7.2,    4.3,    9.7,    7.2,   11.6,   88.6,   93.3,   11.4,    6.7,  100.0,    0.0,    0.0,    0.0,    0.0,    0.0,    0.0,    0.0,    0.0,    0.0,    0.0,    0.0,    0.0,    0.0,    0.0,    0.0,     43,      6,      7,      6,      6,     11,      4,.,      5,     11,      5,     12,     40,     36,     43,      6,      7,      6,      6,     11,      4,.,      5,     11,      5,     12,     40,     36,      0,      0,      0,      0,      0,      0,      0,      0,      0,      0,      0,      0,      0,      0,    32.6,    35.1,    48.8,    61.8,    20.2,    24.4,    27.8,    36.9,    32.6,    35.1,    48.8,    61.8,    20.2,    24.4,    27.8,    36.9,     0.0,     0.0,     0.0,     0.0,     0.0,     0.0,     0.0,     0.0,"(Contracts of 2,500  MMBTU'S)","03565C","NYME","023 ","N13","Combined"
"USD Malaysian Crude Palm Oil C - CHICAGO MERCANTILE EXCHANGE",260818,2026-08-18,037021,CME ,00,037 ,   45449,   39621,   32862,     700,    3869,    2748,     120,    4652,       0,    1180,     298,    1020,   45389,   45449,      60,       0,   45449,   39621,   32862,     700,    3869,    2748,     120,    4652,       0,    1180,     298,    1020,   45389,   45449,      60,       0,       0,       0,       0,       0,       0,       0,       0,       0,       0,       0,       0,       0,       0,       0,       0,       0,   -2299,   -2395,   -2037,       0,   -1175,    -224,       0,     777,       0,     -40,       0,     360,   -2299,   -2299,       0,       0,  100.0,   87.2,   72.3,    1.5,    8.5,    6.0,    0.3,   10.2,    0.0,    2.6,    0.7,    2.2,   99.9,  100.0,    0.1,    0.0,  100.0,   87.2,   72.3,    1.5,    8.5,    6.0,    0.3,   10.2,    0.0,    2.6,    0.7,    2.2,   99.9,  100.0,    0.1,    0.0,  100.0,    0.0,    0.0,    0.0,    0.0,    0.0,    0.0,    0.0,    0.0,    0.0,    0.0,    0.0,    0.0,    0.0,    0.0,    0.0,     29,     10,     10,.,      5,      4,.,.,      0,.,.,.,     22,     20,     29,     10,     10,.,      5,      4,.,.,      0,.,.,.,     22,     20,      0,      0,      0,      0,      0,      0,      0,      0,      0,      0,      0,      0,      0,      0,    82.7,    62.9,    91.1,    88.8,    42.2,    39.7,    46.6,    47.1,    82.7,    62.9,    91.1,    88.8,    42.2,    39.7,    46.6,    47.1,     0.0,     0.0,     0.0,     0.0,     0.0,     0.0,     0.0,     0.0,"(CONTRACTS OF 25 METRIC TONS)","037021","CME ","037 ","A30","Combined"
"ROUGH RICE - CHICAGO BOARD OF TRADE",260818,2026-08-18,039601,CBT ,00,039 ,   15333,    5775,    8458,     259,       0,       0,    2941,    2522,      98,    1186,    1413,    1929,   12188,   14420,    3145,     913,   15333,    5775,    8458,     259,       0,       0,    2941,    2522,      98,    1186,    1413,    1929,   12188,   14420,    3145,     913,       0,       0,       0,       0,       0,       0,       0,       0,       0,       0,       0,       0,       0,       0,       0,       0,     232,     253,     330,    -111,       0,       0,      27,      56,     -11,     152,      38,     -33,     276,     380,     -45,    -149,  100.0,   37.7,   55.2,    1.7,    0.0,    0.0,   19.2,   16.4,    0.6,    7.7,    9.2,   12.6,   79.5,   94.0,   20.5,    6.0,  100.0,   37.7,   55.2,    1.7,    0.0,    0.0,   19.2,   16.4,    0.6,    7.7,    9.2,   12.6,   79.5,   94.0,   20.5,    6.0,  100.0,    0.0,    0.0,    0.0,    0.0,    0.0,    0.0,    0.0,    0.0,    0.0,    0.0,    0.0,    0.0,    0.0,    0.0,    0.0,     73,     19,     22,.,      0,      0,     13,      7,.,     12,      8,      8,     50,     43,     73,     19,     22,.,      0,      0,     13,      7,.,     12,      8,      8,     50,     43,      0,      0,      0,      0,      0,      0,      0,      0,      0,      0,      0,      0,      0,      0,    24.9,    36.0,    38.8,    53.3,    22.6,    35.7,    32.3,    51.1,    24.9,    36.0,    38.8,    53.3,    22.6,    35.7,    32.3,    51.1,     0.0,     0.0,     0.0,     0.0,     0.0,     0.0,     0.0,     0.0,"(CONTRACTS OF 200,000 POUNDS)","039601","CBT ","039 ","A10","Combined"
"FRZN CONCENTRATED ORANGE JUICE - ICE FUTURES U.S.",260818,2026-08-18,040701,ICUS,01,040 ,   10946,    2229,    3339,     842,      76,     172,    2324,    3994,      30,    1919,     299,    1216,    8732,    9126,    2214,    1820,    9680,    1450,    2666,     842,     146,     102,    2353,    3994,       1,    1940,     304,     913,    7602,    8126,    2078,    1554,    1266,     778,     673,      70,       0,       0,       0,      29,       0,     117,     133,     165,    1130,    1000,     136,     266,    -380,    -174,    -115,     -11,    -103,      98,      -6,     238,    -156,     -63,      91,    -165,    -476,    -111,      96,    -269,  100.0,   20.4,   30.5,    7.7,    0.7,    1.6,   21.2,   36.5,    0.3,   17.5,    2.7,   11.1,   79.8,   83.4,   20.2,   16.6,  100.0,   15.0,   27.5,    8.7,    1.5,    1.1,   24.3,   41.3,    0.0,   20.0,    3.1,    9.4,   78.5,   83.9,   21.5,   16.1,  100.0,   61.5,   53.2,    5.5,    0.0,    0.0,    0.0,    2.3,    0.0,    9.2,   10.5,   13.0,   89.3,   79.0,   10.7,   21.0,     55,     11,      6,.,.,.,      8,     13,.,     12,      6,      8,     39,     32,     55,     10,      6,.,.,.,      8,     13,.,     13,      5,      8,     38,     31,     20,     10,.,.,      0,      0,      0,.,      0,.,      6,      4,     17,     10,    22.8,    38.8,    36.9,    53.5,    22.6,    38.3,    36.7,    53.0,    25.0,    37.5,    39.7,    54.1,    24.8,    37.1,    39.5,    53.8,    47.0,    62.0,    72.8,    77.2,    46.7,    53.3,    64.5,    59.5,"(CONTRACTS OF 15,000 POUNDS)","040701","ICUS","040 ","A50","Combined"
"BUTTER (CASH SETTLED) - CHICAGO MERCANTILE EXCHANGE",260818,2026-08-18,050642,CME ,00,050 ,   29906,   14842,   15394,    4905,    1359,    2585,       0,     556,     493,     146,    3295,    5856,   28827,   29538,    1079,     367,   29906,   14842,   15394,    4905,    1359,    2585,       0,     556,     493,     146,    3295,    5856,   28827,   29538,    1079,     367,       0,       0,       0,       0,       0,       0,       0,       0,       0,       0,       0,       0,       0,       0,       0,       0,    1532,     790,     516,     196,     -36,     217,       0,      68,      37,     -30,     446,     277,    1488,    1526,      45,       6,  100.0,   49.6,   51.5,   16.4,    4.5,    8.6,    0.0,    1.9,    1.6,    0.5,   11.0,   19.6,   96.4,   98.8,    3.6,    1.2,  100.0,   49.6,   51.5,   16.4,    4.5,    8.6,    0.0,    1.9,    1.6,    0.5,   11.0,   19.6,   96.4,   98.8,    3.6,    1.2,  100.0,    0.0,    0.0,    0.0,    0.0,    0.0,    0.0,    0.0,    0.0,    0.0,    0.0,    0.0,    0.0,    0.0,    0.0,    0.0,     62,     38,     27,      6,.,      6,      0,.,.,.,      6,      6,     53,     44,     62,     38,     27,      6,.,      6,      0,.,.,.,      6,      6,     53,     44,      0,      0,      0,      0,      0,      0,      0,      0,      0,      0,      0,      0,      0,      0,    30.5,    36.0,    48.9,    59.3,    21.5,    22.9,    29.7,    34.0,    30.5,    36.0,    48.9,    59.3,    21.5,    22.9,    29.7,    34.0,     0.0,     0.0,     0.0,     0.0,     0.0,     0.0,     0.0,     0.0,"(CONTRACTS OF 20,000 POUNDS)","050642","CME ","050 ","A25","Combined"
"MILK, Class III - CHICAGO MERCANTILE EXCHANGE",260818,2026-08-18,052641,CME ,00,052 ,   61293,   18103,   15935,   10976,    3723,    3683,    1137,    4478,    1857,    8548,   10948,   12741,   57045,   53364,    4247,    7928,   61293,   18103,   15935,   10976,    3723,    3683,    1137,    4478,    1857,    8548,   10948,   12741,   57045,   53364,    4247,    7928,       0,       0,       0,       0,       0,       0,       0,       0,       0,       0,       0,       0,       0,       0,       0,       0,    1876,     720,     209,     -33,     173,     -92,     178,    -115,     236,     183,     837,     677,    1870,    1925,       6,     -49,  100.0,   29.5,   26.0,   17.9,    6.1,    6.0,    1.9,    7.3,    3.0,   13.9,   17.9,   20.8,   93.1,   87.1,    6.9,   12.9,  100.0,   29.5,   26.0,   17.9,    6.1,    6.0,    1.9,    7.3,    3.0,   13.9,   17.9,   20.8,   93.1,   87.1,    6.9,   12.9,  100.0,    0.0,    0.0,    0.0,    0.0,    0.0,    0.0,    0.0,    0.0,    0.0,    0.0,    0.0,    0.0,    0.0,    0.0,    0.0,    102,     44,     36,      5,.,      5,.,     14,.,     11,     18,     24,     82,     83,    102,     44,     36,      5,.,      5,.,     14,.,     11,     18,     24,     82,     83,      0,      0,      0,      0,      0,      0,      0,      0,      0,      0,      0,      0,      0,      0,    34.7,    26.5,    52.9,    43.5,    25.6,    21.8,    36.6,    30.5,    34.7,    26.5,    52.9,    43.5,    25.6,    21.8,    36.6,    30.5,     0.0,     0.0,     0.0,     0.0,     0.0,     0.0,     0.0,     0.0,"(CONTRACTS OF 200,000 POUNDS)","052641","CME ","052 ","A25","Combined"
"NON FAT DRY MILK - CHICAGO MERCANTILE EXCHANGE",260818,2026-08-18,052642,CME ,00,052 ,   21478,   10494,   10459,    2194,     462,    1247,      62,       0,    1953,     240,    2783,    4270,   20461,   21174,    1017,     304,   21478,   10494,   10459,    2194,     462,    1247,      62,       0,    1953,     240,    2783,    4270,   20461,   21174,    1017,     304,       0,       0,       0,       0,       0,       0,       0,       0,       0,       0,       0,       0,       0,       0,       0,       0,    1664,     341,     536,     316,     125,     107,      62,     -77,     236,      79,     295,     407,    1548,    1629,     116,      35,  100.0,   48.9,   48.7,   10.2,    2.2,    5.8,    0.3,    0.0,    9.1,    1.1,   13.0,   19.9,   95.3,   98.6,    4.7,    1.4,  100.0,   48.9,   48.7,   10.2,    2.2,    5.8,    0.3,    0.0,    9.1,    1.1,   13.0,   19.9,   95.3,   98.6,    4.7,    1.4,  100.0,    0.0,    0.0,    0.0,    0.0,    0.0,    0.0,    0.0,    0.0,    0.0,    0.0,    0.0,    0.0,    0.0,    0.0,    0.0,     53,     30,     22,      5,.,      5,.,      0,.,.,      6,      8,     48,     37,     53,     30,     22,      5,.,      5,.,      0,.,.,      6,      8,     48,     37,      0,      0,      0,      0,      0,      0,      0,      0,      0,      0,      0,      0,      0,      0,    26.7,    43.0,    46.2,    63.8,    17.5,    25.6,    27.7,    39.1,    26.7,    43.0,    46.2,    63.8,    17.5,    25.6,    27.7,    39.1,     0.0,     0.0,     0.0,     0.0,     0.0,     0.0,     0.0,     0.0,"(CONTRACTS OF 44,000 LBS.)","052642","CME ","052 ","A25","Combined"
"CME MILK IV - CHICAGO MERCANTILE EXCHANGE",260818,2026-08-18,052644,CME ,00,052 ,   25428,    6499,    8227,    1465,    1584,    1470,     583,       0,     644,    9008,    6489,    4969,   24638,   23382,     790,    2046,   25428,    6499,    8227,    1465,    1584,    1470,     583,       0,     644,    9008,    6489,    4969,   24638,   23382,     790,    2046,       0,       0,       0,       0,       0,       0,       0,       0,       0,       0,       0,       0,       0,       0,       0,       0,     310,    -347,    1839,     243,     174,    -423,     116,       0,      75,    1465,    -922,    -765,     364,     -21,     -53,     332,  100.0,   25.6,   32.4,    5.8,    6.2,    5.8,    2.3,    0.0,    2.5,   35.4,   25.5,   19.5,   96.9,   92.0,    3.1,    8.0,  100.0,   25.6,   32.4,    5.8,    6.2,    5.8,    2.3,    0.0,    2.5,   35.4,   25.5,   19.5,   96.9,   92.0,    3.1,    8.0,  100.0,    0.0,    0.0,    0.0,    0.0,    0.0,    0.0,    0.0,    0.0,    0.0,    0.0,    0.0,    0.0,    0.0,    0.0,    0.0,     54,     30,     30,.,.,      4,.,      0,.,      6,      7,     11,     46,     48,     54,     30,     30,.,.,      4,.,      0,.,      6,      7,     11,     46,     48,      0,      0,      0,      0,      0,      0,      0,      0,      0,      0,      0,      0,      0,      0,    51.9,    38.5,    75.3,    54.3,    40.1,    34.2,    54.1,    44.2,    51.9,    38.5,    75.3,    54.3,    40.1,    34.2,    54.1,    44.2,     0.0,     0.0,     0.0,     0.0,     0.0,     0.0,     0.0,     0.0,"(CONTRACTS OF 200,000 POUNDS)","052644","CME ","052 ","A25","Combined"
"DRY WHEY - CHICAGO MERCANTILE EXCHANGE",260818,2026-08-18,052645,CME ,00,063 ,    4562,    2858,     992,     811,    1120,       0,       0,     166,       3,       0,    1571,     318,    3990,    4170,     572,     391,    4562,    2858,     992,     811,    1120,       0,       0,     166,       3,       0,    1571,     318,    3990,    4170,     572,     391,       0,       0,       0,       0,       0,       0,       0,       0,       0,       0,       0,       0,       0,       0,       0,       0,     135,      92,       6,       0,      16,       0,       0,       0,       0,       0,      93,       2,      94,     117,      41,      18,  100.0,   62.6,   21.7,   17.8,   24.6,    0.0,    0.0,    3.6,    0.1,    0.0,   34.4,    7.0,   87.5,   91.4,   12.5,    8.6,  100.0,   62.6,   21.7,   17.8,   24.6,    0.0,    0.0,    3.6,    0.1,    0.0,   34.4,    7.0,   87.5,   91.4,   12.5,    8.6,  100.0,    0.0,    0.0,    0.0,    0.0,    0.0,    0.0,    0.0,    0.0,    0.0,    0.0,    0.0,    0.0,    0.0,    0.0,    0.0,     21,     11,      5,.,.,      0,      0,.,.,      0,      5,      4,     18,     12,     21,     11,      5,.,.,      0,      0,.,.,      0,      5,      4,     18,     12,      0,      0,      0,      0,      0,      0,      0,      0,      0,      0,      0,      0,      0,      0,    53.3,    57.6,    72.2,    77.9,    48.1,    54.0,    63.3,    70.5,    53.3,    57.6,    72.2,    77.9,    48.1,    54.0,    63.3,    70.5,     0.0,     0.0,     0.0,     0.0,     0.0,     0.0,     0.0,     0.0,"(CONTRACTS OF 44,000 LBS.)","052645","CME ","063 ","A25","Combined"
"LEAN HOGS - CHICAGO MERCANTILE EXCHANGE",260818,2026-08-18,054642,CME ,00,054 ,  391825,   61840,  100593,   78907,    5128,    7979,   61068,   84554,   60979,   12087,   22490,   85763,  368625,  367487,   23200,   24338,  175984,   27651,   30238,   34664,    3106,    3421,   56375,   75537,   10203,   12710,   21344,   20903,  165927,  164752,   10057,   11233,  215841,   34189,   70355,   44818,    2596,    3985,   31881,   36205,   23588,   12161,   13930,   52076,  202697,  202735,   13143,   13106,    8665,    5583,   -3960,    2144,    -374,    -150,    -634,    7732,     635,   -1323,    3989,     881,    7137,    8752,    1528,     -87,  100.0,   15.8,   25.7,   20.1,    1.3,    2.0,   15.6,   21.6,   15.6,    3.1,    5.7,   21.9,   94.1,   93.8,    5.9,    6.2,  100.0,   15.7,   17.2,   19.7,    1.8,    1.9,   32.0,   42.9,    5.8,    7.2,   12.1,   11.9,   94.3,   93.6,    5.7,    6.4,  100.0,   15.8,   32.6,   20.8,    1.2,    1.8,   14.8,   16.8,   10.9,    5.6,    6.5,   24.1,   93.9,   93.9,    6.1,    6.1,    350,     84,     81,     20,      5,     16,     55,     69,     64,     43,     48,     61,    281,    278,    327,     72,     71,     17,      8,      9,     53,     69,     33,     35,     52,     27,    221,    225,    263,     78,     72,     18,      5,     12,     38,     38,     40,     38,     30,     47,    217,    203,    15.6,    18.6,    25.8,    28.0,    12.3,    13.8,    18.4,    19.2,    19.5,    13.8,    30.4,    24.6,    19.3,    13.8,    28.8,    23.4,    16.8,    25.8,    28.4,    37.2,    11.8,    19.4,    20.9,    24.5,"(CONTRACTS OF 40,000 POUNDS)","054642","CME ","054 ","A20","Combined"
"LIVE CATTLE - CHICAGO MERCANTILE EXCHANGE",260818,2026-08-18,057642,CME ,00,057 ,  406254,   69190,  178210,   68391,    4376,    3260,   77812,   16298,   58906,   13521,   14206,   85505,  376584,  360761,   29669,   45493,  406254,   69190,  178210,   68391,    4376,    3260,   77812,   16298,   58906,   13521,   14206,   85505,  376584,  360761,   29669,   45493,       0,       0,       0,       0,       0,       0,       0,       0,       0,       0,       0,       0,       0,       0,       0,       0,   25891,    9665,    2530,     534,    -612,     234,   -1552,    1597,    8282,     242,    4671,    9530,   26934,   26233,   -1043,    -342,  100.0,   17.0,   43.9,   16.8,    1.1,    0.8,   19.2,    4.0,   14.5,    3.3,    3.5,   21.0,   92.7,   88.8,    7.3,   11.2,  100.0,   17.0,   43.9,   16.8,    1.1,    0.8,   19.2,    4.0,   14.5,    3.3,    3.5,   21.0,   92.7,   88.8,    7.3,   11.2,  100.0,    0.0,    0.0,    0.0,    0.0,    0.0,    0.0,    0.0,    0.0,    0.0,    0.0,    0.0,    0.0,    0.0,    0.0,    0.0,    424,    138,    160,     18,      5,     12,     78,     36,     75,     59,     35,     62,    358,    334,    424,    138,    160,     18,      5,     12,     78,     36,     75,     59,     35,     62,    358,    334,      0,      0,      0,      0,      0,      0,      0,      0,      0,      0,      0,      0,      0,      0,    14.9,    15.8,    23.9,    24.9,    10.0,    11.3,    15.3,    16.8,    14.9,    15.8,    23.9,    24.9,    10.0,    11.3,    15.3,    16.8,     0.0,     0.0,     0.0,     0.0,     0.0,     0.0,     0.0,     0.0,"(CONTRACTS OF 40,000 POUNDS)","057642","CME ","057 ","A20","Combined"
"LUMBER - CHICAGO MERCANTILE EXCHANGE",260818,2026-08-18,058644,CME ,00,058 ,    9831,    5901,    1502,     688,     629,      45,     379,    5081,       0,    1517,    1367,     407,    8936,    9030,     895,     801,    9831,    5901,    1502,     688,     629,      45,     379,    5081,       0,    1517,    1367,     407,    8936,    9030,     895,     801,       0,       0,       0,       0,       0,       0,       0,       0,       0,       0,       0,       0,       0,       0,       0,       0,    1116,     763,    -168,       1,       4,       8,     106,    1089,      -1,     195,       0,      54,    1126,     986,     -10,     130,  100.0,   60.0,   15.3,    7.0,    6.4,    0.5,    3.9,   51.7,    0.0,   15.4,   13.9,    4.1,   90.9,   91.9,    9.1,    8.1,  100.0,   60.0,   15.3,    7.0,    6.4,    0.5,    3.9,   51.7,    0.0,   15.4,   13.9,    4.1,   90.9,   91.9,    9.1,    8.1,  100.0,    0.0,    0.0,    0.0,    0.0,    0.0,    0.0,    0.0,    0.0,    0.0,    0.0,    0.0,    0.0,    0.0,    0.0,    0.0,     95,     31,     19,.,.,.,.,     25,      0,     18,     10,     11,     56,     68,     95,     31,     19,.,.,.,.,     25,      0,     18,     10,     11,     56,     68,      0,      0,      0,      0,      0,      0,      0,      0,      0,      0,      0,      0,      0,      0,    28.7,    25.8,    45.8,    42.3,    27.5,    25.8,    42.3,    42.1,    28.7,    25.8,    45.8,    42.3,    27.5,    25.8,    42.3,    42.1,     0.0,     0.0,     0.0,     0.0,     0.0,     0.0,     0.0,     0.0,"(CONTRACTS OF 27,500 BOARD FEET)","058644","CME ","058 ","N30","Combined"
"FEEDER CATTLE - CHICAGO MERCANTILE EXCHANGE",260818,2026-08-18,061641,CME ,00,061 ,  112956,   15055,   18138,    7011,     930,    3158,   17039,    9541,   13954,    2303,   11837,   39590,   98111,   97149,   14845,   15807,  112956,   15055,   18138,    7011,     930,    3158,   17039,    9541,   13954,    2303,   11837,   39590,   98111,   97149,   14845,   15807,       0,       0,       0,       0,       0,       0,       0,       0,       0,       0,       0,       0,       0,       0,       0,       0,    5489,    2160,    -282,      75,    -164,    -225,    -420,     820,     839,    -250,    1677,    2011,    4191,    4677,    1298,     812,  100.0,   13.3,   16.1,    6.2,    0.8,    2.8,   15.1,    8.4,   12.4,    2.0,   10.5,   35.0,   86.9,   86.0,   13.1,   14.0,  100.0,   13.3,   16.1,    6.2,    0.8,    2.8,   15.1,    8.4,   12.4,    2.0,   10.5,   35.0,   86.9,   86.0,   13.1,   14.0,  100.0,    0.0,    0.0,    0.0,    0.0,    0.0,    0.0,    0.0,    0.0,    0.0,    0.0,    0.0,    0.0,    0.0,    0.0,    0.0,    311,     94,    104,     14,      5,     12,     48,     19,     36,     39,     48,     63,    250,    245,    311,     94,    104,     14,      5,     12,     48,     19,     36,     39,     48,     63,    250,    245,      0,      0,      0,      0,      0,      0,      0,      0,      0,      0,      0,      0,      0,      0,    19.5,    22.3,    31.2,    35.4,     5.5,    12.2,    10.1,    16.7,    19.5,    22.3,    31.2,    35.4,     5.5,    12.2,    10.1,    16.7,     0.0,     0.0,     0.0,     0.0,     0.0,     0.0,     0.0,     0.0,"(CONTRACTS OF 50,000 POUNDS)","061641","CME ","061 ","A20","Combined"
"CHEESE (CASH-SETTLED) - CHICAGO MERCANTILE EXCHANGE",260818,2026-08-18,063642,CME ,00,063 ,   41380,   21624,   18765,   10576,    3347,    2799,     346,    3466,    1434,     121,    7649,    3327,   40227,   40786,    1153,     594,   41380,   21624,   18765,   10576,    3347,    2799,     346,    3466,    1434,     121,    7649,    3327,   40227,   40786,    1153,     594,       0,       0,       0,       0,       0,       0,       0,       0,       0,       0,       0,       0,       0,       0,       0,       0,     282,     483,     244,     -59,      -4,     -18,       6,     138,      -7,      30,     174,    -145,     289,     381,      -8,    -100,  100.0,   52.3,   45.3,   25.6,    8.1,    6.8,    0.8,    8.4,    3.5,    0.3,   18.5,    8.0,   97.2,   98.6,    2.8,    1.4,  100.0,   52.3,   45.3,   25.6,    8.1,    6.8,    0.8,    8.4,    3.5,    0.3,   18.5,    8.0,   97.2,   98.6,    2.8,    1.4,  100.0,    0.0,    0.0,    0.0,    0.0,    0.0,    0.0,    0.0,    0.0,    0.0,    0.0,    0.0,    0.0,    0.0,    0.0,    0.0,     84,     38,     35,.,.,      5,.,     13,.,.,     14,     10,     59,     69,     84,     38,     35,.,.,      5,.,     13,.,.,     14,     10,     59,     69,      0,      0,      0,      0,      0,      0,      0,      0,      0,      0,      0,      0,      0,      0,    41.7,    25.4,    59.7,    46.7,    39.6,    20.4,    55.0,    36.0,    41.7,    25.4,    59.7,    46.7,    39.6,    20.4,    55.0,    36.0,     0.0,     0.0,     0.0,     0.0,     0.0,     0.0,     0.0,     0.0,"(CONTRACTS OF 20,000 POUNDS)","063642","CME ","063 ","A25","Combined"
"MID-C DAY-AHEAD PEAK - ICE FUTURES ENERGY DIV",260818,2026-08-18,064391,IFED,01,064 ,   45720,   26749,   31681,    7360,      85,    2414,    1765,    5685,    2017,    2131,    1062,    2679,   45115,   45623,     605,      97,   45720,   26749,   31681,    7360,      85,    2414,    1765,    5685,    2017,    2131,    1062,    2679,   45115,   45623,     605,      97,       0,       0,       0,       0,       0,       0,       0,       0,       0,       0,       0,       0,       0,       0,       0,       0,    1218,     291,     645,     228,     -65,     -10,    -210,    -212,     540,     300,     292,      79,    1218,    1269,       0,     -51,  100.0,   58.5,   69.3,   16.1,    0.2,    5.3,    3.9,   12.4,    4.4,    4.7,    2.3,    5.9,   98.7,   99.8,    1.3,    0.2,  100.0,   58.5,   69.3,   16.1,    0.2,    5.3,    3.9,   12.4,    4.4,    4.7,    2.3,    5.9,   98.7,   99.8,    1.3,    0.2,  100.0,    0.0,    0.0,    0.0,    0.0,    0.0,    0.0,    0.0,    0.0,    0.0,    0.0,    0.0,    0.0,    0.0,    0.0,    0.0,     61,     26,     28,      6,.,      4,.,     10,      4,      6,      5,      8,     47,     54,     61,     26,     28,      6,.,      4,.,     10,      4,      6,      5,      8,     47,     54,      0,      0,      0,      0,      0,      0,      0,      0,      0,      0,      0,      0,      0,      0,    37.0,    43.2,    58.1,    66.6,    33.6,    41.7,    45.9,    59.0,    37.0,    43.2,    58.1,    66.6,    33.6,    41.7,    45.9,    59.0,     0.0,     0.0,     0.0,     0.0,     0.0,     0.0,     0.0,     0.0,"(Contracts of about 400 MWh)","064391","IFED","064 ","N16","Combined"
"MID-C DAY-AHEAD OFF-PEAK - ICE FUTURES ENERGY DIV",260818,2026-08-18,064392,IFED,01,064 ,   29747,   17202,   19868,    5176,     230,    1756,     992,    3770,     366,    3098,    3142,     380,   28970,   29512,     777,     235,   29747,   17202,   19868,    5176,     230,    1756,     992,    3770,     366,    3098,    3142,     380,   28970,   29512,     777,     235,       0,       0,       0,       0,       0,       0,       0,       0,       0,       0,       0,       0,       0,       0,       0,       0,     768,     330,     514,     479,       0,     -40,     215,     105,    -105,     198,     643,    -309,     768,     808,       0,     -40,  100.0,   57.8,   66.8,   17.4,    0.8,    5.9,    3.3,   12.7,    1.2,   10.4,   10.6,    1.3,   97.4,   99.2,    2.6,    0.8,  100.0,   57.8,   66.8,   17.4,    0.8,    5.9,    3.3,   12.7,    1.2,   10.4,   10.6,    1.3,   97.4,   99.2,    2.6,    0.8,  100.0,    0.0,    0.0,    0.0,    0.0,    0.0,    0.0,    0.0,    0.0,    0.0,    0.0,    0.0,    0.0,    0.0,    0.0,    0.0,     42,     21,     22,      4,.,.,.,      4,.,      4,      4,.,     33,     37,     42,     21,     22,      4,.,.,.,      4,.,      4,      4,.,     33,     37,      0,      0,      0,      0,      0,      0,      0,      0,      0,      0,      0,      0,      0,      0,    42.6,    44.5,    62.7,    72.5,    32.4,    41.5,    48.6,    59.9,    42.6,    44.5,    62.7,    72.5,    32.4,    41.5,    48.6,    59.9,     0.0,     0.0,     0.0,     0.0,     0.0,     0.0,     0.0,     0.0,"(Contracts of about 352 MWh)","064392","IFED","064 ","N16","Combined"
"PJM WESTERN HUB RT OFF - ICE FUTURES ENERGY DIV",260818,2026-08-18,064394,IFED,01,064 ,  262295,  103541,  157414,    3277,   46067,   13762,  102027,    5065,   13130,   10904,   11846,   14639,  261280,  261923,    1015,     372,  262295,  103541,  157414,    3277,   46067,   13762,  102027,    5065,   13130,   10904,   11846,   14639,  261280,  261923,    1015,     372,       0,       0,       0,       0,       0,       0,       0,       0,       0,       0,       0,       0,       0,       0,       0,       0,    3025,     452,    1400,    -539,     123,     399,     798,      -7,     550,    1288,     544,      57,    3005,    3066,      20,     -41,  100.0,   39.5,   60.0,    1.2,   17.6,    5.2,   38.9,    1.9,    5.0,    4.2,    4.5,    5.6,   99.6,   99.9,    0.4,    0.1,  100.0,   39.5,   60.0,    1.2,   17.6,    5.2,   38.9,    1.9,    5.0,    4.2,    4.5,    5.6,   99.6,   99.9,    0.4,    0.1,  100.0,    0.0,    0.0,    0.0,    0.0,    0.0,    0.0,    0.0,    0.0,    0.0,    0.0,    0.0,    0.0,    0.0,    0.0,    0.0,     86,     36,     31,.,      7,      7,     19,.,     10,     10,      8,     12,     79,     66,     86,     36,     31,.,      7,      7,     19,.,     10,     10,      8,     12,     79,     66,      0,      0,      0,      0,      0,      0,      0,      0,      0,      0,      0,      0,      0,      0,    42.6,    41.8,    55.4,    59.4,    37.7,    34.4,    46.5,    46.6,    42.6,    41.8,    55.4,    59.4,    37.7,    34.4,    46.5,    46.6,     0.0,     0.0,     0.0,     0.0,     0.0,     0.0,     0.0,     0.0,"(Contracts of about 352 MWh)","064394","IFED","064 ","N16","Combined"
"SP15 FIN DA PEAK FIXED - ICE FUTURES ENERGY DIV",260818,2026-08-18,064395,IFED,01,064 ,  106458,   73678,   51147,    9759,   14958,    3905,     315,   19524,    7845,    4180,    2141,    6599,  106281,  106119,     177,     339,  106458,   73678,   51147,    9759,   14958,    3905,     315,   19524,    7845,    4180,    2141,    6599,  106281,  106119,     177,     339,       0,       0,       0,       0,       0,       0,       0,       0,       0,       0,       0,       0,       0,       0,       0,       0,    1531,    1428,    -304,   -1191,    -284,     938,    -683,     184,     671,    -514,    -551,     874,    1523,    1528,       8,       3,  100.0,   69.2,   48.0,    9.2,   14.1,    3.7,    0.3,   18.3,    7.4,    3.9,    2.0,    6.2,   99.8,   99.7,    0.2,    0.3,  100.0,   69.2,   48.0,    9.2,   14.1,    3.7,    0.3,   18.3,    7.4,    3.9,    2.0,    6.2,   99.8,   99.7,    0.2,    0.3,  100.0,    0.0,    0.0,    0.0,    0.0,    0.0,    0.0,    0.0,    0.0,    0.0,    0.0,    0.0,    0.0,    0.0,    0.0,    0.0,     75,     30,     29,      5,.,      6,.,     13,.,      9,      7,     11,     55,     62,     75,     30,     29,      5,.,      6,.,     13,.,      9,      7,     11,     55,     62,      0,      0,      0,      0,      0,      0,      0,      0,      0,      0,      0,      0,      0,      0,    44.6,    41.8,    71.6,    60.9,    42.1,    34.4,    58.7,    50.1,    44.6,    41.8,    71.6,    60.9,    42.1,    34.4,    58.7,    50.1,     0.0,     0.0,     0.0,     0.0,     0.0,     0.0,     0.0,     0.0,"(Contracts of about 400 MWh)","064395","IFED","064 ","N16","Combined"
"CAISO SP-15 DA OFF-PK FIXED - ICE FUTURES ENERGY DIV",260818,2026-08-18,064396,IFED,01,064 ,   80376,   55681,   36522,    2713,    9222,    6422,    6275,    7502,    4937,     275,   11821,    3822,   80125,   80248,     251,     128,   80376,   55681,   36522,    2713,    9222,    6422,    6275,    7502,    4937,     275,   11821,    3822,   80125,   80248,     251,     128,       0,       0,       0,       0,       0,       0,       0,       0,       0,       0,       0,       0,       0,       0,       0,       0,    -324,     464,    1152,    -848,     435,    -125,      60,      34,       0,    -124,   -2084,     281,    -292,    -307,     -32,     -17,  100.0,   69.3,   45.4,    3.4,   11.5,    8.0,    7.8,    9.3,    6.1,    0.3,   14.7,    4.8,   99.7,   99.8,    0.3,    0.2,  100.0,   69.3,   45.4,    3.4,   11.5,    8.0,    7.8,    9.3,    6.1,    0.3,   14.7,    4.8,   99.7,   99.8,    0.3,    0.2,  100.0,    0.0,    0.0,    0.0,    0.0,    0.0,    0.0,    0.0,    0.0,    0.0,    0.0,    0.0,    0.0,    0.0,    0.0,    0.0,     44,     23,     18,      5,.,      5,.,.,.,.,      5,      5,     40,     31,     44,     23,     18,      5,.,      5,.,.,.,.,      5,      5,     40,     31,      0,      0,      0,      0,      0,      0,      0,      0,      0,      0,      0,      0,      0,      0,    48.3,    52.3,    71.0,    75.9,    42.5,    44.6,    59.4,    62.5,    48.3,    52.3,    71.0,    75.9,    42.5,    44.6,    59.4,    62.5,     0.0,     0.0,     0.0,     0.0,     0.0,     0.0,     0.0,     0.0,"(Contracts of about 352 MWh)","064396","IFED","064 ","N16","Combined"
"PJM AEP DAYTON RT OFF-PK FIXED - ICE FUTURES ENERGY DIV",260818,2026-08-18,06439A,IFED,01,064 ,   54631,   27866,   25437,     632,    9959,    3162,     130,    9415,    1819,   19367,    3010,    1214,   54190,   54016,     441,     615,   54631,   27866,   25437,     632,    9959,    3162,     130,    9415,    1819,   19367,    3010,    1214,   54190,   54016,     441,     615,       0,       0,       0,       0,       0,       0,       0,       0,       0,       0,       0,       0,       0,       0,       0,       0,    1174,     325,    1395,      34,    -956,     601,       0,    -650,       5,     275,    1387,      42,    1282,    1824,    -108,    -650,  100.0,   51.0,   46.6,    1.2,   18.2,    5.8,    0.2,   17.2,    3.3,   35.5,    5.5,    2.2,   99.2,   98.9,    0.8,    1.1,  100.0,   51.0,   46.6,    1.2,   18.2,    5.8,    0.2,   17.2,    3.3,   35.5,    5.5,    2.2,   99.2,   98.9,    0.8,    1.1,  100.0,    0.0,    0.0,    0.0,    0.0,    0.0,    0.0,    0.0,    0.0,    0.0,    0.0,    0.0,    0.0,    0.0,    0.0,    0.0,     47,     24,     21,.,      5,      7,.,      6,.,      4,      4,      5,     41,     41,     47,     24,     21,.,      5,      7,.,      6,.,      4,      4,      5,     41,     41,      0,      0,      0,      0,      0,      0,      0,      0,      0,      0,      0,      0,      0,      0,    57.3,    38.8,    69.4,    56.1,    52.4,    33.7,    57.0,    45.7,    57.3,    38.8,    69.4,    56.1,    52.4,    33.7,    57.0,    45.7,     0.0,     0.0,     0.0,     0.0,     0.0,     0.0,     0.0,     0.0,"(Contracts of about 352 MWh)","06439A","IFED","064 ","N16","Combined"
"PJM AEP DAYTON RT PEAK FIXED - ICE FUTURES ENERGY DIV",260818,2026-08-18,06439B,IFED,01,064 ,   70025,   33670,   37708,    2569,   10545,    4025,    6931,    9925,    2107,   17585,    3060,    1942,   68829,   69312,    1196,     713,   70025,   33670,   37708,    2569,   10545,    4025,    6931,    9925,    2107,   17585,    3060,    1942,   68829,   69312,    1196,     713,       0,       0,       0,       0,       0,       0,       0,       0,       0,       0,       0,       0,       0,       0,       0,       0,     594,   -1194,    1486,     471,   -1110,     583,    1572,     157,   -1117,     237,     692,      82,     634,     773,     -40,    -179,  100.0,   48.1,   53.8,    3.7,   15.1,    5.7,    9.9,   14.2,    3.0,   25.1,    4.4,    2.8,   98.3,   99.0,    1.7,    1.0,  100.0,   48.1,   53.8,    3.7,   15.1,    5.7,    9.9,   14.2,    3.0,   25.1,    4.4,    2.8,   98.3,   99.0,    1.7,    1.0,  100.0,    0.0,    0.0,    0.0,    0.0,    0.0,    0.0,    0.0,    0.0,    0.0,    0.0,    0.0,    0.0,    0.0,    0.0,    0.0,     61,     26,     23,.,      4,      7,      9,      4,      4,      6,      7,      7,     54,     46,     61,     26,     23,.,      4,      7,      9,      4,      4,      6,      7,      7,     54,     46,      0,      0,      0,      0,      0,      0,      0,      0,      0,      0,      0,      0,      0,      0,    42.5,    39.3,    60.3,    56.4,    37.0,    35.5,    47.2,    45.6,    42.5,    39.3,    60.3,    56.4,    37.0,    35.5,    47.2,    45.6,     0.0,     0.0,     0.0,     0.0,     0.0,     0.0,     0.0,     0.0,"(Contracts of 800 MWh)","06439B","IFED","064 ","N16","Combined"
"PJM AEP DAYTON HUB DA OFF-PK  - ICE FUTURES ENERGY DIV",260818,2026-08-18,06439C,IFED,01,064 ,   55851,   26390,   10742,    3231,   27125,    1098,       0,    2316,    1806,   20965,   11450,     734,   54224,   55271,    1627,     580,   55851,   26390,   10742,    3231,   27125,    1098,       0,    2316,    1806,   20965,   11450,     734,   54224,   55271,    1627,     580,       0,       0,       0,       0,       0,       0,       0,       0,       0,       0,       0,       0,       0,       0,       0,       0,    2439,    1185,    1216,     -40,       0,       9,       0,     -65,    1265,       1,     -24,      18,    2438,    2419,       1,      20,  100.0,   47.3,   19.2,    5.8,   48.6,    2.0,    0.0,    4.1,    3.2,   37.5,   20.5,    1.3,   97.1,   99.0,    2.9,    1.0,  100.0,   47.3,   19.2,    5.8,   48.6,    2.0,    0.0,    4.1,    3.2,   37.5,   20.5,    1.3,   97.1,   99.0,    2.9,    1.0,  100.0,    0.0,    0.0,    0.0,    0.0,    0.0,    0.0,    0.0,    0.0,    0.0,    0.0,    0.0,    0.0,    0.0,    0.0,    0.0,     48,     23,     20,      4,      5,      7,      0,.,.,      6,      4,      4,     38,     38,     48,     23,     20,      4,      5,      7,      0,.,.,      6,      4,      4,     38,     38,      0,      0,      0,      0,      0,      0,      0,      0,      0,      0,      0,      0,      0,      0,    48.2,    68.5,    65.1,    82.1,    47.4,    65.2,    62.8,    75.7,    48.2,    68.5,    65.1,    82.1,    47.4,    65.2,    62.8,    75.7,     0.0,     0.0,     0.0,     0.0,     0.0,     0.0,     0.0,     0.0,"(Contracts of about 352 MWh)","06439C","IFED","064 ","N16","Combined"
"AEP DAYTON HUB DA PEAK DAILY - ICE FUTURES ENERGY DIV",260818,2026-08-18,06439E,IFED,01,064 ,    3864,    3064,    2864,     600,       0,       0,       0,     150,       0,     150,     850,       0,    3814,    3864,      50,       0,    3864,    3064,    2864,     600,       0,       0,       0,     150,       0,     150,     850,       0,    3814,    3864,      50,       0,       0,       0,       0,       0,       0,       0,       0,       0,       0,       0,       0,       0,       0,       0,       0,       0,   -1318,   -1818,   -1568,     500,       0,       0,       0,       0,       0,     -50,     250,       0,   -1368,   -1318,      50,       0,  100.0,   79.3,   74.1,   15.5,    0.0,    0.0,    0.0,    3.9,    0.0,    3.9,   22.0,    0.0,   98.7,  100.0,    1.3,    0.0,  100.0,   79.3,   74.1,   15.5,    0.0,    0.0,    0.0,    3.9,    0.0,    3.9,   22.0,    0.0,   98.7,  100.0,    1.3,    0.0,  100.0,    0.0,    0.0,    0.0,    0.0,    0.0,    0.0,    0.0,    0.0,    0.0,    0.0,    0.0,    0.0,    0.0,    0.0,    0.0,     22,      8,     11,.,      0,      0,      0,.,      0,.,.,      0,     12,     15,     22,      8,     11,.,      0,      0,      0,.,      0,.,.,      0,     12,     15,      0,      0,      0,      0,      0,      0,      0,      0,      0,      0,      0,      0,      0,      0,    68.8,    63.5,    90.9,    89.4,    66.4,    60.8,    83.5,    80.3,    68.8,    63.5,    90.9,    89.4,    66.4,    60.8,    83.5,    80.3,     0.0,     0.0,     0.0,     0.0,     0.0,     0.0,     0.0,     0.0,"(Contracts of about 16 MWh)","06439E","IFED","064 ","N16","Combined"
"PJM AEP DAYTON DA PEAK - ICE FUTURES ENERGY DIV",260818,2026-08-18,06439F,IFED,01,064 ,   65654,   34209,   19880,    4564,   25612,    1938,       0,    2719,    1728,   20754,   12366,     904,   64097,   65147,    1557,     507,   65654,   34209,   19880,    4564,   25612,    1938,       0,    2719,    1728,   20754,   12366,     904,   64097,   65147,    1557,     507,       0,       0,       0,       0,       0,       0,       0,       0,       0,       0,       0,       0,       0,       0,       0,       0,    2994,    2249,    1739,       0,    -189,       0,       0,    -115,    1315,    -625,     201,      43,    2982,    2994,      12,       0,  100.0,   52.1,   30.3,    7.0,   39.0,    3.0,    0.0,    4.1,    2.6,   31.6,   18.8,    1.4,   97.6,   99.2,    2.4,    0.8,  100.0,   52.1,   30.3,    7.0,   39.0,    3.0,    0.0,    4.1,    2.6,   31.6,   18.8,    1.4,   97.6,   99.2,    2.4,    0.8,  100.0,    0.0,    0.0,    0.0,    0.0,    0.0,    0.0,    0.0,    0.0,    0.0,    0.0,    0.0,    0.0,    0.0,    0.0,    0.0,     61,     28,     22,      5,      4,      5,      0,.,.,      8,      8,      6,     44,     46,     61,     28,     22,      5,      4,      5,      0,.,.,      8,      8,      6,     44,     46,      0,      0,      0,      0,      0,      0,      0,      0,      0,      0,      0,      0,      0,      0,    42.0,    63.3,    57.8,    79.0,    41.3,    60.2,    56.1,    71.4,    42.0,    63.3,    57.8,    79.0,    41.3,    60.2,    56.1,    71.4,     0.0,     0.0,     0.0,     0.0,     0.0,     0.0,     0.0,     0.0,"(Contracts of about 352 MWh)","06439F","IFED","064 ","N16","Combined"
"MISO INDIANA  OFF-PEAK - ICE FUTURES ENERGY DIV",260818,2026-08-18,06439K,IFED,01,064 ,   42334,   36279,   23571,     140,    3727,    5195,       0,     120,     110,      35,    9400,     125,   41884,   42248,     450,      86,   42334,   36279,   23571,     140,    3727,    5195,       0,     120,     110,      35,    9400,     125,   41884,   42248,     450,      86,       0,       0,       0,       0,       0,       0,       0,       0,       0,       0,       0,       0,       0,       0,       0,       0,     -72,    -147,     -89,       0,       0,       0,       0,      25,       0,       0,       0,       0,    -147,     -64,      75,      -8,  100.0,   85.7,   55.7,    0.3,    8.8,   12.3,    0.0,    0.3,    0.3,    0.1,   22.2,    0.3,   98.9,   99.8,    1.1,    0.2,  100.0,   85.7,   55.7,    0.3,    8.8,   12.3,    0.0,    0.3,    0.3,    0.1,   22.2,    0.3,   98.9,   99.8,    1.1,    0.2,  100.0,    0.0,    0.0,    0.0,    0.0,    0.0,    0.0,    0.0,    0.0,    0.0,    0.0,    0.0,    0.0,    0.0,    0.0,    0.0,     29,     17,     14,.,      4,.,      0,.,.,.,.,.,     24,     22,     29,     17,     14,.,      4,.,      0,.,.,.,.,.,     24,     22,      0,      0,      0,      0,      0,      0,      0,      0,      0,      0,      0,      0,      0,      0,    84.0,    54.3,    93.3,    82.2,    65.9,    39.8,    68.9,    61.4,    84.0,    54.3,    93.3,    82.2,    65.9,    39.8,    68.9,    61.4,     0.0,     0.0,     0.0,     0.0,     0.0,     0.0,     0.0,     0.0,"(Contracts of about 352 MWh)","06439K","IFED","064 ","N16","Combined"
"MISO IN. REAL-TIME OFF-PEAK - ICE FUTURES ENERGY DIV",260818,2026-08-18,06439L,IFED,01,064 ,   29890,   21571,   16429,     803,    3836,    2006,    4135,    2574,       0,      25,    3669,    1020,   29560,   29534,     330,     356,   29890,   21571,   16429,     803,    3836,    2006,    4135,    2574,       0,      25,    3669,    1020,   29560,   29534,     330,     356,       0,       0,       0,       0,       0,       0,       0,       0,       0,       0,       0,       0,       0,       0,       0,       0,     233,     305,    -249,    -240,     312,     168,       0,       2,       0,       0,       0,       0,     233,     233,       0,       0,  100.0,   72.2,   55.0,    2.7,   12.8,    6.7,   13.8,    8.6,    0.0,    0.1,   12.3,    3.4,   98.9,   98.8,    1.1,    1.2,  100.0,   72.2,   55.0,    2.7,   12.8,    6.7,   13.8,    8.6,    0.0,    0.1,   12.3,    3.4,   98.9,   98.8,    1.1,    1.2,  100.0,    0.0,    0.0,    0.0,    0.0,    0.0,    0.0,    0.0,    0.0,    0.0,    0.0,    0.0,    0.0,    0.0,    0.0,    0.0,     29,     18,     14,.,      4,      5,.,.,      0,.,.,.,     26,     23,     29,     18,     14,.,      4,      5,.,.,      0,.,.,.,     26,     23,      0,      0,      0,      0,      0,      0,      0,      0,      0,      0,      0,      0,      0,      0,    54.0,    58.6,    74.3,    82.5,    42.3,    45.9,    54.0,    58.6,    54.0,    58.6,    74.3,    82.5,    42.3,    45.9,    54.0,    58.6,     0.0,     0.0,     0.0,     0.0,     0.0,     0.0,     0.0,     0.0,"(Contracts of about 352 MWh)","06439L","IFED","064 ","N16","Combined"
"ERCOT HOUSTON 345KV RT PK FIX - ICE FUTURES ENERGY DIV",260818,2026-08-18,06439N,IFED,01,064 ,   43820,   23809,   34894,    3945,    4061,    2690,    5051,     250,     250,    6321,     475,    1080,   43146,   43700,     674,     120,   43820,   23809,   34894,    3945,    4061,    2690,    5051,     250,     250,    6321,     475,    1080,   43146,   43700,     674,     120,       0,       0,       0,       0,       0,       0,       0,       0,       0,       0,       0,       0,       0,       0,       0,       0,     180,     174,     150,     -30,       0,      30,       1,       0,       0,       1,       0,       0,     176,     180,       4,       0,  100.0,   54.3,   79.6,    9.0,    9.3,    6.1,   11.5,    0.6,    0.6,   14.4,    1.1,    2.5,   98.5,   99.7,    1.5,    0.3,  100.0,   54.3,   79.6,    9.0,    9.3,    6.1,   11.5,    0.6,    0.6,   14.4,    1.1,    2.5,   98.5,   99.7,    1.5,    0.3,  100.0,    0.0,    0.0,    0.0,    0.0,    0.0,    0.0,    0.0,    0.0,    0.0,    0.0,    0.0,    0.0,    0.0,    0.0,    0.0,     33,     16,     14,.,.,      4,.,.,.,      4,.,      4,     27,     25,     33,     16,     14,.,.,      4,.,.,.,      4,.,      4,     27,     25,      0,      0,      0,      0,      0,      0,      0,      0,      0,      0,      0,      0,      0,      0,    38.0,    69.0,    59.4,    85.5,    35.7,    69.0,    54.4,    75.9,    38.0,    69.0,    59.4,    85.5,    35.7,    69.0,    54.4,    75.9,     0.0,     0.0,     0.0,     0.0,     0.0,     0.0,     0.0,     0.0,"(Contracts of about 352 MWh)","06439N","IFED","064 ","N16","Combined"
"ERCOT Houston 345KV RT OFF FIX - ICE FUTURES ENERGY DIV",260818,2026-08-18,06439Q,IFED,01,064 ,   41830,   22214,   33359,    3375,    4201,    2690,    5051,     250,     250,    6691,       0,     960,   41231,   41710,     599,     120,   41830,   22214,   33359,    3375,    4201,    2690,    5051,     250,     250,    6691,       0,     960,   41231,   41710,     599,     120,       0,       0,       0,       0,       0,       0,       0,       0,       0,       0,       0,       0,       0,       0,       0,       0,     180,     174,     150,     -30,       0,      30,       1,       0,       0,       1,       0,       0,     176,     180,       4,       0,  100.0,   53.1,   79.7,    8.1,   10.0,    6.4,   12.1,    0.6,    0.6,   16.0,    0.0,    2.3,   98.6,   99.7,    1.4,    0.3,  100.0,   53.1,   79.7,    8.1,   10.0,    6.4,   12.1,    0.6,    0.6,   16.0,    0.0,    2.3,   98.6,   99.7,    1.4,    0.3,  100.0,    0.0,    0.0,    0.0,    0.0,    0.0,    0.0,    0.0,    0.0,    0.0,    0.0,    0.0,    0.0,    0.0,    0.0,    0.0,     33,     15,     12,.,.,      4,.,.,.,      5,      0,.,     26,     22,     33,     15,     12,.,.,      4,.,.,.,      5,      0,.,     26,     22,      0,      0,      0,      0,      0,      0,      0,      0,      0,      0,      0,      0,      0,      0,    34.8,    70.2,    57.0,    87.4,    32.7,    69.9,    52.4,    76.7,    34.8,    70.2,    57.0,    87.4,    32.7,    69.9,    52.4,    76.7,     0.0,     0.0,     0.0,     0.0,     0.0,     0.0,     0.0,     0.0,"(Contracts of about 352 MWh)","06439Q","IFED","064 ","N16","Combined"
"ERCOT NORTH 345KV RT PK FIX - ICE FUTURES ENERGY DIV",260818,2026-08-18,06439R,IFED,01,064 ,  273641,  120414,  174641,   12945,   26716,   14133,   66019,    7558,   25173,   21998,   12928,   11796,  272478,  272946,    1163,     695,  273641,  120414,  174641,   12945,   26716,   14133,   66019,    7558,   25173,   21998,   12928,   11796,  272478,  272946,    1163,     695,       0,       0,       0,       0,       0,       0,       0,       0,       0,       0,       0,       0,       0,       0,       0,       0,   11752,   11735,    8003,    -143,    3628,    -640,    -287,    -248,     908,      64,    -174,     259,   11896,   11736,    -144,      16,  100.0,   44.0,   63.8,    4.7,    9.8,    5.2,   24.1,    2.8,    9.2,    8.0,    4.7,    4.3,   99.6,   99.7,    0.4,    0.3,  100.0,   44.0,   63.8,    4.7,    9.8,    5.2,   24.1,    2.8,    9.2,    8.0,    4.7,    4.3,   99.6,   99.7,    0.4,    0.3,  100.0,    0.0,    0.0,    0.0,    0.0,    0.0,    0.0,    0.0,    0.0,    0.0,    0.0,    0.0,    0.0,    0.0,    0.0,    0.0,    116,     41,     40,.,      8,      8,     16,     15,     15,     15,     10,     19,     94,     98,    116,     41,     40,.,      8,      8,     16,     15,     15,     15,     10,     19,     94,     98,      0,      0,      0,      0,      0,      0,      0,      0,      0,      0,      0,      0,      0,      0,    31.9,    32.9,    50.4,    51.2,    23.0,    26.8,    37.4,    38.0,    31.9,    32.9,    50.4,    51.2,    23.0,    26.8,    37.4,    38.0,     0.0,     0.0,     0.0,     0.0,     0.0,     0.0,     0.0,     0.0,"(1 Mw per Peak Hour)","06439R","IFED","064 ","N16","Combined"
"ERCOT SOUTH 345 KV RT PEAK FIX - ICE FUTURES ENERGY DIV",260818,2026-08-18,06439S,IFED,01,064 ,   30092,   23318,   16979,    4375,    8185,     679,       0,    3375,       0,    1025,       0,     425,   29822,   29643,     270,     449,   30092,   23318,   16979,    4375,    8185,     679,       0,    3375,       0,    1025,       0,     425,   29822,   29643,     270,     449,       0,       0,       0,       0,       0,       0,       0,       0,       0,       0,       0,       0,       0,       0,       0,       0,     175,     175,     150,      25,      50,     -25,       0,       0,       0,       0,       0,       0,     175,     175,       0,       0,  100.0,   77.5,   56.4,   14.5,   27.2,    2.3,    0.0,   11.2,    0.0,    3.4,    0.0,    1.4,   99.1,   98.5,    0.9,    1.5,  100.0,   77.5,   56.4,   14.5,   27.2,    2.3,    0.0,   11.2,    0.0,    3.4,    0.0,    1.4,   99.1,   98.5,    0.9,    1.5,  100.0,    0.0,    0.0,    0.0,    0.0,    0.0,    0.0,    0.0,    0.0,    0.0,    0.0,    0.0,    0.0,    0.0,    0.0,    0.0,     25,     13,      8,.,.,.,      0,.,      0,.,      0,.,     19,     14,     25,     13,      8,.,.,.,      0,.,      0,.,      0,.,     19,     14,      0,      0,      0,      0,      0,      0,      0,      0,      0,      0,      0,      0,      0,      0,    49.6,    50.8,    74.4,    86.8,    49.6,    50.8,    71.4,    84.5,    49.6,    50.8,    74.4,    86.8,    49.6,    50.8,    71.4,    84.5,     0.0,     0.0,     0.0,     0.0,     0.0,     0.0,     0.0,     0.0,"(1 Mw per Peak Hour)","06439S","IFED","064 ","N16","Combined"
"ERCOT-SOUTH MONTHLY OFFPEAK - ICE FUTURES ENERGY DIV",260818,2026-08-18,06439U,IFED,01,064 ,   29055,   22270,   16699,    4375,    7227,     955,       0,    3375,       0,     825,       0,     360,   28785,   28616,     270,     439,   29055,   22270,   16699,    4375,    7227,     955,       0,    3375,       0,     825,       0,     360,   28785,   28616,     270,     439,       0,       0,       0,       0,       0,       0,       0,       0,       0,       0,       0,       0,       0,       0,       0,       0,     175,     175,     150,      25,      50,     -25,       0,       0,       0,       0,       0,       0,     175,     175,       0,       0,  100.0,   76.6,   57.5,   15.1,   24.9,    3.3,    0.0,   11.6,    0.0,    2.8,    0.0,    1.2,   99.1,   98.5,    0.9,    1.5,  100.0,   76.6,   57.5,   15.1,   24.9,    3.3,    0.0,   11.6,    0.0,    2.8,    0.0,    1.2,   99.1,   98.5,    0.9,    1.5,  100.0,    0.0,    0.0,    0.0,    0.0,    0.0,    0.0,    0.0,    0.0,    0.0,    0.0,    0.0,    0.0,    0.0,    0.0,    0.0,     25,     13,      8,.,.,.,      0,.,      0,.,      0,.,     19,     14,     25,     13,      8,.,.,.,      0,.,      0,.,      0,.,     19,     14,      0,      0,      0,      0,      0,      0,      0,      0,      0,      0,      0,      0,      0,      0,    51.3,    52.3,    73.1,    87.2,    51.3,    52.3,    69.6,    83.8,    51.3,    52.3,    73.1,    87.2,    51.3,    52.3,    69.6,    83.8,     0.0,     0.0,     0.0,     0.0,     0.0,     0.0,     0.0,     0.0,"(1 MW per off-peak hour)","06439U","IFED","064 ","N16","Combined"
"ERCOT WEST 345KV RT PEAK - ICE FUTURES ENERGY DIV",260818,2026-08-18,06439V,IFED,01,064 ,   32388,   16351,   26253,   12483,       0,    1495,       0,    1734,     400,     622,    1344,     679,   32030,   31905,     358,     483,   32388,   16351,   26253,   12483,       0,    1495,       0,    1734,     400,     622,    1344,     679,   32030,   31905,     358,     483,       0,       0,       0,       0,       0,       0,       0,       0,       0,       0,       0,       0,       0,       0,       0,       0,     150,     -30,      55,     300,       0,       0,       0,       0,       0,    -252,      95,    -108,     -90,      42,     240,     108,  100.0,   50.5,   81.1,   38.5,    0.0,    4.6,    0.0,    5.4,    1.2,    1.9,    4.1,    2.1,   98.9,   98.5,    1.1,    1.5,  100.0,   50.5,   81.1,   38.5,    0.0,    4.6,    0.0,    5.4,    1.2,    1.9,    4.1,    2.1,   98.9,   98.5,    1.1,    1.5,  100.0,    0.0,    0.0,    0.0,    0.0,    0.0,    0.0,    0.0,    0.0,    0.0,    0.0,    0.0,    0.0,    0.0,    0.0,    0.0,     27,     14,     10,      5,      0,      4,      0,.,.,.,.,.,     23,     18,     27,     14,     10,      5,      0,      4,      0,.,.,.,.,.,     23,     18,      0,      0,      0,      0,      0,      0,      0,      0,      0,      0,      0,      0,      0,      0,    55.8,    64.1,    74.2,    86.8,    54.5,    59.7,    66.6,    76.6,    55.8,    64.1,    74.2,    86.8,    54.5,    59.7,    66.6,    76.6,     0.0,     0.0,     0.0,     0.0,     0.0,     0.0,     0.0,     0.0,"(1 MW per peak hour)","06439V","IFED","064 ","N16","Combined"
"ERCOT WEST 345K RT OFF-PEAK - ICE FUTURES ENERGY DIV",260818,2026-08-18,06439W,IFED,01,064 ,   32311,   16279,   26236,   12538,       0,    1435,       0,    1734,     400,     622,    1344,     679,   31953,   31828,     358,     483,   32311,   16279,   26236,   12538,       0,    1435,       0,    1734,     400,     622,    1344,     679,   31953,   31828,     358,     483,       0,       0,       0,       0,       0,       0,       0,       0,       0,       0,       0,       0,       0,       0,       0,       0,     150,     -30,      55,     300,       0,       0,       0,       0,       0,    -252,      95,    -108,     -90,      42,     240,     108,  100.0,   50.4,   81.2,   38.8,    0.0,    4.4,    0.0,    5.4,    1.2,    1.9,    4.2,    2.1,   98.9,   98.5,    1.1,    1.5,  100.0,   50.4,   81.2,   38.8,    0.0,    4.4,    0.0,    5.4,    1.2,    1.9,    4.2,    2.1,   98.9,   98.5,    1.1,    1.5,  100.0,    0.0,    0.0,    0.0,    0.0,    0.0,    0.0,    0.0,    0.0,    0.0,    0.0,    0.0,    0.0,    0.0,    0.0,    0.0,     27,     14,     10,      5,      0,      4,      0,.,.,.,.,.,     23,     18,     27,     14,     10,      5,      0,      4,      0,.,.,.,.,.,     23,     18,      0,      0,      0,      0,      0,      0,      0,      0,      0,      0,      0,      0,      0,      0,    55.7,    64.3,    74.1,    87.0,    54.6,    59.9,    66.7,    76.9,    55.7,    64.3,    74.1,    87.0,    54.6,    59.9,    66.7,    76.9,     0.0,     0.0,     0.0,     0.0,     0.0,     0.0,     0.0,     0.0,"(1 MW per Off-Peak Hour)","06439W","IFED","064 ","N16","Combined"
"ERCOT NORTH 345KV DA PK DLY FI - ICE FUTURES ENERGY DIV",260818,2026-08-18,0643A5,IFED,01,064 ,   16000,    7700,    7700,    5200,    1200,       0,     100,    4550,     250,    2450,    2000,     300,   16000,   16000,       0,       0,   16000,    7700,    7700,    5200,    1200,       0,     100,    4550,     250,    2450,    2000,     300,   16000,   16000,       0,       0,       0,       0,       0,       0,       0,       0,       0,       0,       0,       0,       0,       0,       0,       0,       0,       0,.,.,.,.,.,.,.,.,.,.,.,.,.,.,.,.,  100.0,   48.1,   48.1,   32.5,    7.5,    0.0,    0.6,   28.4,    1.6,   15.3,   12.5,    1.9,  100.0,  100.0,    0.0,    0.0,  100.0,   48.1,   48.1,   32.5,    7.5,    0.0,    0.6,   28.4,    1.6,   15.3,   12.5,    1.9,  100.0,  100.0,    0.0,    0.0,  100.0,    0.0,    0.0,    0.0,    0.0,    0.0,    0.0,    0.0,    0.0,    0.0,    0.0,    0.0,    0.0,    0.0,    0.0,    0.0,     23,      5,      8,.,.,      0,.,      4,.,      4,.,.,     14,     15,     23,      5,      8,.,.,      0,.,      4,.,      4,.,.,     14,     15,      0,      0,      0,      0,      0,      0,      0,      0,      0,      0,      0,      0,      0,      0,    90.6,    68.4,    96.3,    91.9,    72.2,    54.4,    75.0,    70.6,    90.6,    68.4,    96.3,    91.9,    72.2,    54.4,    75.0,    70.6,     0.0,     0.0,     0.0,     0.0,     0.0,     0.0,     0.0,     0.0,"Megawatt Hours (MWh)","0643A5","IFED","064 ","N16","Combined"
"ERCOT - NORTH MONTHLY OFF-PEAK - ICE FUTURES ENERGY DIV",260818,2026-08-18,0643A8,IFED,01,064 ,  117481,   85549,   80725,   10384,    7585,    9369,    6160,    4276,    3680,       0,    9270,    1780,  116922,  116685,     559,     796,  117481,   85549,   80725,   10384,    7585,    9369,    6160,    4276,    3680,       0,    9270,    1780,  116922,  116685,     559,     796,       0,       0,       0,       0,       0,       0,       0,       0,       0,       0,       0,       0,       0,       0,       0,       0,    4531,    4501,    3619,    -742,     653,     617,     450,      51,    -270,       0,    -114,     -25,    4531,    4531,       0,       0,  100.0,   72.8,   68.7,    8.8,    6.5,    8.0,    5.2,    3.6,    3.1,    0.0,    7.9,    1.5,   99.5,   99.3,    0.5,    0.7,  100.0,   72.8,   68.7,    8.8,    6.5,    8.0,    5.2,    3.6,    3.1,    0.0,    7.9,    1.5,   99.5,   99.3,    0.5,    0.7,  100.0,    0.0,    0.0,    0.0,    0.0,    0.0,    0.0,    0.0,    0.0,    0.0,    0.0,    0.0,    0.0,    0.0,    0.0,    0.0,     48,     20,     21,.,      4,      5,      5,.,.,      0,      9,      6,     36,     39,     48,     20,     21,.,      4,      5,      5,.,.,      0,      9,      6,     36,     39,      0,      0,      0,      0,      0,      0,      0,      0,      0,      0,      0,      0,      0,      0,    46.3,    43.7,    73.0,    61.9,    42.0,    40.6,    62.8,    54.7,    46.3,    43.7,    73.0,    61.9,    42.0,    40.6,    62.8,    54.7,     0.0,     0.0,     0.0,     0.0,     0.0,     0.0,     0.0,     0.0,"1 Mw per Off-Peak Hour","0643A8","IFED","064 ","N16","Combined"
"MISO IN. DAY-AHEAD PEAK - ICE FUTURES ENERGY DIV",260818,2026-08-18,0643AZ,IFED,01,064 ,   19591,   15396,    8670,     400,    4416,    2784,     100,     735,     150,     145,    2460,     314,   19289,   19529,     302,      62,   19591,   15396,    8670,     400,    4416,    2784,     100,     735,     150,     145,    2460,     314,   19289,   19529,     302,      62,       0,       0,       0,       0,       0,       0,       0,       0,       0,       0,       0,       0,       0,       0,       0,       0,     227,      98,     110,      -1,     -25,      25,       5,     120,       0,       0,    -100,     100,     227,     230,       0,      -3,  100.0,   78.6,   44.3,    2.0,   22.5,   14.2,    0.5,    3.8,    0.8,    0.7,   12.6,    1.6,   98.5,   99.7,    1.5,    0.3,  100.0,   78.6,   44.3,    2.0,   22.5,   14.2,    0.5,    3.8,    0.8,    0.7,   12.6,    1.6,   98.5,   99.7,    1.5,    0.3,  100.0,    0.0,    0.0,    0.0,    0.0,    0.0,    0.0,    0.0,    0.0,    0.0,    0.0,    0.0,    0.0,    0.0,    0.0,    0.0,     38,     24,     15,.,.,.,.,.,.,.,.,.,     33,     23,     38,     24,     15,.,.,.,.,.,.,.,.,.,     33,     23,      0,      0,      0,      0,      0,      0,      0,      0,      0,      0,      0,      0,      0,      0,    57.1,    74.2,    75.3,    89.5,    41.2,    55.4,    54.1,    63.0,    57.1,    74.2,    75.3,    89.5,    41.2,    55.4,    54.1,    63.0,     0.0,     0.0,     0.0,     0.0,     0.0,     0.0,     0.0,     0.0,"(1 MW per peak hour)","0643AZ","IFED","064 ","N16","Combined"
"MISO INDIANA HUB RT PEAK - ICE FUTURES ENERGY DIV",260818,2026-08-18,0643B3,IFED,01,064 ,   39295,   21930,   21673,    2801,    1183,    3846,    6112,    4905,       0,       0,    3449,    3773,   38462,   38829,     833,     466,   39295,   21930,   21673,    2801,    1183,    3846,    6112,    4905,       0,       0,    3449,    3773,   38462,   38829,     833,     466,       0,       0,       0,       0,       0,       0,       0,       0,       0,       0,       0,       0,       0,       0,       0,       0,     404,     328,    -350,      -6,     456,     216,       2,      85,       0,       0,     112,    -100,     440,     419,     -36,     -15,  100.0,   55.8,   55.2,    7.1,    3.0,    9.8,   15.6,   12.5,    0.0,    0.0,    8.8,    9.6,   97.9,   98.8,    2.1,    1.2,  100.0,   55.8,   55.2,    7.1,    3.0,    9.8,   15.6,   12.5,    0.0,    0.0,    8.8,    9.6,   97.9,   98.8,    2.1,    1.2,  100.0,    0.0,    0.0,    0.0,    0.0,    0.0,    0.0,    0.0,    0.0,    0.0,    0.0,    0.0,    0.0,    0.0,    0.0,    0.0,     34,     18,     18,      4,.,      4,      5,.,      0,      0,.,.,     28,     28,     34,     18,     18,      4,.,      4,      5,.,      0,      0,.,.,     28,     28,      0,      0,      0,      0,      0,      0,      0,      0,      0,      0,      0,      0,      0,      0,    50.7,    51.4,    71.9,    75.0,    37.1,    39.7,    49.6,    55.2,    50.7,    51.4,    71.9,    75.0,    37.1,    39.7,    49.6,    55.2,     0.0,     0.0,     0.0,     0.0,     0.0,     0.0,     0.0,     0.0,"(Contracts of 800 MWh)","0643B3","IFED","064 ","N16","Combined"
"PJM N. IL HUB DA OFF-PK  - ICE FUTURES ENERGY DIV",260818,2026-08-18,0643BC,IFED,01,064 ,   23597,   16112,   16362,    2805,    4674,     589,     600,    1165,     255,    3100,      50,       0,   23461,   23095,     136,     502,   23597,   16112,   16362,    2805,    4674,     589,     600,    1165,     255,    3100,      50,       0,   23461,   23095,     136,     502,       0,       0,       0,       0,       0,       0,       0,       0,       0,       0,       0,       0,       0,       0,       0,       0,     152,     -54,     233,      85,     -54,      48,       0,    -145,      70,       0,       0,       0,     149,     152,       3,       0,  100.0,   68.3,   69.3,   11.9,   19.8,    2.5,    2.5,    4.9,    1.1,   13.1,    0.2,    0.0,   99.4,   97.9,    0.6,    2.1,  100.0,   68.3,   69.3,   11.9,   19.8,    2.5,    2.5,    4.9,    1.1,   13.1,    0.2,    0.0,   99.4,   97.9,    0.6,    2.1,  100.0,    0.0,    0.0,    0.0,    0.0,    0.0,    0.0,    0.0,    0.0,    0.0,    0.0,    0.0,    0.0,    0.0,    0.0,    0.0,     35,     18,     13,.,      6,      4,.,.,.,.,.,      0,     27,     22,     35,     18,     13,.,      6,      4,.,.,.,.,.,      0,     27,     22,      0,      0,      0,      0,      0,      0,      0,      0,      0,      0,      0,      0,      0,      0,    50.4,    72.6,    72.4,    86.8,    50.1,    70.0,    69.9,    82.1,    50.4,    72.6,    72.4,    86.8,    50.1,    70.0,    69.9,    82.1,     0.0,     0.0,     0.0,     0.0,     0.0,     0.0,     0.0,     0.0,"(1 MW per off-peak hour)","0643BC","IFED","064 ","N16","Combined"
"PJM N. IL HUB DA PEAK - ICE FUTURES ENERGY DIV",260818,2026-08-18,0643BE,IFED,01,064 ,   23098,   15893,   17576,    2460,    3318,     632,     600,     630,      20,    3176,     275,      35,   22816,   22486,     282,     612,   23098,   15893,   17576,    2460,    3318,     632,     600,     630,      20,    3176,     275,      35,   22816,   22486,     282,     612,       0,       0,       0,       0,       0,       0,       0,       0,       0,       0,       0,       0,       0,       0,       0,       0,     -85,    -127,     145,       0,     -55,       0,       0,    -195,      20,       0,       0,       0,    -107,     -85,      22,       0,  100.0,   68.8,   76.1,   10.7,   14.4,    2.7,    2.6,    2.7,    0.1,   13.8,    1.2,    0.2,   98.8,   97.4,    1.2,    2.6,  100.0,   68.8,   76.1,   10.7,   14.4,    2.7,    2.6,    2.7,    0.1,   13.8,    1.2,    0.2,   98.8,   97.4,    1.2,    2.6,  100.0,    0.0,    0.0,    0.0,    0.0,    0.0,    0.0,    0.0,    0.0,    0.0,    0.0,    0.0,    0.0,    0.0,    0.0,    0.0,     36,     20,     10,.,      6,.,.,.,.,.,.,.,     29,     20,     36,     20,     10,.,      6,.,.,.,.,.,.,.,     29,     20,      0,      0,      0,      0,      0,      0,      0,      0,      0,      0,      0,      0,      0,      0,    49.3,    72.1,    70.0,    86.2,    49.2,    70.0,    68.9,    81.0,    49.3,    72.1,    70.0,    86.2,    49.2,    70.0,    68.9,    81.0,     0.0,     0.0,     0.0,     0.0,     0.0,     0.0,     0.0,     0.0,"(1 MW per peak hour)","0643BE","IFED","064 ","N16","Combined"
"ISO NE MASS HUB DA OFF-PK FIXD - ICE FUTURES ENERGY DIV",260818,2026-08-18,0643BF,IFED,01,064 ,   62449,   45758,   45333,    7340,    6178,    1722,     765,    6700,     292,    5095,    1017,    1097,   62069,   62339,     380,     110,   62449,   45758,   45333,    7340,    6178,    1722,     765,    6700,     292,    5095,    1017,    1097,   62069,   62339,     380,     110,       0,       0,       0,       0,       0,       0,       0,       0,       0,       0,       0,       0,       0,       0,       0,       0,     814,     596,     570,     -30,     -40,      25,      60,     414,     -20,     223,     -52,     -87,     767,     810,      47,       4,  100.0,   73.3,   72.6,   11.8,    9.9,    2.8,    1.2,   10.7,    0.5,    8.2,    1.6,    1.8,   99.4,   99.8,    0.6,    0.2,  100.0,   73.3,   72.6,   11.8,    9.9,    2.8,    1.2,   10.7,    0.5,    8.2,    1.6,    1.8,   99.4,   99.8,    0.6,    0.2,  100.0,    0.0,    0.0,    0.0,    0.0,    0.0,    0.0,    0.0,    0.0,    0.0,    0.0,    0.0,    0.0,    0.0,    0.0,    0.0,     49,     20,     17,      6,.,      5,.,      4,      4,.,      5,.,     37,     35,     49,     20,     17,      6,.,      5,.,      4,      4,.,      5,.,     37,     35,      0,      0,      0,      0,      0,      0,      0,      0,      0,      0,      0,      0,      0,      0,    43.3,    68.0,    64.9,    79.5,    42.9,    67.4,    63.4,    77.2,    43.3,    68.0,    64.9,    79.5,    42.9,    67.4,    63.4,    77.2,     0.0,     0.0,     0.0,     0.0,     0.0,     0.0,     0.0,     0.0,"(1 MW per Hour for about 368 Hours)","0643BF","IFED","064 ","N16","Combined"
"ISO NE MASS HUB DA PEAK - ICE FUTURES ENERGY DIV",260818,2026-08-18,0643BG,IFED,01,064 ,   88553,   67026,   60870,    8348,    5148,    1609,    1201,   15090,    1595,    5879,    1732,    2202,   87860,   88246,     693,     307,   88553,   67026,   60870,    8348,    5148,    1609,    1201,   15090,    1595,    5879,    1732,    2202,   87860,   88246,     693,     307,       0,       0,       0,       0,       0,       0,       0,       0,       0,       0,       0,       0,       0,       0,       0,       0,    2484,    1204,     428,     571,     -34,     -70,     -34,    2105,      14,     526,    -207,     250,    2461,    2486,      23,      -2,  100.0,   75.7,   68.7,    9.4,    5.8,    1.8,    1.4,   17.0,    1.8,    6.6,    2.0,    2.5,   99.2,   99.7,    0.8,    0.3,  100.0,   75.7,   68.7,    9.4,    5.8,    1.8,    1.4,   17.0,    1.8,    6.6,    2.0,    2.5,   99.2,   99.7,    0.8,    0.3,  100.0,    0.0,    0.0,    0.0,    0.0,    0.0,    0.0,    0.0,    0.0,    0.0,    0.0,    0.0,    0.0,    0.0,    0.0,    0.0,     71,     21,     19,      6,      4,      5,      4,     11,      6,      8,     10,     12,     54,     53,     71,     21,     19,      6,      4,      5,      4,     11,      6,      8,     10,     12,     54,     53,      0,      0,      0,      0,      0,      0,      0,      0,      0,      0,      0,      0,      0,      0,    48.0,    61.0,    65.7,    74.1,    47.7,    59.0,    63.1,    70.6,    48.0,    61.0,    65.7,    74.1,    47.7,    59.0,    63.1,    70.6,     0.0,     0.0,     0.0,     0.0,     0.0,     0.0,     0.0,     0.0,"(Contracts of 800MWh)","0643BG","IFED","064 ","N16","Combined"
"CAISO NP-15 PEAK - ICE FUTURES ENERGY DIV",260818,2026-08-18,0643BM,IFED,01,064 ,   46930,   26810,   30946,   11930,      95,    1743,     825,    3518,    2171,    1718,    6905,    1394,   46591,   46772,     339,     158,   46930,   26810,   30946,   11930,      95,    1743,     825,    3518,    2171,    1718,    6905,    1394,   46591,   46772,     339,     158,       0,       0,       0,       0,       0,       0,       0,       0,       0,       0,       0,       0,       0,       0,       0,       0,    1575,    1303,    1980,       7,       0,    -320,      55,    -230,     160,     364,     -66,      51,    1620,    1575,     -45,       0,  100.0,   57.1,   65.9,   25.4,    0.2,    3.7,    1.8,    7.5,    4.6,    3.7,   14.7,    3.0,   99.3,   99.7,    0.7,    0.3,  100.0,   57.1,   65.9,   25.4,    0.2,    3.7,    1.8,    7.5,    4.6,    3.7,   14.7,    3.0,   99.3,   99.7,    0.7,    0.3,  100.0,    0.0,    0.0,    0.0,    0.0,    0.0,    0.0,    0.0,    0.0,    0.0,    0.0,    0.0,    0.0,    0.0,    0.0,    0.0,     44,     19,     15,      5,.,.,.,.,.,      5,      4,      5,     37,     27,     44,     19,     15,      5,.,.,.,.,.,      5,      4,      5,     37,     27,      0,      0,      0,      0,      0,      0,      0,      0,      0,      0,      0,      0,      0,      0,    48.0,    69.9,    71.5,    87.8,    47.8,    67.2,    65.7,    79.1,    48.0,    69.9,    71.5,    87.8,    47.8,    67.2,    65.7,    79.1,     0.0,     0.0,     0.0,     0.0,     0.0,     0.0,     0.0,     0.0,"(Contracts of 400MWh)","0643BM","IFED","064 ","N16","Combined"
"CAISO NP-15 DA OFF-PK FIXED - ICE FUTURES ENERGY DIV",260818,2026-08-18,0643BR,IFED,01,064 ,   48185,   22185,   32688,   18029,     450,     129,     513,    7421,    1177,    5263,    5631,     599,   47895,   48095,     290,      90,   48185,   22185,   32688,   18029,     450,     129,     513,    7421,    1177,    5263,    5631,     599,   47895,   48095,     290,      90,       0,       0,       0,       0,       0,       0,       0,       0,       0,       0,       0,       0,       0,       0,       0,       0,     -79,     -97,     107,    -226,    -300,      -1,     -75,     204,       5,     409,       0,     -94,     -79,     -79,       0,       0,  100.0,   46.0,   67.8,   37.4,    0.9,    0.3,    1.1,   15.4,    2.4,   10.9,   11.7,    1.2,   99.4,   99.8,    0.6,    0.2,  100.0,   46.0,   67.8,   37.4,    0.9,    0.3,    1.1,   15.4,    2.4,   10.9,   11.7,    1.2,   99.4,   99.8,    0.6,    0.2,  100.0,    0.0,    0.0,    0.0,    0.0,    0.0,    0.0,    0.0,    0.0,    0.0,    0.0,    0.0,    0.0,    0.0,    0.0,    0.0,     34,     16,     13,      5,.,.,.,.,.,      4,.,.,     28,     21,     34,     16,     13,      5,.,.,.,.,.,      4,.,.,     28,     21,      0,      0,      0,      0,      0,      0,      0,      0,      0,      0,      0,      0,      0,      0,    55.7,    81.7,    75.8,    93.2,    55.2,    79.3,    72.8,    89.4,    55.7,    81.7,    75.8,    93.2,    55.2,    79.3,    72.8,    89.4,     0.0,     0.0,     0.0,     0.0,     0.0,     0.0,     0.0,     0.0,"(1 MW per Hour for about 386 Hours)","0643BR","IFED","064 ","N16","Combined"
"PJM NI HUB RT OFF-PK FIXED - ICE FUTURES ENERGY DIV",260818,2026-08-18,0643BS,IFED,01,064 ,   81822,   20722,   64238,    1610,   10590,    1963,   52740,       0,    3668,      85,     298,     300,   81088,   81057,     734,     765,   81822,   20722,   64238,    1610,   10590,    1963,   52740,       0,    3668,      85,     298,     300,   81088,   81057,     734,     765,       0,       0,       0,       0,       0,       0,       0,       0,       0,       0,       0,       0,       0,       0,       0,       0,    -240,    -170,    -335,    -184,     -23,     109,       0,       0,       0,      85,      29,       0,    -160,    -220,     -80,     -20,  100.0,   25.3,   78.5,    2.0,   12.9,    2.4,   64.5,    0.0,    4.5,    0.1,    0.4,    0.4,   99.1,   99.1,    0.9,    0.9,  100.0,   25.3,   78.5,    2.0,   12.9,    2.4,   64.5,    0.0,    4.5,    0.1,    0.4,    0.4,   99.1,   99.1,    0.9,    0.9,  100.0,    0.0,    0.0,    0.0,    0.0,    0.0,    0.0,    0.0,    0.0,    0.0,    0.0,    0.0,    0.0,    0.0,    0.0,    0.0,     34,     19,     16,.,.,      5,      4,      0,.,.,.,.,     30,     25,     34,     19,     16,.,.,      5,      4,      0,.,.,.,.,     30,     25,      0,      0,      0,      0,      0,      0,      0,      0,      0,      0,      0,      0,      0,      0,    74.7,    75.5,    86.4,    86.2,    70.2,    73.7,    79.4,    79.7,    74.7,    75.5,    86.4,    86.2,    70.2,    73.7,    79.4,    79.7,     0.0,     0.0,     0.0,     0.0,     0.0,     0.0,     0.0,     0.0,"(1 MW per Hour for about 386 Hours)","0643BS","IFED","064 ","N16","Combined"
"PJM N. IL HUB RT PEAK - ICE FUTURES ENERGY DIV",260818,2026-08-18,0643BT,IFED,01,064 ,   67507,   36723,   53891,    3392,   10663,    1477,   23489,       0,    1073,     608,     136,       4,   66766,   67244,     741,     263,   67507,   36723,   53891,    3392,   10663,    1477,   23489,       0,    1073,     608,     136,       4,   66766,   67244,     741,     263,       0,       0,       0,       0,       0,       0,       0,       0,       0,       0,       0,       0,       0,       0,       0,       0,    1137,     143,    1074,    -320,       8,     115,    1247,       0,     -34,      70,      -0,      -0,    1221,    1162,     -84,     -25,  100.0,   54.4,   79.8,    5.0,   15.8,    2.2,   34.8,    0.0,    1.6,    0.9,    0.2,    0.0,   98.9,   99.6,    1.1,    0.4,  100.0,   54.4,   79.8,    5.0,   15.8,    2.2,   34.8,    0.0,    1.6,    0.9,    0.2,    0.0,   98.9,   99.6,    1.1,    0.4,  100.0,    0.0,    0.0,    0.0,    0.0,    0.0,    0.0,    0.0,    0.0,    0.0,    0.0,    0.0,    0.0,    0.0,    0.0,    0.0,     35,     21,     16,.,.,      4,.,      0,.,.,.,.,     33,     26,     35,     21,     16,.,.,      4,.,      0,.,.,.,.,     33,     26,      0,      0,      0,      0,      0,      0,      0,      0,      0,      0,      0,      0,      0,      0,    60.1,    68.1,    80.0,    84.6,    53.5,    66.3,    69.7,    73.5,    60.1,    68.1,    80.0,    84.6,    53.5,    66.3,    69.7,    73.5,     0.0,     0.0,     0.0,     0.0,     0.0,     0.0,     0.0,     0.0,"(Contracts of 800 MWh)","0643BT","IFED","064 ","N16","Combined"
"NYISO ZONE J DA PEAK - ICE FUTURES ENERGY DIV",260818,2026-08-18,0643BW,IFED,01,064 ,   10059,    4851,    6858,    1460,     968,     574,       0,    1416,      47,    2766,       0,      40,    9738,    9903,     321,     156,   10059,    4851,    6858,    1460,     968,     574,       0,    1416,      47,    2766,       0,      40,    9738,    9903,     321,     156,       0,       0,       0,       0,       0,       0,       0,       0,       0,       0,       0,       0,       0,       0,       0,       0,     320,       0,     250,     120,     120,    -120,       0,      70,       0,     320,       0,       0,     320,     320,       0,       0,  100.0,   48.2,   68.2,   14.5,    9.6,    5.7,    0.0,   14.1,    0.5,   27.5,    0.0,    0.4,   96.8,   98.4,    3.2,    1.6,  100.0,   48.2,   68.2,   14.5,    9.6,    5.7,    0.0,   14.1,    0.5,   27.5,    0.0,    0.4,   96.8,   98.4,    3.2,    1.6,  100.0,    0.0,    0.0,    0.0,    0.0,    0.0,    0.0,    0.0,    0.0,    0.0,    0.0,    0.0,    0.0,    0.0,    0.0,    0.0,     27,      9,     10,.,.,      4,      0,.,.,      4,      0,.,     20,     18,     27,      9,     10,.,.,      4,      0,.,.,      4,      0,.,     20,     18,      0,      0,      0,      0,      0,      0,      0,      0,      0,      0,      0,      0,      0,      0,    55.5,    62.8,    77.8,    85.1,    54.6,    62.7,    73.4,    81.3,    55.5,    62.8,    77.8,    85.1,    54.6,    62.7,    73.4,    81.3,     0.0,     0.0,     0.0,     0.0,     0.0,     0.0,     0.0,     0.0,"(Contracts of 800MWh)","0643BW","IFED","064 ","N16","Combined"
"NYISO ZONE J DA OFF-PK FIXED - ICE FUTURES ENERGY DIV",260818,2026-08-18,0643BX,IFED,01,064 ,    8293,    3601,    6068,    1160,     543,     532,      60,     895,      25,    2597,       0,      30,    8005,    8093,     288,     200,    8293,    3601,    6068,    1160,     543,     532,      60,     895,      25,    2597,       0,      30,    8005,    8093,     288,     200,       0,       0,       0,       0,       0,       0,       0,       0,       0,       0,       0,       0,       0,       0,       0,       0,     350,       0,     250,      73,      73,     -73,      50,     120,     -20,     320,       0,       0,     350,     350,       0,       0,  100.0,   43.4,   73.2,   14.0,    6.5,    6.4,    0.7,   10.8,    0.3,   31.3,    0.0,    0.4,   96.5,   97.6,    3.5,    2.4,  100.0,   43.4,   73.2,   14.0,    6.5,    6.4,    0.7,   10.8,    0.3,   31.3,    0.0,    0.4,   96.5,   97.6,    3.5,    2.4,  100.0,    0.0,    0.0,    0.0,    0.0,    0.0,    0.0,    0.0,    0.0,    0.0,    0.0,    0.0,    0.0,    0.0,    0.0,    0.0,     22,      6,      8,.,.,      4,.,.,.,.,      0,.,     16,     15,     22,      6,      8,.,.,      4,.,.,.,.,      0,.,     16,     15,      0,      0,      0,      0,      0,      0,      0,      0,      0,      0,      0,      0,      0,      0,    61.6,    63.8,    83.8,    85.3,    61.6,    63.7,    78.2,    80.4,    61.6,    63.8,    83.8,    85.3,    61.6,    63.7,    78.2,    80.4,     0.0,     0.0,     0.0,     0.0,     0.0,     0.0,     0.0,     0.0,"(1 MW for about 368 Hours)","0643BX","IFED","064 ","N16","Combined"
"NYISO ZONE A DA PEAK - ICE FUTURES ENERGY DIV",260818,2026-08-18,0643BY,IFED,01,064 ,   33538,   29549,   24853,     553,    2672,    1758,     428,    1082,     277,     155,    2397,       9,   32729,   33048,     809,     490,   33538,   29549,   24853,     553,    2672,    1758,     428,    1082,     277,     155,    2397,       9,   32729,   33048,     809,     490,       0,       0,       0,       0,       0,       0,       0,       0,       0,       0,       0,       0,       0,       0,       0,       0,    1309,    1267,    1404,       0,     -60,      40,      10,    -165,     -10,       0,     100,       0,    1307,    1309,       2,       0,  100.0,   88.1,   74.1,    1.6,    8.0,    5.2,    1.3,    3.2,    0.8,    0.5,    7.1,    0.0,   97.6,   98.5,    2.4,    1.5,  100.0,   88.1,   74.1,    1.6,    8.0,    5.2,    1.3,    3.2,    0.8,    0.5,    7.1,    0.0,   97.6,   98.5,    2.4,    1.5,  100.0,    0.0,    0.0,    0.0,    0.0,    0.0,    0.0,    0.0,    0.0,    0.0,    0.0,    0.0,    0.0,    0.0,    0.0,    0.0,     38,     17,     17,.,      5,      6,.,.,.,.,.,.,     31,     29,     38,     17,     17,.,      5,      6,.,.,.,.,.,.,     31,     29,      0,      0,      0,      0,      0,      0,      0,      0,      0,      0,      0,      0,      0,      0,    69.8,    66.2,    82.4,    82.2,    68.3,    61.2,    77.0,    73.8,    69.8,    66.2,    82.4,    82.2,    68.3,    61.2,    77.0,    73.8,     0.0,     0.0,     0.0,     0.0,     0.0,     0.0,     0.0,     0.0,"(Contracts of 800MWh)","0643BY","IFED","064 ","N16","Combined"
"NYISO ZONE A DA OFF-PK FIX PR - ICE FUTURES ENERGY DIV",260818,2026-08-18,0643BZ,IFED,01,064 ,   34011,   28936,   25630,    1180,    4064,    1122,    1365,     546,     530,      75,    1658,     128,   33336,   33678,     675,     333,   34011,   28936,   25630,    1180,    4064,    1122,    1365,     546,     530,      75,    1658,     128,   33336,   33678,     675,     333,       0,       0,       0,       0,       0,       0,       0,       0,       0,       0,       0,       0,       0,       0,       0,       0,    1497,    1356,    1450,       0,       0,     135,       0,    -185,       0,       0,     100,       0,    1491,    1500,       6,      -3,  100.0,   85.1,   75.4,    3.5,   11.9,    3.3,    4.0,    1.6,    1.6,    0.2,    4.9,    0.4,   98.0,   99.0,    2.0,    1.0,  100.0,   85.1,   75.4,    3.5,   11.9,    3.3,    4.0,    1.6,    1.6,    0.2,    4.9,    0.4,   98.0,   99.0,    2.0,    1.0,  100.0,    0.0,    0.0,    0.0,    0.0,    0.0,    0.0,    0.0,    0.0,    0.0,    0.0,    0.0,    0.0,    0.0,    0.0,    0.0,     37,     17,     15,      5,.,.,.,.,.,.,.,.,     30,     24,     37,     17,     15,      5,.,.,.,.,.,.,.,.,     30,     24,      0,      0,      0,      0,      0,      0,      0,      0,      0,      0,      0,      0,      0,      0,    66.5,    66.0,    79.2,    82.9,    61.6,    63.4,    70.1,    73.6,    66.5,    66.0,    79.2,    82.9,    61.6,    63.4,    70.1,    73.6,     0.0,     0.0,     0.0,     0.0,     0.0,     0.0,     0.0,     0.0,"(1MW for about 368 Hours)","0643BZ","IFED","064 ","N16","Combined"
"NYISO ZONE G DA PEAK - ICE FUTURES ENERGY DIV",260818,2026-08-18,0643C3,IFED,01,064 ,   24732,   18964,   11565,     272,    4663,    1963,     858,    3657,     731,     346,     933,    1162,   24296,   24674,     436,      58,   24732,   18964,   11565,     272,    4663,    1963,     858,    3657,     731,     346,     933,    1162,   24296,   24674,     436,      58,       0,       0,       0,       0,       0,       0,       0,       0,       0,       0,       0,       0,       0,       0,       0,       0,     278,     302,    -119,    -118,     124,      32,    -226,     -88,     250,     -21,      55,      58,     277,     312,       1,     -34,  100.0,   76.7,   46.8,    1.1,   18.9,    7.9,    3.5,   14.8,    3.0,    1.4,    3.8,    4.7,   98.2,   99.8,    1.8,    0.2,  100.0,   76.7,   46.8,    1.1,   18.9,    7.9,    3.5,   14.8,    3.0,    1.4,    3.8,    4.7,   98.2,   99.8,    1.8,    0.2,  100.0,    0.0,    0.0,    0.0,    0.0,    0.0,    0.0,    0.0,    0.0,    0.0,    0.0,    0.0,    0.0,    0.0,    0.0,    0.0,     47,     20,     17,.,      6,      6,      7,.,      4,.,      5,.,     38,     37,     47,     20,     17,.,      6,      6,      7,.,      4,.,      5,.,     38,     37,      0,      0,      0,      0,      0,      0,      0,      0,      0,      0,      0,      0,      0,      0,    47.4,    50.6,    65.7,    69.7,    46.6,    46.6,    58.1,    60.2,    47.4,    50.6,    65.7,    69.7,    46.6,    46.6,    58.1,    60.2,     0.0,     0.0,     0.0,     0.0,     0.0,     0.0,     0.0,     0.0,"(Contracts of 800MWh)","0643C3","IFED","064 ","N16","Combined"
"NYISO ZONE G DA OFF-PK - ICE FUTURES ENERGY DIV",260818,2026-08-18,0643C4,IFED,01,064 ,   21013,   15930,   10609,     345,    2783,    1988,     242,    3496,     330,     426,     400,    1004,   20265,   20610,     748,     403,   21013,   15930,   10609,     345,    2783,    1988,     242,    3496,     330,     426,     400,    1004,   20265,   20610,     748,     403,       0,       0,       0,       0,       0,       0,       0,       0,       0,       0,       0,       0,       0,       0,       0,       0,     342,     199,     152,     100,     -60,     -40,       0,     258,     -15,      48,       0,    -121,     171,     174,     171,     168,  100.0,   75.8,   50.5,    1.6,   13.2,    9.5,    1.2,   16.6,    1.6,    2.0,    1.9,    4.8,   96.4,   98.1,    3.6,    1.9,  100.0,   75.8,   50.5,    1.6,   13.2,    9.5,    1.2,   16.6,    1.6,    2.0,    1.9,    4.8,   96.4,   98.1,    3.6,    1.9,  100.0,    0.0,    0.0,    0.0,    0.0,    0.0,    0.0,    0.0,    0.0,    0.0,    0.0,    0.0,    0.0,    0.0,    0.0,    0.0,     36,     15,     15,.,      6,      6,.,.,      4,.,.,.,     28,     30,     36,     15,     15,.,      6,      6,.,.,      4,.,.,.,     28,     30,      0,      0,      0,      0,      0,      0,      0,      0,      0,      0,      0,      0,      0,      0,    47.4,    52.9,    67.5,    70.9,    46.0,    48.5,    59.8,    59.7,    47.4,    52.9,    67.5,    70.9,    46.0,    48.5,    59.8,    59.7,     0.0,     0.0,     0.0,     0.0,     0.0,     0.0,     0.0,     0.0,"(1MW for about 368 Hours)","0643C4","IFED","064 ","N16","Combined"
"PALO VERDE DA PEAK - ICE FUTURES ENERGY DIV",260818,2026-08-18,0643CB,IFED,01,064 ,   24130,   11330,   14715,    6925,    3641,    3819,       0,     646,    1000,     759,      98,     143,   23976,   24062,     154,      68,   24130,   11330,   14715,    6925,    3641,    3819,       0,     646,    1000,     759,      98,     143,   23976,   24062,     154,      68,       0,       0,       0,       0,       0,       0,       0,       0,       0,       0,       0,       0,       0,       0,       0,       0,      28,     283,     -42,    -250,      80,     -20,       0,       0,       0,      25,      10,       0,      38,      28,     -10,       0,  100.0,   47.0,   61.0,   28.7,   15.1,   15.8,    0.0,    2.7,    4.1,    3.1,    0.4,    0.6,   99.4,   99.7,    0.6,    0.3,  100.0,   47.0,   61.0,   28.7,   15.1,   15.8,    0.0,    2.7,    4.1,    3.1,    0.4,    0.6,   99.4,   99.7,    0.6,    0.3,  100.0,    0.0,    0.0,    0.0,    0.0,    0.0,    0.0,    0.0,    0.0,    0.0,    0.0,    0.0,    0.0,    0.0,    0.0,    0.0,     39,     20,     18,      4,.,.,      0,.,.,      4,.,.,     33,     26,     39,     20,     18,      4,.,.,      0,.,.,      4,.,.,     33,     26,      0,      0,      0,      0,      0,      0,      0,      0,      0,      0,      0,      0,      0,      0,    51.2,    63.4,    69.8,    79.7,    37.9,    43.3,    52.2,    55.5,    51.2,    63.4,    69.8,    79.7,    37.9,    43.3,    52.2,    55.5,     0.0,     0.0,     0.0,     0.0,     0.0,     0.0,     0.0,     0.0,"(Contracts of 400MWh)","0643CB","IFED","064 ","N16","Combined"
"PALO VERDE DA OFF-PK FiXED PR - ICE FUTURES ENERGY DIV",260818,2026-08-18,0643CC,IFED,01,064 ,   18673,    5598,   11879,    7206,    3927,     592,    4060,     474,     850,      85,     511,     213,   18604,   18446,      69,     227,   18673,    5598,   11879,    7206,    3927,     592,    4060,     474,     850,      85,     511,     213,   18604,   18446,      69,     227,       0,       0,       0,       0,       0,       0,       0,       0,       0,       0,       0,       0,       0,       0,       0,       0,     110,      17,      80,     -20,      40,       0,       0,    -150,     150,     -12,     -33,     -69,      66,      18,      44,      92,  100.0,   30.0,   63.6,   38.6,   21.0,    3.2,   21.7,    2.5,    4.6,    0.5,    2.7,    1.1,   99.6,   98.8,    0.4,    1.2,  100.0,   30.0,   63.6,   38.6,   21.0,    3.2,   21.7,    2.5,    4.6,    0.5,    2.7,    1.1,   99.6,   98.8,    0.4,    1.2,  100.0,    0.0,    0.0,    0.0,    0.0,    0.0,    0.0,    0.0,    0.0,    0.0,    0.0,    0.0,    0.0,    0.0,    0.0,    0.0,     37,     16,     19,      4,.,      4,.,.,.,.,.,.,     28,     29,     37,     16,     19,      4,.,      4,.,.,.,.,.,.,     28,     29,      0,      0,      0,      0,      0,      0,      0,      0,      0,      0,      0,      0,      0,      0,    65.9,    52.6,    84.1,    68.8,    60.1,    49.2,    74.5,    61.9,    65.9,    52.6,    84.1,    68.8,    60.1,    49.2,    74.5,    61.9,     0.0,     0.0,     0.0,     0.0,     0.0,     0.0,     0.0,     0.0,"(1 MW for about 368 Hours)","0643CC","IFED","064 ","N16","Combined"
"PJM WESTERN HUB DA OFF-PK - ICE FUTURES ENERGY DIV",260818,2026-08-18,0643DB,IFED,01,064 ,  120302,   89847,   99629,    4404,    5812,    4083,    4328,    1170,     787,   14506,    5919,    1956,  119911,  119356,     391,     946,  120302,   89847,   99629,    4404,    5812,    4083,    4328,    1170,     787,   14506,    5919,    1956,  119911,  119356,     391,     946,       0,       0,       0,       0,       0,       0,       0,       0,       0,       0,       0,       0,       0,       0,       0,       0,     181,      -3,    -939,    -130,    1104,     -10,      53,    -100,      17,     288,      50,     -26,     189,      96,      -8,      85,  100.0,   74.7,   82.8,    3.7,    4.8,    3.4,    3.6,    1.0,    0.7,   12.1,    4.9,    1.6,   99.7,   99.2,    0.3,    0.8,  100.0,   74.7,   82.8,    3.7,    4.8,    3.4,    3.6,    1.0,    0.7,   12.1,    4.9,    1.6,   99.7,   99.2,    0.3,    0.8,  100.0,    0.0,    0.0,    0.0,    0.0,    0.0,    0.0,    0.0,    0.0,    0.0,    0.0,    0.0,    0.0,    0.0,    0.0,    0.0,     67,     32,     26,      7,      5,      8,      6,.,.,      5,      6,      4,     57,     47,     67,     32,     26,      7,      5,      8,      6,.,.,      5,      6,      4,     57,     47,      0,      0,      0,      0,      0,      0,      0,      0,      0,      0,      0,      0,      0,      0,    42.5,    63.9,    60.8,    80.8,    37.2,    63.4,    55.1,    74.0,    42.5,    63.9,    60.8,    80.8,    37.2,    63.4,    55.1,    74.0,     0.0,     0.0,     0.0,     0.0,     0.0,     0.0,     0.0,     0.0,"(1 MW per off-peak hour)","0643DB","IFED","064 ","N16","Combined"
"PJM WESTERN HUB DA PEAK - ICE FUTURES ENERGY DIV",260818,2026-08-18,0643DC,IFED,01,064 ,  128845,   91738,  107169,    6030,    3794,    5152,    1927,    1180,    2199,   19321,    6672,    1988,  128355,  128154,     490,     691,  128845,   91738,  107169,    6030,    3794,    5152,    1927,    1180,    2199,   19321,    6672,    1988,  128355,  128154,     490,     691,       0,       0,       0,       0,       0,       0,       0,       0,       0,       0,       0,       0,       0,       0,       0,       0,     195,     -34,    -669,    -122,     375,      50,    -233,    -100,     183,     422,     341,     -61,     205,     119,     -10,      76,  100.0,   71.2,   83.2,    4.7,    2.9,    4.0,    1.5,    0.9,    1.7,   15.0,    5.2,    1.5,   99.6,   99.5,    0.4,    0.5,  100.0,   71.2,   83.2,    4.7,    2.9,    4.0,    1.5,    0.9,    1.7,   15.0,    5.2,    1.5,   99.6,   99.5,    0.4,    0.5,  100.0,    0.0,    0.0,    0.0,    0.0,    0.0,    0.0,    0.0,    0.0,    0.0,    0.0,    0.0,    0.0,    0.0,    0.0,    0.0,     76,     32,     27,      8,      5,      9,      5,.,.,     12,      7,      7,     64,     52,     76,     32,     27,      8,      5,      9,      5,.,.,     12,      7,      7,     64,     52,      0,      0,      0,      0,      0,      0,      0,      0,      0,      0,      0,      0,      0,      0,    39.7,    63.8,    57.9,    78.5,    36.6,    63.2,    54.1,    73.7,    39.7,    63.8,    57.9,    78.5,    36.6,    63.2,    54.1,    73.7,     0.0,     0.0,     0.0,     0.0,     0.0,     0.0,     0.0,     0.0,"(Contracts of about 352 MWh)","0643DC","IFED","064 ","N16","Combined"
"PJM WESTERN HUB RT PEAK MINI - ICE FUTURES ENERGY DIV",260818,2026-08-18,0643DF,IFED,01,064 ,  816975,  322104,  302835,     119,   77303,   47873,   70918,   17237,  144201,   17084,   12911,  213416,  815714,  815775,    1261,    1200,  816975,  322104,  302835,     119,   77303,   47873,   70918,   17237,  144201,   17084,   12911,  213416,  815714,  815775,    1261,    1200,       0,       0,       0,       0,       0,       0,       0,       0,       0,       0,       0,       0,       0,       0,       0,       0,    4891,    5641,    2047,    -908,    3926,   -3033,    2052,     781,    -488,    1322,    1392,     379,    4965,    5003,     -74,    -112,  100.0,   39.4,   37.1,    0.0,    9.5,    5.9,    8.7,    2.1,   17.7,    2.1,    1.6,   26.1,   99.8,   99.9,    0.2,    0.1,  100.0,   39.4,   37.1,    0.0,    9.5,    5.9,    8.7,    2.1,   17.7,    2.1,    1.6,   26.1,   99.8,   99.9,    0.2,    0.1,  100.0,    0.0,    0.0,    0.0,    0.0,    0.0,    0.0,    0.0,    0.0,    0.0,    0.0,    0.0,    0.0,    0.0,    0.0,    0.0,    133,     44,     39,.,     10,     10,     33,      6,     20,     18,     18,     28,    124,    104,    133,     44,     39,.,     10,     10,     33,      6,     20,     18,     18,     28,    124,    104,      0,      0,      0,      0,      0,      0,      0,      0,      0,      0,      0,      0,      0,      0,    34.5,    36.9,    49.5,    54.5,     8.1,    10.9,    13.0,    17.6,    34.5,    36.9,    49.5,    54.5,     8.1,    10.9,    13.0,    17.6,     0.0,     0.0,     0.0,     0.0,     0.0,     0.0,     0.0,     0.0,"(1 MW per peak hour)","0643DF","IFED","064 ","N16","Combined"
"PJM WEST HUB REAL TIME PK MINI - ICE FUTURES ENERGY DIV",260818,2026-08-18,0643IA,IFED,01,064 ,    2810,     480,    1005,      40,       0,      60,     450,     255,     208,     920,     450,      45,    2203,    2023,     607,     787,    2810,     480,    1005,      40,       0,      60,     450,     255,     208,     920,     450,      45,    2203,    2023,     607,     787,       0,       0,       0,       0,       0,       0,       0,       0,       0,       0,       0,       0,       0,       0,       0,       0,.,.,.,.,.,.,.,.,.,.,.,.,.,.,.,.,  100.0,   17.1,   35.8,    1.4,    0.0,    2.1,   16.0,    9.1,    7.4,   32.7,   16.0,    1.6,   78.4,   72.0,   21.6,   28.0,  100.0,   17.1,   35.8,    1.4,    0.0,    2.1,   16.0,    9.1,    7.4,   32.7,   16.0,    1.6,   78.4,   72.0,   21.6,   28.0,  100.0,    0.0,    0.0,    0.0,    0.0,    0.0,    0.0,    0.0,    0.0,    0.0,    0.0,    0.0,    0.0,    0.0,    0.0,    0.0,     21,.,      6,.,      0,.,.,      4,.,.,      4,.,     11,     16,     21,.,      6,.,      0,.,.,      4,.,.,      4,.,     11,     16,      0,      0,      0,      0,      0,      0,      0,      0,      0,      0,      0,      0,      0,      0,    51.8,    41.3,    71.4,    57.9,    51.8,    40.9,    64.4,    52.0,    51.8,    41.3,    71.4,    57.9,    51.8,    40.9,    64.4,    52.0,     0.0,     0.0,     0.0,     0.0,     0.0,     0.0,     0.0,     0.0,"16 MWh","0643IA","IFED","064 ","N16","Combined"
"ERCOT N 345KV REAL T PK DALY M - ICE FUTURES ENERGY DIV",260818,2026-08-18,0643IB,IFED,01,064 ,   16330,    5925,    7200,     925,       0,      50,    4380,     395,    1365,    1605,    4885,    1370,   15620,   15265,     710,    1065,   16330,    5925,    7200,     925,       0,      50,    4380,     395,    1365,    1605,    4885,    1370,   15620,   15265,     710,    1065,       0,       0,       0,       0,       0,       0,       0,       0,       0,       0,       0,       0,       0,       0,       0,       0,    1540,   -1080,    1360,     750,       0,     -75,    1940,   -1920,     130,    -645,    1265,     610,    1630,    1370,     -90,     170,  100.0,   36.3,   44.1,    5.7,    0.0,    0.3,   26.8,    2.4,    8.4,    9.8,   29.9,    8.4,   95.7,   93.5,    4.3,    6.5,  100.0,   36.3,   44.1,    5.7,    0.0,    0.3,   26.8,    2.4,    8.4,    9.8,   29.9,    8.4,   95.7,   93.5,    4.3,    6.5,  100.0,    0.0,    0.0,    0.0,    0.0,    0.0,    0.0,    0.0,    0.0,    0.0,    0.0,    0.0,    0.0,    0.0,    0.0,    0.0,     57,     20,     19,.,      0,.,      7,.,      6,      6,     13,      9,     43,     45,     57,     20,     19,.,      0,.,      7,.,      6,      6,     13,      9,     43,     45,      0,      0,      0,      0,      0,      0,      0,      0,      0,      0,      0,      0,      0,      0,    36.9,    32.5,    53.5,    49.6,    32.5,    32.5,    44.2,    44.7,    36.9,    32.5,    53.5,    49.6,    32.5,    32.5,    44.2,    44.7,     0.0,     0.0,     0.0,     0.0,     0.0,     0.0,     0.0,     0.0,"(240 MW = 15 Hours X 16 MWh)","0643IB","IFED","064 ","N16","Combined"
"ERCOT N 345KV REAL T PK 2x16 - ICE FUTURES ENERGY DIV",260818,2026-08-18,0643ID,IFED,01,064 ,  132027,   94563,   97393,    8401,   12597,    7263,    7598,    2088,     738,   10538,    8933,    2604,  131705,  131616,     322,     411,  132027,   94563,   97393,    8401,   12597,    7263,    7598,    2088,     738,   10538,    8933,    2604,  131705,  131616,     322,     411,       0,       0,       0,       0,       0,       0,       0,       0,       0,       0,       0,       0,       0,       0,       0,       0,    3533,    3289,    2863,    -110,     300,     -50,      50,      10,       0,       0,      20,     358,    3537,    3501,      -4,      32,  100.0,   71.6,   73.8,    6.4,    9.5,    5.5,    5.8,    1.6,    0.6,    8.0,    6.8,    2.0,   99.8,   99.7,    0.2,    0.3,  100.0,   71.6,   73.8,    6.4,    9.5,    5.5,    5.8,    1.6,    0.6,    8.0,    6.8,    2.0,   99.8,   99.7,    0.2,    0.3,  100.0,    0.0,    0.0,    0.0,    0.0,    0.0,    0.0,    0.0,    0.0,    0.0,    0.0,    0.0,    0.0,    0.0,    0.0,    0.0,     59,     31,     25,.,.,      4,      4,.,.,      5,      9,      9,     51,     46,     59,     31,     25,.,.,      4,      4,.,.,      5,      9,      9,     51,     46,      0,      0,      0,      0,      0,      0,      0,      0,      0,      0,      0,      0,      0,      0,    45.5,    36.1,    63.8,    61.0,    39.4,    27.2,    54.4,    45.7,    45.5,    36.1,    63.8,    61.0,    39.4,    27.2,    54.4,    45.7,     0.0,     0.0,     0.0,     0.0,     0.0,     0.0,     0.0,     0.0,"(1MW for about 352 Hours)","0643ID","IFED","064 ","N16","Combined"
"ERCOT North 345KV Hub RT 7x8 - ICE FUTURES ENERGY DIV",260818,2026-08-18,0643IK,IFED,01,064 ,  253543,  100451,  182743,    4243,   35191,    9171,  107481,    1439,   13144,   12765,    6315,    5322,  252577,  253326,     966,     217,  253543,  100451,  182743,    4243,   35191,    9171,  107481,    1439,   13144,   12765,    6315,    5322,  252577,  253326,     966,     217,       0,       0,       0,       0,       0,       0,       0,       0,       0,       0,       0,       0,       0,       0,       0,       0,    5391,    4385,    5666,     140,     567,    -239,    1556,     150,    -573,    -324,    -633,     453,    5398,    5391,      -7,       0,  100.0,   39.6,   72.1,    1.7,   13.9,    3.6,   42.4,    0.6,    5.2,    5.0,    2.5,    2.1,   99.6,   99.9,    0.4,    0.1,  100.0,   39.6,   72.1,    1.7,   13.9,    3.6,   42.4,    0.6,    5.2,    5.0,    2.5,    2.1,   99.6,   99.9,    0.4,    0.1,  100.0,    0.0,    0.0,    0.0,    0.0,    0.0,    0.0,    0.0,    0.0,    0.0,    0.0,    0.0,    0.0,    0.0,    0.0,    0.0,     66,     25,     28,.,      4,      5,      8,.,      7,      8,      7,     11,     54,     54,     66,     25,     28,.,      4,      5,      8,.,      7,      8,      7,     11,     54,     54,      0,      0,      0,      0,      0,      0,      0,      0,      0,      0,      0,      0,      0,      0,    56.5,    45.0,    69.7,    65.9,    49.5,    42.8,    58.6,    57.6,    56.5,    45.0,    69.7,    65.9,    49.5,    42.8,    58.6,    57.6,     0.0,     0.0,     0.0,     0.0,     0.0,     0.0,     0.0,     0.0,"(1MW for about 352 Hours)","0643IK","IFED","064 ","N16","Combined"
"ERCOT Houston 345KV Hub RT 7x8 - ICE FUTURES ENERGY DIV",260818,2026-08-18,0643IL,IFED,01,064 ,   13935,   11760,   10815,    2050,    3000,       0,       0,       0,       0,     125,       0,       0,   13935,   13815,       0,     120,   13935,   11760,   10815,    2050,    3000,       0,       0,       0,       0,     125,       0,       0,   13935,   13815,       0,     120,       0,       0,       0,       0,       0,       0,       0,       0,       0,       0,       0,       0,       0,       0,       0,       0,.,.,.,.,.,.,.,.,.,.,.,.,.,.,.,.,  100.0,   84.4,   77.6,   14.7,   21.5,    0.0,    0.0,    0.0,    0.0,    0.9,    0.0,    0.0,  100.0,   99.1,    0.0,    0.9,  100.0,   84.4,   77.6,   14.7,   21.5,    0.0,    0.0,    0.0,    0.0,    0.9,    0.0,    0.0,  100.0,   99.1,    0.0,    0.9,  100.0,    0.0,    0.0,    0.0,    0.0,    0.0,    0.0,    0.0,    0.0,    0.0,    0.0,    0.0,    0.0,    0.0,    0.0,    0.0,     20,      9,      8,.,.,      0,      0,      0,      0,.,      0,      0,     13,     10,     20,      9,      8,.,.,      0,      0,      0,      0,.,      0,      0,     13,     10,      0,      0,      0,      0,      0,      0,      0,      0,      0,      0,      0,      0,      0,      0,    78.1,    57.4,    95.2,    90.7,    72.8,    57.4,    89.8,    90.0,    78.1,    57.4,    95.2,    90.7,    72.8,    57.4,    89.8,    90.0,     0.0,     0.0,     0.0,     0.0,     0.0,     0.0,     0.0,     0.0,"(1MW for about 352 Hours)","0643IL","IFED","064 ","N16","Combined"
"ISONE.H.INTERNAL_HUB_mo_on_dap - NODAL EXCHANGE",260818,2026-08-18,064AAA,NODX,01,064 ,   83074,   58435,   57298,       0,   11555,     515,    1145,    1390,     170,   11409,     650,     295,   71969,   71873,   11105,   11201,   83074,   58435,   57298,       0,   11555,     515,    1145,    1390,     170,   11409,     650,     295,   71969,   71873,   11105,   11201,       0,       0,       0,       0,       0,       0,       0,       0,       0,       0,       0,       0,       0,       0,       0,       0,     275,     150,      90,       0,     -60,       5,       0,     -60,       0,       0,     180,       0,     155,     155,     120,     120,  100.0,   70.3,   69.0,    0.0,   13.9,    0.6,    1.4,    1.7,    0.2,   13.7,    0.8,    0.4,   86.6,   86.5,   13.4,   13.5,  100.0,   70.3,   69.0,    0.0,   13.9,    0.6,    1.4,    1.7,    0.2,   13.7,    0.8,    0.4,   86.6,   86.5,   13.4,   13.5,  100.0,    0.0,    0.0,    0.0,    0.0,    0.0,    0.0,    0.0,    0.0,    0.0,    0.0,    0.0,    0.0,    0.0,    0.0,    0.0,     32,     17,     17,      0,      6,      5,.,.,.,.,.,.,     27,     26,     32,     17,     17,      0,      6,      5,.,.,.,.,.,.,     27,     26,      0,      0,      0,      0,      0,      0,      0,      0,      0,      0,      0,      0,      0,      0,    65.8,    48.0,    78.5,    63.4,    64.0,    42.1,    71.6,    54.5,    65.8,    48.0,    78.5,    63.4,    64.0,    42.1,    71.6,    54.5,     0.0,     0.0,     0.0,     0.0,     0.0,     0.0,     0.0,     0.0,"(Contracts of 400 MWh)","064AAA","NODX","064 ","N16","Combined"
"ISONE.H.INTERNAL_HB_mo_off_dap - NODAL EXCHANGE",260818,2026-08-18,064AAB,NODX,01,064 ,   76734,   53471,   50861,       0,   11787,    1083,     980,    1600,     195,   10997,     888,     180,   66906,   66594,    9828,   10140,   76734,   53471,   50861,       0,   11787,    1083,     980,    1600,     195,   10997,     888,     180,   66906,   66594,    9828,   10140,       0,       0,       0,       0,       0,       0,       0,       0,       0,       0,       0,       0,       0,       0,       0,       0,     190,      60,       0,       0,     -60,      10,       0,     -60,       0,       0,     180,       0,      70,      70,     120,     120,  100.0,   69.7,   66.3,    0.0,   15.4,    1.4,    1.3,    2.1,    0.3,   14.3,    1.2,    0.2,   87.2,   86.8,   12.8,   13.2,  100.0,   69.7,   66.3,    0.0,   15.4,    1.4,    1.3,    2.1,    0.3,   14.3,    1.2,    0.2,   87.2,   86.8,   12.8,   13.2,  100.0,    0.0,    0.0,    0.0,    0.0,    0.0,    0.0,    0.0,    0.0,    0.0,    0.0,    0.0,    0.0,    0.0,    0.0,    0.0,     32,     17,     17,      0,      6,      4,.,.,.,.,.,.,     26,     26,     32,     17,     17,      0,      6,      4,.,.,.,.,.,.,     26,     26,      0,      0,      0,      0,      0,      0,      0,      0,      0,      0,      0,      0,      0,      0,    65.1,    44.3,    78.3,    60.9,    62.5,    40.8,    71.1,    52.3,    65.1,    44.3,    78.3,    60.9,    62.5,    40.8,    71.1,    52.3,     0.0,     0.0,     0.0,     0.0,     0.0,     0.0,     0.0,     0.0,"(Contracts of 400 MWh)","064AAB","NODX","064 ","N16","Combined"
"MISO.INDIANA.HUB_month_on_dap - NODAL EXCHANGE",260818,2026-08-18,064BFI,NODX,01,064 ,   19892,   11667,   13356,    3245,     871,     415,     125,     613,     180,     105,       0,     750,   16487,   16185,    3405,    3707,   19892,   11667,   13356,    3245,     871,     415,     125,     613,     180,     105,       0,     750,   16487,   16185,    3405,    3707,       0,       0,       0,       0,       0,       0,       0,       0,       0,       0,       0,       0,       0,       0,       0,       0,     281,     -19,     180,    -215,     186,     -25,       0,       0,       0,     105,    -435,       5,    -149,     -89,     430,     370,  100.0,   58.7,   67.1,   16.3,    4.4,    2.1,    0.6,    3.1,    0.9,    0.5,    0.0,    3.8,   82.9,   81.4,   17.1,   18.6,  100.0,   58.7,   67.1,   16.3,    4.4,    2.1,    0.6,    3.1,    0.9,    0.5,    0.0,    3.8,   82.9,   81.4,   17.1,   18.6,  100.0,    0.0,    0.0,    0.0,    0.0,    0.0,    0.0,    0.0,    0.0,    0.0,    0.0,    0.0,    0.0,    0.0,    0.0,    0.0,     27,     15,     16,.,.,.,.,.,.,.,      0,.,     20,     22,     27,     15,     16,.,.,.,.,.,.,.,      0,.,     20,     22,      0,      0,      0,      0,      0,      0,      0,      0,      0,      0,      0,      0,      0,      0,    49.3,    51.1,    68.7,    68.2,    46.5,    44.8,    56.6,    56.9,    49.3,    51.1,    68.7,    68.2,    46.5,    44.8,    56.6,    56.9,     0.0,     0.0,     0.0,     0.0,     0.0,     0.0,     0.0,     0.0,"Megawatt Hours (MWh)","064BFI","NODX","064 ","N16","Combined"
"MISO.INDIANA.HUB_month_off_dap - NODAL EXCHANGE",260818,2026-08-18,064BFJ,NODX,01,064 ,   20253,   12398,   13704,    2280,     475,     910,     125,     600,     180,     178,       0,     777,   16848,   16646,    3405,    3607,   20253,   12398,   13704,    2280,     475,     910,     125,     600,     180,     178,       0,     777,   16848,   16646,    3405,    3607,       0,       0,       0,       0,       0,       0,       0,       0,       0,       0,       0,       0,       0,       0,       0,       0,      51,     -59,      79,    -255,       0,      55,       0,       0,       0,     178,    -155,    -178,    -259,    -199,     310,     250,  100.0,   61.2,   67.7,   11.3,    2.3,    4.5,    0.6,    3.0,    0.9,    0.9,    0.0,    3.8,   83.2,   82.2,   16.8,   17.8,  100.0,   61.2,   67.7,   11.3,    2.3,    4.5,    0.6,    3.0,    0.9,    0.9,    0.0,    3.8,   83.2,   82.2,   16.8,   17.8,  100.0,    0.0,    0.0,    0.0,    0.0,    0.0,    0.0,    0.0,    0.0,    0.0,    0.0,    0.0,    0.0,    0.0,    0.0,    0.0,     27,     13,     15,.,      4,      4,.,.,.,.,      0,.,     20,     23,     27,     13,     15,.,      4,      4,.,.,.,.,      0,.,     20,     23,      0,      0,      0,      0,      0,      0,      0,      0,      0,      0,      0,      0,      0,      0,    50.1,    52.6,    66.7,    69.0,    47.5,    46.7,    56.3,    56.2,    50.1,    52.6,    66.7,    69.0,    47.5,    46.7,    56.3,    56.2,     0.0,     0.0,     0.0,     0.0,     0.0,     0.0,     0.0,     0.0,"Megawatt Hours (MWh)","064BFJ","NODX","064 ","N16","Combined"
"NYISO.CENTRL_month_on_dap - NODAL EXCHANGE",260818,2026-08-18,064CTQ,NODX,01,064 ,   37043,   15754,   34403,    7299,    1280,     540,       5,       0,     120,   11725,       0,       0,   35443,   36343,    1600,     700,   37043,   15754,   34403,    7299,    1280,     540,       5,       0,     120,   11725,       0,       0,   35443,   36343,    1600,     700,       0,       0,       0,       0,       0,       0,       0,       0,       0,       0,       0,       0,       0,       0,       0,       0,     600,     300,     480,     300,       0,       0,       0,       0,       0,       0,       0,       0,     600,     480,       0,     120,  100.0,   42.5,   92.9,   19.7,    3.5,    1.5,    0.0,    0.0,    0.3,   31.7,    0.0,    0.0,   95.7,   98.1,    4.3,    1.9,  100.0,   42.5,   92.9,   19.7,    3.5,    1.5,    0.0,    0.0,    0.3,   31.7,    0.0,    0.0,   95.7,   98.1,    4.3,    1.9,  100.0,    0.0,    0.0,    0.0,    0.0,    0.0,    0.0,    0.0,    0.0,    0.0,    0.0,    0.0,    0.0,    0.0,    0.0,    0.0,     22,     11,.,      4,.,.,.,      0,.,.,      0,      0,     18,      6,     22,     11,.,      4,.,.,.,      0,.,.,      0,      0,     18,      6,      0,      0,      0,      0,      0,      0,      0,      0,      0,      0,      0,      0,      0,      0,    70.9,    96.6,    84.1,    98.1,    70.9,    96.0,    84.1,    96.3,    70.9,    96.6,    84.1,    98.1,    70.9,    96.0,    84.1,    96.3,     0.0,     0.0,     0.0,     0.0,     0.0,     0.0,     0.0,     0.0,"Megawatt Hours (MWh)","064CTQ","NODX","064 ","N16","Combined"
"NYISO.CENTRL_month_off_dap - NODAL EXCHANGE",260818,2026-08-18,064CTR,NODX,01,064 ,   33938,   13919,   32793,    7934,     415,      60,       5,       0,     120,   10400,       0,       0,   32438,   33388,    1500,     550,   33938,   13919,   32793,    7934,     415,      60,       5,       0,     120,   10400,       0,       0,   32438,   33388,    1500,     550,       0,       0,       0,       0,       0,       0,       0,       0,       0,       0,       0,       0,       0,       0,       0,       0,       0,       0,       0,       0,       0,       0,       0,       0,       0,       0,       0,       0,       0,       0,       0,       0,  100.0,   41.0,   96.6,   23.4,    1.2,    0.2,    0.0,    0.0,    0.4,   30.6,    0.0,    0.0,   95.6,   98.4,    4.4,    1.6,  100.0,   41.0,   96.6,   23.4,    1.2,    0.2,    0.0,    0.0,    0.4,   30.6,    0.0,    0.0,   95.6,   98.4,    4.4,    1.6,  100.0,    0.0,    0.0,    0.0,    0.0,    0.0,    0.0,    0.0,    0.0,    0.0,    0.0,    0.0,    0.0,    0.0,    0.0,    0.0,     22,     12,      4,      5,.,.,.,      0,.,.,      0,      0,     20,      6,     22,     12,      4,      5,.,.,.,      0,.,.,      0,      0,     20,      6,      0,      0,      0,      0,      0,      0,      0,      0,      0,      0,      0,      0,      0,      0,    72.4,    97.6,    86.5,    98.4,    72.4,    96.5,    86.5,    96.5,    72.4,    97.6,    86.5,    98.4,    72.4,    96.5,    86.5,    96.5,     0.0,     0.0,     0.0,     0.0,     0.0,     0.0,     0.0,     0.0,"Megawatt Hours (MWh)","064CTR","NODX","064 ","N16","Combined"
"NYISO.HUD VL_month_on_dap - NODAL EXCHANGE",260818,2026-08-18,064CXO,NODX,01,064 ,   38167,   28814,   11630,    1410,   10985,    1685,     175,    1990,     290,     375,    6451,     360,   33109,   33391,    5058,    4776,   38167,   28814,   11630,    1410,   10985,    1685,     175,    1990,     290,     375,    6451,     360,   33109,   33391,    5058,    4776,       0,       0,       0,       0,       0,       0,       0,       0,       0,       0,       0,       0,       0,       0,       0,       0,      84,     170,     -25,    -485,    -615,     415,       0,     240,       0,       0,      85,       0,     100,     100,     -16,     -16,  100.0,   75.5,   30.5,    3.7,   28.8,    4.4,    0.5,    5.2,    0.8,    1.0,   16.9,    0.9,   86.7,   87.5,   13.3,   12.5,  100.0,   75.5,   30.5,    3.7,   28.8,    4.4,    0.5,    5.2,    0.8,    1.0,   16.9,    0.9,   86.7,   87.5,   13.3,   12.5,  100.0,    0.0,    0.0,    0.0,    0.0,    0.0,    0.0,    0.0,    0.0,    0.0,    0.0,    0.0,    0.0,    0.0,    0.0,    0.0,     33,     18,     13,.,      4,      6,.,.,.,.,.,.,     29,     25,     33,     18,     13,.,      4,      6,.,.,.,.,.,.,     29,     25,      0,      0,      0,      0,      0,      0,      0,      0,      0,      0,      0,      0,      0,      0,    40.5,    46.4,    61.2,    66.5,    36.8,    43.8,    55.8,    59.7,    40.5,    46.4,    61.2,    66.5,    36.8,    43.8,    55.8,    59.7,     0.0,     0.0,     0.0,     0.0,     0.0,     0.0,     0.0,     0.0,"Megawatt Hours (MWh)","064CXO","NODX","064 ","N16","Combined"
"NYISO.HUD VL_month_off_dap - NODAL EXCHANGE",260818,2026-08-18,064CXP,NODX,01,064 ,   37523,   29085,   12033,    1090,   10863,    1314,     180,     925,     600,     300,    6931,     412,   32981,   33078,    4542,    4445,   37523,   29085,   12033,    1090,   10863,    1314,     180,     925,     600,     300,    6931,     412,   32981,   33078,    4542,    4445,       0,       0,       0,       0,       0,       0,       0,       0,       0,       0,       0,       0,       0,       0,       0,       0,    -165,      25,      60,    -410,    -710,     250,    -240,       0,     240,       0,      25,       0,    -135,    -135,     -30,     -30,  100.0,   77.5,   32.1,    2.9,   29.0,    3.5,    0.5,    2.5,    1.6,    0.8,   18.5,    1.1,   87.9,   88.2,   12.1,   11.8,  100.0,   77.5,   32.1,    2.9,   29.0,    3.5,    0.5,    2.5,    1.6,    0.8,   18.5,    1.1,   87.9,   88.2,   12.1,   11.8,  100.0,    0.0,    0.0,    0.0,    0.0,    0.0,    0.0,    0.0,    0.0,    0.0,    0.0,    0.0,    0.0,    0.0,    0.0,    0.0,     32,     17,     13,.,      4,      6,.,.,.,.,.,.,     27,     25,     32,     17,     13,.,      4,      6,.,.,.,.,.,.,     27,     25,      0,      0,      0,      0,      0,      0,      0,      0,      0,      0,      0,      0,      0,      0,    43.6,    48.2,    63.3,    69.9,    40.6,    45.7,    57.2,    63.0,    43.6,    48.2,    63.3,    69.9,    40.6,    45.7,    57.2,    63.0,     0.0,     0.0,     0.0,     0.0,     0.0,     0.0,     0.0,     0.0,"Megawatt Hours (MWh)","064CXP","NODX","064 ","N16","Combined"
"NYISO.N.Y.C._month_on_dap - NODAL EXCHANGE",260818,2026-08-18,064CZS,NODX,01,064 ,   28592,   15877,   22638,    5708,     105,    1345,       0,     300,       0,    1341,     375,     464,   24735,   25227,    3857,    3365,   28592,   15877,   22638,    5708,     105,    1345,       0,     300,       0,    1341,     375,     464,   24735,   25227,    3857,    3365,       0,       0,       0,       0,       0,       0,       0,       0,       0,       0,       0,       0,       0,       0,       0,       0,     245,      50,     245,     -95,       0,       0,       0,       0,       0,     290,       0,       0,     245,     245,       0,       0,  100.0,   55.5,   79.2,   20.0,    0.4,    4.7,    0.0,    1.0,    0.0,    4.7,    1.3,    1.6,   86.5,   88.2,   13.5,   11.8,  100.0,   55.5,   79.2,   20.0,    0.4,    4.7,    0.0,    1.0,    0.0,    4.7,    1.3,    1.6,   86.5,   88.2,   13.5,   11.8,  100.0,    0.0,    0.0,    0.0,    0.0,    0.0,    0.0,    0.0,    0.0,    0.0,    0.0,    0.0,    0.0,    0.0,    0.0,    0.0,     27,     12,     13,      4,.,      4,      0,.,      0,.,.,.,     19,     20,     27,     12,     13,      4,.,      4,      0,.,      0,.,.,.,     19,     20,      0,      0,      0,      0,      0,      0,      0,      0,      0,      0,      0,      0,      0,      0,    54.2,    55.2,    71.5,    78.6,    54.1,    54.6,    70.2,    76.5,    54.2,    55.2,    71.5,    78.6,    54.1,    54.6,    70.2,    76.5,     0.0,     0.0,     0.0,     0.0,     0.0,     0.0,     0.0,     0.0,"Megawatt Hours (MWh)","064CZS","NODX","064 ","N16","Combined"
"NYISO.N.Y.C._month_off_dap - NODAL EXCHANGE",260818,2026-08-18,064CZT,NODX,01,064 ,   28012,   14964,   22328,    6078,       0,    1260,       0,     300,       0,    1221,     300,     464,   23987,   24652,    4025,    3360,   28012,   14964,   22328,    6078,       0,    1260,       0,     300,       0,    1221,     300,     464,   23987,   24652,    4025,    3360,       0,       0,       0,       0,       0,       0,       0,       0,       0,       0,       0,       0,       0,       0,       0,       0,     245,      50,     245,     -95,       0,       0,       0,       0,       0,     246,     -44,      44,     245,     245,       0,       0,  100.0,   53.4,   79.7,   21.7,    0.0,    4.5,    0.0,    1.1,    0.0,    4.4,    1.1,    1.7,   85.6,   88.0,   14.4,   12.0,  100.0,   53.4,   79.7,   21.7,    0.0,    4.5,    0.0,    1.1,    0.0,    4.4,    1.1,    1.7,   85.6,   88.0,   14.4,   12.0,  100.0,    0.0,    0.0,    0.0,    0.0,    0.0,    0.0,    0.0,    0.0,    0.0,    0.0,    0.0,    0.0,    0.0,    0.0,    0.0,     26,     10,     12,      5,      0,.,      0,.,      0,.,.,.,     17,     18,     26,     10,     12,      5,      0,.,      0,.,      0,.,.,.,     17,     18,      0,      0,      0,      0,      0,      0,      0,      0,      0,      0,      0,      0,      0,      0,    54.0,    54.3,    71.8,    78.9,    54.0,    53.6,    70.5,    77.3,    54.0,    54.3,    71.8,    78.9,    54.0,    53.6,    70.5,    77.3,     0.0,     0.0,     0.0,     0.0,     0.0,     0.0,     0.0,     0.0,"Megawatt Hours (MWh)","064CZT","NODX","064 ","N16","Combined"
"NYISO.WEST_month_on_dap - NODAL EXCHANGE",260818,2026-08-18,064DEU,NODX,01,064 ,   35174,   28688,   21444,    2915,    6029,    1040,       0,       0,       0,     150,    4369,     481,   33274,   33363,    1900,    1811,   35174,   28688,   21444,    2915,    6029,    1040,       0,       0,       0,     150,    4369,     481,   33274,   33363,    1900,    1811,       0,       0,       0,       0,       0,       0,       0,       0,       0,       0,       0,       0,       0,       0,       0,       0,     580,     224,     836,     425,    -175,     -69,       0,       0,       0,       0,       0,       0,     580,     592,       0,     -12,  100.0,   81.6,   61.0,    8.3,   17.1,    3.0,    0.0,    0.0,    0.0,    0.4,   12.4,    1.4,   94.6,   94.9,    5.4,    5.1,  100.0,   81.6,   61.0,    8.3,   17.1,    3.0,    0.0,    0.0,    0.0,    0.4,   12.4,    1.4,   94.6,   94.9,    5.4,    5.1,  100.0,    0.0,    0.0,    0.0,    0.0,    0.0,    0.0,    0.0,    0.0,    0.0,    0.0,    0.0,    0.0,    0.0,    0.0,    0.0,     29,     14,     15,      4,.,      4,      0,      0,      0,.,.,.,     21,     21,     29,     14,     15,      4,.,      4,      0,      0,      0,.,.,.,     21,     21,      0,      0,      0,      0,      0,      0,      0,      0,      0,      0,      0,      0,      0,      0,    69.4,    52.5,    82.7,    79.3,    59.8,    45.9,    69.3,    68.5,    69.4,    52.5,    82.7,    79.3,    59.8,    45.9,    69.3,    68.5,     0.0,     0.0,     0.0,     0.0,     0.0,     0.0,     0.0,     0.0,"Megawatt Hours (MWh)","064DEU","NODX","064 ","N16","Combined"
"NYISO.WEST_month_off_dap - NODAL EXCHANGE",260818,2026-08-18,064DEV,NODX,01,064 ,   35087,   27995,   21617,    3797,    6739,     353,       0,     305,       0,     150,    3544,     656,   32951,   33214,    2136,    1873,   35087,   27995,   21617,    3797,    6739,     353,       0,     305,       0,     150,    3544,     656,   32951,   33214,    2136,    1873,       0,       0,       0,       0,       0,       0,       0,       0,       0,       0,       0,       0,       0,       0,       0,       0,     626,     191,     863,     425,    -175,     -50,       0,       0,       0,       0,       0,       0,     566,     638,      60,     -12,  100.0,   79.8,   61.6,   10.8,   19.2,    1.0,    0.0,    0.9,    0.0,    0.4,   10.1,    1.9,   93.9,   94.7,    6.1,    5.3,  100.0,   79.8,   61.6,   10.8,   19.2,    1.0,    0.0,    0.9,    0.0,    0.4,   10.1,    1.9,   93.9,   94.7,    6.1,    5.3,  100.0,    0.0,    0.0,    0.0,    0.0,    0.0,    0.0,    0.0,    0.0,    0.0,    0.0,    0.0,    0.0,    0.0,    0.0,    0.0,     26,     10,     14,.,.,      4,      0,.,      0,.,.,.,     16,     22,     26,     10,     14,.,.,      4,      0,.,      0,.,.,.,     16,     22,      0,      0,      0,      0,      0,      0,      0,      0,      0,      0,      0,      0,      0,      0,    74.2,    53.2,    88.7,    79.7,    65.3,    48.9,    74.2,    66.0,    74.2,    53.2,    88.7,    79.7,    65.3,    48.9,    74.2,    66.0,     0.0,     0.0,     0.0,     0.0,     0.0,     0.0,     0.0,     0.0,"Megawatt Hours (MWh)","064DEV","NODX","064 ","N16","Combined"
"PJM.AEP_month_on_dap - NODAL EXCHANGE",260818,2026-08-18,064DLQ,NODX,01,064 ,   29261,   18225,   22151,    7115,     395,     370,    1570,       0,       0,     486,    5060,     380,   28146,   28356,    1115,     905,   29261,   18225,   22151,    7115,     395,     370,    1570,       0,       0,     486,    5060,     380,   28146,   28356,    1115,     905,       0,       0,       0,       0,       0,       0,       0,       0,       0,       0,       0,       0,       0,       0,       0,       0,       0,       0,       0,       0,       0,       0,       0,       0,       0,       0,       0,       0,       0,       0,       0,       0,  100.0,   62.3,   75.7,   24.3,    1.3,    1.3,    5.4,    0.0,    0.0,    1.7,   17.3,    1.3,   96.2,   96.9,    3.8,    3.1,  100.0,   62.3,   75.7,   24.3,    1.3,    1.3,    5.4,    0.0,    0.0,    1.7,   17.3,    1.3,   96.2,   96.9,    3.8,    3.1,  100.0,    0.0,    0.0,    0.0,    0.0,    0.0,    0.0,    0.0,    0.0,    0.0,    0.0,    0.0,    0.0,    0.0,    0.0,    0.0,     22,     11,.,      4,.,.,.,      0,      0,.,.,.,     19,      6,     22,     11,.,      4,.,.,.,      0,      0,.,.,.,     19,      6,      0,      0,      0,      0,      0,      0,      0,      0,      0,      0,      0,      0,      0,      0,    64.1,    94.0,    80.1,    96.9,    64.1,    92.7,    80.1,    94.3,    64.1,    94.0,    80.1,    96.9,    64.1,    92.7,    80.1,    94.3,     0.0,     0.0,     0.0,     0.0,     0.0,     0.0,     0.0,     0.0,"Megawatt Hours (MWh)","064DLQ","NODX","064 ","N16","Combined"
"PJM.AEP_month_off_dap - NODAL EXCHANGE",260818,2026-08-18,064DLR,NODX,01,064 ,   29226,   18250,   22116,    7080,     395,     370,    1570,       0,       0,     486,    5060,     380,   28136,   28321,    1090,     905,   29226,   18250,   22116,    7080,     395,     370,    1570,       0,       0,     486,    5060,     380,   28136,   28321,    1090,     905,       0,       0,       0,       0,       0,       0,       0,       0,       0,       0,       0,       0,       0,       0,       0,       0,       0,       0,       0,       0,       0,       0,       0,       0,       0,       0,       0,       0,       0,       0,       0,       0,  100.0,   62.4,   75.7,   24.2,    1.4,    1.3,    5.4,    0.0,    0.0,    1.7,   17.3,    1.3,   96.3,   96.9,    3.7,    3.1,  100.0,   62.4,   75.7,   24.2,    1.4,    1.3,    5.4,    0.0,    0.0,    1.7,   17.3,    1.3,   96.3,   96.9,    3.7,    3.1,  100.0,    0.0,    0.0,    0.0,    0.0,    0.0,    0.0,    0.0,    0.0,    0.0,    0.0,    0.0,    0.0,    0.0,    0.0,    0.0,     22,     11,.,      4,.,.,.,      0,      0,.,.,.,     19,      6,     22,     11,.,      4,.,.,.,      0,      0,.,.,.,     19,      6,      0,      0,      0,      0,      0,      0,      0,      0,      0,      0,      0,      0,      0,      0,    64.2,    94.0,    80.1,    96.9,    64.2,    92.6,    80.1,    94.2,    64.2,    94.0,    80.1,    96.9,    64.2,    92.6,    80.1,    94.2,     0.0,     0.0,     0.0,     0.0,     0.0,     0.0,     0.0,     0.0,"Megawatt Hours (MWh)","064DLR","NODX","064 ","N16","Combined"
"PJM.AEP-DAYTON HUB_mo_on_dap - NODAL EXCHANGE",260818,2026-08-18,064DLW,NODX,01,064 ,  101661,   41821,   42626,    5060,   24570,    2311,    3735,    5612,     295,   25232,    2660,     940,   79394,   79014,   22267,   22647,  101661,   41821,   42626,    5060,   24570,    2311,    3735,    5612,     295,   25232,    2660,     940,   79394,   79014,   22267,   22647,       0,       0,       0,       0,       0,       0,       0,       0,       0,       0,       0,       0,       0,       0,       0,       0,      40,       0,      80,       0,     -65,       0,     -25,       0,      25,      40,       0,       0,      40,      40,       0,       0,  100.0,   41.1,   41.9,    5.0,   24.2,    2.3,    3.7,    5.5,    0.3,   24.8,    2.6,    0.9,   78.1,   77.7,   21.9,   22.3,  100.0,   41.1,   41.9,    5.0,   24.2,    2.3,    3.7,    5.5,    0.3,   24.8,    2.6,    0.9,   78.1,   77.7,   21.9,   22.3,  100.0,    0.0,    0.0,    0.0,    0.0,    0.0,    0.0,    0.0,    0.0,    0.0,    0.0,    0.0,    0.0,    0.0,    0.0,    0.0,     44,     17,     22,.,      6,      5,.,.,.,      6,.,.,     32,     36,     44,     17,     22,.,      6,      5,.,.,.,      6,.,.,     32,     36,      0,      0,      0,      0,      0,      0,      0,      0,      0,      0,      0,      0,      0,      0,    46.1,    36.3,    62.8,    55.3,    43.5,    33.9,    54.4,    48.7,    46.1,    36.3,    62.8,    55.3,    43.5,    33.9,    54.4,    48.7,     0.0,     0.0,     0.0,     0.0,     0.0,     0.0,     0.0,     0.0,"Megawatt Hours (MWh)","064DLW","NODX","064 ","N16","Combined"
"PJM.AEP-DAYTON HUB_mo_off_dap - NODAL EXCHANGE",260818,2026-08-18,064DLX,NODX,01,064 ,   98441,   39172,   45554,    5115,   21800,    2103,    3035,    2845,     690,   25932,    2650,     940,   76987,   76582,   21454,   21859,   98441,   39172,   45554,    5115,   21800,    2103,    3035,    2845,     690,   25932,    2650,     940,   76987,   76582,   21454,   21859,       0,       0,       0,       0,       0,       0,       0,       0,       0,       0,       0,       0,       0,       0,       0,       0,     160,      95,      15,       0,      95,       0,     -25,       0,      25,      40,       0,       0,     135,     135,      25,      25,  100.0,   39.8,   46.3,    5.2,   22.1,    2.1,    3.1,    2.9,    0.7,   26.3,    2.7,    1.0,   78.2,   77.8,   21.8,   22.2,  100.0,   39.8,   46.3,    5.2,   22.1,    2.1,    3.1,    2.9,    0.7,   26.3,    2.7,    1.0,   78.2,   77.8,   21.8,   22.2,  100.0,    0.0,    0.0,    0.0,    0.0,    0.0,    0.0,    0.0,    0.0,    0.0,    0.0,    0.0,    0.0,    0.0,    0.0,    0.0,     41,     15,     21,.,      5,      5,.,.,.,      6,.,.,     30,     34,     41,     15,     21,.,      5,      5,.,.,.,      6,.,.,     30,     34,      0,      0,      0,      0,      0,      0,      0,      0,      0,      0,      0,      0,      0,      0,    47.4,    36.3,    64.8,    54.1,    41.7,    34.7,    52.7,    47.9,    47.4,    36.3,    64.8,    54.1,    41.7,    34.7,    52.7,    47.9,     0.0,     0.0,     0.0,     0.0,     0.0,     0.0,     0.0,     0.0,"Megawatt Hours (MWh)","064DLX","NODX","064 ","N16","Combined"
"PJM.APS_month_on_dap - NODAL EXCHANGE",260818,2026-08-18,064DMY,NODX,01,064 ,   12843,    6760,   10934,    1040,     694,     174,    2010,       0,       0,    1003,     390,       0,   10987,   12192,    1856,     651,   12843,    6760,   10934,    1040,     694,     174,    2010,       0,       0,    1003,     390,       0,   10987,   12192,    1856,     651,       0,       0,       0,       0,       0,       0,       0,       0,       0,       0,       0,       0,       0,       0,       0,       0,       0,       0,       0,       0,       0,       0,       0,       0,       0,       0,       0,       0,       0,       0,       0,       0,  100.0,   52.6,   85.1,    8.1,    5.4,    1.4,   15.7,    0.0,    0.0,    7.8,    3.0,    0.0,   85.5,   94.9,   14.5,    5.1,  100.0,   52.6,   85.1,    8.1,    5.4,    1.4,   15.7,    0.0,    0.0,    7.8,    3.0,    0.0,   85.5,   94.9,   14.5,    5.1,  100.0,    0.0,    0.0,    0.0,    0.0,    0.0,    0.0,    0.0,    0.0,    0.0,    0.0,    0.0,    0.0,    0.0,    0.0,    0.0,     20,     11,      6,.,.,.,.,      0,      0,.,.,      0,     16,      8,     20,     11,      6,.,.,.,.,      0,      0,.,.,      0,     16,      8,      0,      0,      0,      0,      0,      0,      0,      0,      0,      0,      0,      0,      0,      0,    41.6,    84.6,    67.6,    94.9,    41.6,    83.3,    67.2,    88.7,    41.6,    84.6,    67.6,    94.9,    41.6,    83.3,    67.2,    88.7,     0.0,     0.0,     0.0,     0.0,     0.0,     0.0,     0.0,     0.0,"Megawatt Hours (MWh)","064DMY","NODX","064 ","N16","Combined"
"PJM.APS_month_off_dap - NODAL EXCHANGE",260818,2026-08-18,064DMZ,NODX,01,064 ,   12207,    6395,   10298,    1040,     694,     174,    2010,       0,       0,     747,     390,       0,   10366,   11556,    1841,     651,   12207,    6395,   10298,    1040,     694,     174,    2010,       0,       0,     747,     390,       0,   10366,   11556,    1841,     651,       0,       0,       0,       0,       0,       0,       0,       0,       0,       0,       0,       0,       0,       0,       0,       0,       0,       0,       0,       0,       0,       0,       0,       0,       0,       0,       0,       0,       0,       0,       0,       0,  100.0,   52.4,   84.4,    8.5,    5.7,    1.4,   16.5,    0.0,    0.0,    6.1,    3.2,    0.0,   84.9,   94.7,   15.1,    5.3,  100.0,   52.4,   84.4,    8.5,    5.7,    1.4,   16.5,    0.0,    0.0,    6.1,    3.2,    0.0,   84.9,   94.7,   15.1,    5.3,  100.0,    0.0,    0.0,    0.0,    0.0,    0.0,    0.0,    0.0,    0.0,    0.0,    0.0,    0.0,    0.0,    0.0,    0.0,    0.0,     20,     11,      6,.,.,.,.,      0,      0,.,.,      0,     16,      8,     20,     11,      6,.,.,.,.,      0,      0,.,.,      0,     16,      8,      0,      0,      0,      0,      0,      0,      0,      0,      0,      0,      0,      0,      0,      0,    42.9,    84.6,    67.8,    94.7,    42.9,    83.2,    67.8,    88.9,    42.9,    84.6,    67.8,    94.7,    42.9,    83.2,    67.8,    88.9,     0.0,     0.0,     0.0,     0.0,     0.0,     0.0,     0.0,     0.0,"Megawatt Hours (MWh)","064DMZ","NODX","064 ","N16","Combined"
"PJM.BGE_month_on_dap - NODAL EXCHANGE",260818,2026-08-18,064DPQ,NODX,01,064 ,   26240,   17580,   21545,    2770,     945,     250,    2640,       0,       0,    1425,    1740,     495,   25160,   24975,    1080,    1265,   26240,   17580,   21545,    2770,     945,     250,    2640,       0,       0,    1425,    1740,     495,   25160,   24975,    1080,    1265,       0,       0,       0,       0,       0,       0,       0,       0,       0,       0,       0,       0,       0,       0,       0,       0,       0,       0,       0,       0,      65,     -15,       0,       0,       0,       0,     -65,      15,       0,       0,       0,       0,  100.0,   67.0,   82.1,   10.6,    3.6,    1.0,   10.1,    0.0,    0.0,    5.4,    6.6,    1.9,   95.9,   95.2,    4.1,    4.8,  100.0,   67.0,   82.1,   10.6,    3.6,    1.0,   10.1,    0.0,    0.0,    5.4,    6.6,    1.9,   95.9,   95.2,    4.1,    4.8,  100.0,    0.0,    0.0,    0.0,    0.0,    0.0,    0.0,    0.0,    0.0,    0.0,    0.0,    0.0,    0.0,    0.0,    0.0,    0.0,     29,     14,      5,.,.,.,.,      0,      0,.,.,.,     25,     13,     29,     14,      5,.,.,.,.,      0,      0,.,.,.,     25,     13,      0,      0,      0,      0,      0,      0,      0,      0,      0,      0,      0,      0,      0,      0,    53.5,    87.0,    74.8,    93.1,    53.0,    85.5,    73.9,    89.3,    53.5,    87.0,    74.8,    93.1,    53.0,    85.5,    73.9,    89.3,     0.0,     0.0,     0.0,     0.0,     0.0,     0.0,     0.0,     0.0,"Megawatt Hours (MWh)","064DPQ","NODX","064 ","N16","Combined"
"PJM.BGE_month_off_dap - NODAL EXCHANGE",260818,2026-08-18,064DPR,NODX,01,064 ,   26155,   17365,   21295,    2470,     680,     365,    2640,       0,       0,    1425,    1765,     495,   24760,   24600,    1395,    1555,   26155,   17365,   21295,    2470,     680,     365,    2640,       0,       0,    1425,    1765,     495,   24760,   24600,    1395,    1555,       0,       0,       0,       0,       0,       0,       0,       0,       0,       0,       0,       0,       0,       0,       0,       0,       0,       0,       0,     -30,      35,      15,       0,       0,       0,       0,     -65,      15,       0,       0,       0,       0,  100.0,   66.4,   81.4,    9.4,    2.6,    1.4,   10.1,    0.0,    0.0,    5.4,    6.7,    1.9,   94.7,   94.1,    5.3,    5.9,  100.0,   66.4,   81.4,    9.4,    2.6,    1.4,   10.1,    0.0,    0.0,    5.4,    6.7,    1.9,   94.7,   94.1,    5.3,    5.9,  100.0,    0.0,    0.0,    0.0,    0.0,    0.0,    0.0,    0.0,    0.0,    0.0,    0.0,    0.0,    0.0,    0.0,    0.0,    0.0,     29,     14,      5,.,.,.,.,      0,      0,.,.,.,     25,     13,     29,     14,      5,.,.,.,.,      0,      0,.,.,.,     25,     13,      0,      0,      0,      0,      0,      0,      0,      0,      0,      0,      0,      0,      0,      0,    52.9,    86.5,    73.0,    91.9,    52.4,    84.9,    72.1,    87.7,    52.9,    86.5,    73.0,    91.9,    52.4,    84.9,    72.1,    87.7,     0.0,     0.0,     0.0,     0.0,     0.0,     0.0,     0.0,     0.0,"Megawatt Hours (MWh)","064DPR","NODX","064 ","N16","Combined"
"PJM.DOM_month_on_dap - NODAL EXCHANGE",260818,2026-08-18,064DZS,NODX,01,064 ,   12089,    7945,    5475,    1555,    2915,     429,     800,     730,       0,     775,    1930,      25,   11529,   11504,     560,     585,   12089,    7945,    5475,    1555,    2915,     429,     800,     730,       0,     775,    1930,      25,   11529,   11504,     560,     585,       0,       0,       0,       0,       0,       0,       0,       0,       0,       0,       0,       0,       0,       0,       0,       0,     130,     -70,     230,      75,    -100,       0,      50,       0,       0,       0,     -75,      25,      80,      80,      50,      50,  100.0,   65.7,   45.3,   12.9,   24.1,    3.5,    6.6,    6.0,    0.0,    6.4,   16.0,    0.2,   95.4,   95.2,    4.6,    4.8,  100.0,   65.7,   45.3,   12.9,   24.1,    3.5,    6.6,    6.0,    0.0,    6.4,   16.0,    0.2,   95.4,   95.2,    4.6,    4.8,  100.0,    0.0,    0.0,    0.0,    0.0,    0.0,    0.0,    0.0,    0.0,    0.0,    0.0,    0.0,    0.0,    0.0,    0.0,    0.0,     24,     10,      4,.,      5,.,.,.,      0,.,.,.,     16,     13,     24,     10,      4,.,      5,.,.,.,      0,.,.,.,     16,     13,      0,      0,      0,      0,      0,      0,      0,      0,      0,      0,      0,      0,      0,      0,    58.6,    72.8,    81.1,    92.3,    58.6,    67.1,    79.0,    83.6,    58.6,    72.8,    81.1,    92.3,    58.6,    67.1,    79.0,    83.6,     0.0,     0.0,     0.0,     0.0,     0.0,     0.0,     0.0,     0.0,"Megawatt Hours (MWh)","064DZS","NODX","064 ","N16","Combined"
"PJM.DOM_month_off_dap - NODAL EXCHANGE",260818,2026-08-18,064DZT,NODX,01,064 ,   12599,    8355,    5920,    1805,    3190,     294,     800,     730,       0,     775,    1930,      25,   12054,   12089,     545,     510,   12599,    8355,    5920,    1805,    3190,     294,     800,     730,       0,     775,    1930,      25,   12054,   12089,     545,     510,       0,       0,       0,       0,       0,       0,       0,       0,       0,       0,       0,       0,       0,       0,       0,       0,     130,     -70,     230,      75,    -100,       0,      50,       0,       0,       0,     -75,      25,      80,      80,      50,      50,  100.0,   66.3,   47.0,   14.3,   25.3,    2.3,    6.3,    5.8,    0.0,    6.2,   15.3,    0.2,   95.7,   96.0,    4.3,    4.0,  100.0,   66.3,   47.0,   14.3,   25.3,    2.3,    6.3,    5.8,    0.0,    6.2,   15.3,    0.2,   95.7,   96.0,    4.3,    4.0,  100.0,    0.0,    0.0,    0.0,    0.0,    0.0,    0.0,    0.0,    0.0,    0.0,    0.0,    0.0,    0.0,    0.0,    0.0,    0.0,     26,     11,      5,.,      5,.,.,.,      0,.,.,.,     18,     14,     26,     11,      5,.,      5,.,.,.,      0,.,.,.,     18,     14,      0,      0,      0,      0,      0,      0,      0,      0,      0,      0,      0,      0,      0,      0,    57.3,    72.6,    80.4,    92.5,    57.3,    67.1,    79.8,    84.6,    57.3,    72.6,    80.4,    92.5,    57.3,    67.1,    79.8,    84.6,     0.0,     0.0,     0.0,     0.0,     0.0,     0.0,     0.0,     0.0,"Megawatt Hours (MWh)","064DZT","NODX","064 ","N16","Combined"
"ERCOT North 345KV Hub RT 10x17 - ICE FUTURES ENERGY DIV",260818,2026-08-18,064ED7,IFED,01,064 ,    6679,    5088,    2868,     600,     755,     120,       0,       0,       0,     655,    2320,       0,    6463,    6063,     216,     616,    6679,    5088,    2868,     600,     755,     120,       0,       0,       0,     655,    2320,       0,    6463,    6063,     216,     616,       0,       0,       0,       0,       0,       0,       0,       0,       0,       0,       0,       0,       0,       0,       0,       0,     150,     105,       0,       0,     150,       0,       0,       0,       0,      45,       0,       0,     150,     150,       0,       0,  100.0,   76.2,   42.9,    9.0,   11.3,    1.8,    0.0,    0.0,    0.0,    9.8,   34.7,    0.0,   96.8,   90.8,    3.2,    9.2,  100.0,   76.2,   42.9,    9.0,   11.3,    1.8,    0.0,    0.0,    0.0,    9.8,   34.7,    0.0,   96.8,   90.8,    3.2,    9.2,  100.0,    0.0,    0.0,    0.0,    0.0,    0.0,    0.0,    0.0,    0.0,    0.0,    0.0,    0.0,    0.0,    0.0,    0.0,    0.0,     20,     11,      6,.,.,.,      0,      0,      0,.,.,      0,     15,     10,     20,     11,      6,.,.,.,      0,      0,      0,.,.,      0,     15,     10,      0,      0,      0,      0,      0,      0,      0,      0,      0,      0,      0,      0,      0,      0,    67.5,    81.6,    86.8,    89.7,    64.8,    80.7,    83.9,    86.6,    67.5,    81.6,    86.8,    89.7,    64.8,    80.7,    83.9,    86.6,     0.0,     0.0,     0.0,     0.0,     0.0,     0.0,     0.0,     0.0,"(1MW for about 352 Hours)","064ED7","IFED","064 ","N16","Combined"
"PJM.JCPL_month_on_dap - NODAL EXCHANGE",260818,2026-08-18,064EJI,NODX,01,064 ,   49067,   32837,   36180,    2575,    2317,     910,    3080,    4980,       0,    3775,     175,     925,   44102,   45487,    4965,    3580,   49067,   32837,   36180,    2575,    2317,     910,    3080,    4980,       0,    3775,     175,     925,   44102,   45487,    4965,    3580,       0,       0,       0,       0,       0,       0,       0,       0,       0,       0,       0,       0,       0,       0,       0,       0,       0,       0,       0,       0,       0,       0,       0,       0,       0,       0,       0,       0,       0,       0,       0,       0,  100.0,   66.9,   73.7,    5.2,    4.7,    1.9,    6.3,   10.1,    0.0,    7.7,    0.4,    1.9,   89.9,   92.7,   10.1,    7.3,  100.0,   66.9,   73.7,    5.2,    4.7,    1.9,    6.3,   10.1,    0.0,    7.7,    0.4,    1.9,   89.9,   92.7,   10.1,    7.3,  100.0,    0.0,    0.0,    0.0,    0.0,    0.0,    0.0,    0.0,    0.0,    0.0,    0.0,    0.0,    0.0,    0.0,    0.0,    0.0,     29,     13,      8,.,.,      4,.,.,      0,.,.,.,     22,     17,     29,     13,      8,.,.,      4,.,.,      0,.,.,.,     22,     17,      0,      0,      0,      0,      0,      0,      0,      0,      0,      0,      0,      0,      0,      0,    53.0,    78.4,    70.1,    88.3,    49.1,    78.4,    66.2,    83.9,    53.0,    78.4,    70.1,    88.3,    49.1,    78.4,    66.2,    83.9,     0.0,     0.0,     0.0,     0.0,     0.0,     0.0,     0.0,     0.0,"Megawatt Hours (MWh)","064EJI","NODX","064 ","N16","Combined"
"PJM.JCPL_month_off_dap - NODAL EXCHANGE",260818,2026-08-18,064EJJ,NODX,01,064 ,   46877,   30847,   34450,    1810,    2317,    1250,    3080,    4380,       0,    4135,      50,     420,   41542,   42867,    5335,    4010,   46877,   30847,   34450,    1810,    2317,    1250,    3080,    4380,       0,    4135,      50,     420,   41542,   42867,    5335,    4010,       0,       0,       0,       0,       0,       0,       0,       0,       0,       0,       0,       0,       0,       0,       0,       0,       0,     -40,       0,       0,       0,       0,       0,       0,       0,      40,       0,       0,       0,       0,       0,       0,  100.0,   65.8,   73.5,    3.9,    4.9,    2.7,    6.6,    9.3,    0.0,    8.8,    0.1,    0.9,   88.6,   91.4,   11.4,    8.6,  100.0,   65.8,   73.5,    3.9,    4.9,    2.7,    6.6,    9.3,    0.0,    8.8,    0.1,    0.9,   88.6,   91.4,   11.4,    8.6,  100.0,    0.0,    0.0,    0.0,    0.0,    0.0,    0.0,    0.0,    0.0,    0.0,    0.0,    0.0,    0.0,    0.0,    0.0,    0.0,     29,     14,      8,.,.,      4,.,.,      0,.,.,.,     23,     17,     29,     14,      8,.,.,      4,.,.,      0,.,.,.,     23,     17,      0,      0,      0,      0,      0,      0,      0,      0,      0,      0,      0,      0,      0,      0,    51.2,    78.8,    69.2,    87.2,    48.5,    78.8,    66.6,    84.6,    51.2,    78.8,    69.2,    87.2,    48.5,    78.8,    66.6,    84.6,     0.0,     0.0,     0.0,     0.0,     0.0,     0.0,     0.0,     0.0,"Megawatt Hours (MWh)","064EJJ","NODX","064 ","N16","Combined"
"PJM.METED_month_on_dap - NODAL EXCHANGE",260818,2026-08-18,064EOW,NODX,01,064 ,   12792,   10000,    8924,      25,    1750,     588,      85,     190,     160,     150,     200,     120,   11128,   11932,    1664,     860,   12792,   10000,    8924,      25,    1750,     588,      85,     190,     160,     150,     200,     120,   11128,   11932,    1664,     860,       0,       0,       0,       0,       0,       0,       0,       0,       0,       0,       0,       0,       0,       0,       0,       0,     182,      45,     129,       0,     -75,       0,     -90,       0,      90,     150,       0,       0,     195,     144,     -13,      38,  100.0,   78.2,   69.8,    0.2,   13.7,    4.6,    0.7,    1.5,    1.3,    1.2,    1.6,    0.9,   87.0,   93.3,   13.0,    6.7,  100.0,   78.2,   69.8,    0.2,   13.7,    4.6,    0.7,    1.5,    1.3,    1.2,    1.6,    0.9,   87.0,   93.3,   13.0,    6.7,  100.0,    0.0,    0.0,    0.0,    0.0,    0.0,    0.0,    0.0,    0.0,    0.0,    0.0,    0.0,    0.0,    0.0,    0.0,    0.0,     23,     11,      4,.,.,      4,.,.,.,.,.,.,     19,     12,     23,     11,      4,.,.,      4,.,.,.,.,.,.,     19,     12,      0,      0,      0,      0,      0,      0,      0,      0,      0,      0,      0,      0,      0,      0,    55.2,    78.0,    74.4,    89.6,    55.2,    77.6,    72.5,    82.3,    55.2,    78.0,    74.4,    89.6,    55.2,    77.6,    72.5,    82.3,     0.0,     0.0,     0.0,     0.0,     0.0,     0.0,     0.0,     0.0,"Megawatt Hours (MWh)","064EOW","NODX","064 ","N16","Combined"
"PJM.METED_month_off_dap - NODAL EXCHANGE",260818,2026-08-18,064EOX,NODX,01,064 ,   12964,   10177,    9174,      25,    1760,     593,      85,     190,     160,     150,     200,     120,   11310,   12197,    1654,     767,   12964,   10177,    9174,      25,    1760,     593,      85,     190,     160,     150,     200,     120,   11310,   12197,    1654,     767,       0,       0,       0,       0,       0,       0,       0,       0,       0,       0,       0,       0,       0,       0,       0,       0,     144,     -13,     129,       0,     -75,       0,     -90,       0,      90,     150,       0,       0,     137,     144,       7,       0,  100.0,   78.5,   70.8,    0.2,   13.6,    4.6,    0.7,    1.5,    1.2,    1.2,    1.5,    0.9,   87.2,   94.1,   12.8,    5.9,  100.0,   78.5,   70.8,    0.2,   13.6,    4.6,    0.7,    1.5,    1.2,    1.2,    1.5,    0.9,   87.2,   94.1,   12.8,    5.9,  100.0,    0.0,    0.0,    0.0,    0.0,    0.0,    0.0,    0.0,    0.0,    0.0,    0.0,    0.0,    0.0,    0.0,    0.0,    0.0,     24,     13,      6,.,.,      4,.,.,.,.,.,.,     21,     14,     24,     13,      6,.,.,      4,.,.,.,.,.,.,     21,     14,      0,      0,      0,      0,      0,      0,      0,      0,      0,      0,      0,      0,      0,      0,    53.0,    77.7,    73.9,    88.9,    52.0,    76.8,    69.2,    81.4,    53.0,    77.7,    73.9,    88.9,    52.0,    76.8,    69.2,    81.4,     0.0,     0.0,     0.0,     0.0,     0.0,     0.0,     0.0,     0.0,"Megawatt Hours (MWh)","064EOX","NODX","064 ","N16","Combined"
"PJM.N ILLINOIS HUB_mo_on_dap - NODAL EXCHANGE",260818,2026-08-18,064ERM,NODX,01,064 ,   91256,   63988,   77839,   13763,    2353,    3041,     300,     260,       0,    2450,       0,       0,   83542,   83493,    7714,    7763,   91256,   63988,   77839,   13763,    2353,    3041,     300,     260,       0,    2450,       0,       0,   83542,   83493,    7714,    7763,       0,       0,       0,       0,       0,       0,       0,       0,       0,       0,       0,       0,       0,       0,       0,       0,     313,     484,     399,       0,     165,     -35,       0,     -90,       0,     -10,       0,       0,     439,     439,    -126,    -126,  100.0,   70.1,   85.3,   15.1,    2.6,    3.3,    0.3,    0.3,    0.0,    2.7,    0.0,    0.0,   91.5,   91.5,    8.5,    8.5,  100.0,   70.1,   85.3,   15.1,    2.6,    3.3,    0.3,    0.3,    0.0,    2.7,    0.0,    0.0,   91.5,   91.5,    8.5,    8.5,  100.0,    0.0,    0.0,    0.0,    0.0,    0.0,    0.0,    0.0,    0.0,    0.0,    0.0,    0.0,    0.0,    0.0,    0.0,    0.0,     31,     14,     14,      4,.,      5,.,.,      0,.,      0,      0,     23,     21,     31,     14,     14,      4,.,      5,.,.,      0,.,      0,      0,     23,     21,      0,      0,      0,      0,      0,      0,      0,      0,      0,      0,      0,      0,      0,      0,    58.0,    76.8,    81.8,    83.7,    55.9,    76.6,    76.4,    82.0,    58.0,    76.8,    81.8,    83.7,    55.9,    76.6,    76.4,    82.0,     0.0,     0.0,     0.0,     0.0,     0.0,     0.0,     0.0,     0.0,"Megawatt Hours (MWh)","064ERM","NODX","064 ","N16","Combined"
"PJM.N ILLINOIS HUB_mo_off_dap - NODAL EXCHANGE",260818,2026-08-18,064ERN,NODX,01,064 ,   89420,   61400,   76578,   14917,    2005,    2909,     300,     260,       0,    2275,       0,       0,   81801,   81752,    7619,    7668,   89420,   61400,   76578,   14917,    2005,    2909,     300,     260,       0,    2275,       0,       0,   81801,   81752,    7619,    7668,       0,       0,       0,       0,       0,       0,       0,       0,       0,       0,       0,       0,       0,       0,       0,       0,     411,     632,     582,       0,     130,       0,       0,     -90,       0,     -10,       0,       0,     622,     622,    -211,    -211,  100.0,   68.7,   85.6,   16.7,    2.2,    3.3,    0.3,    0.3,    0.0,    2.5,    0.0,    0.0,   91.5,   91.4,    8.5,    8.6,  100.0,   68.7,   85.6,   16.7,    2.2,    3.3,    0.3,    0.3,    0.0,    2.5,    0.0,    0.0,   91.5,   91.4,    8.5,    8.6,  100.0,    0.0,    0.0,    0.0,    0.0,    0.0,    0.0,    0.0,    0.0,    0.0,    0.0,    0.0,    0.0,    0.0,    0.0,    0.0,     29,     14,     15,      5,.,      5,.,.,      0,.,      0,      0,     22,     22,     29,     14,     15,      5,.,      5,.,.,      0,.,      0,      0,     22,     22,      0,      0,      0,      0,      0,      0,      0,      0,      0,      0,      0,      0,      0,      0,    58.8,    77.4,    81.8,    84.0,    56.1,    77.2,    76.7,    82.6,    58.8,    77.4,    81.8,    84.0,    56.1,    77.2,    76.7,    82.6,     0.0,     0.0,     0.0,     0.0,     0.0,     0.0,     0.0,     0.0,"Megawatt Hours (MWh)","064ERN","NODX","064 ","N16","Combined"
"PJM.PECO_month_on_dap - NODAL EXCHANGE",260818,2026-08-18,064EUY,NODX,01,064 ,  107167,   71860,   83577,    3716,   14353,    2017,    1945,    1005,       0,   21210,     206,     224,  100972,  101382,    6195,    5785,  107167,   71860,   83577,    3716,   14353,    2017,    1945,    1005,       0,   21210,     206,     224,  100972,  101382,    6195,    5785,       0,       0,       0,       0,       0,       0,       0,       0,       0,       0,       0,       0,       0,       0,       0,       0,     -34,     240,     -70,     -30,      60,       0,       0,       0,       0,    -220,       0,       0,     -10,     -10,     -24,     -24,  100.0,   67.1,   78.0,    3.5,   13.4,    1.9,    1.8,    0.9,    0.0,   19.8,    0.2,    0.2,   94.2,   94.6,    5.8,    5.4,  100.0,   67.1,   78.0,    3.5,   13.4,    1.9,    1.8,    0.9,    0.0,   19.8,    0.2,    0.2,   94.2,   94.6,    5.8,    5.4,  100.0,    0.0,    0.0,    0.0,    0.0,    0.0,    0.0,    0.0,    0.0,    0.0,    0.0,    0.0,    0.0,    0.0,    0.0,    0.0,     37,     21,     11,.,.,.,.,.,      0,      4,.,.,     30,     22,     37,     21,     11,.,.,.,.,.,      0,      4,.,.,     30,     22,      0,      0,      0,      0,      0,      0,      0,      0,      0,      0,      0,      0,      0,      0,    53.3,    78.2,    74.1,    90.9,    47.4,    76.6,    63.0,    78.7,    53.3,    78.2,    74.1,    90.9,    47.4,    76.6,    63.0,    78.7,     0.0,     0.0,     0.0,     0.0,     0.0,     0.0,     0.0,     0.0,"Megawatt Hours (MWh)","064EUY","NODX","064 ","N16","Combined"
"PJM.PECO_month_off_dap - NODAL EXCHANGE",260818,2026-08-18,064EUZ,NODX,01,064 ,  106450,   69815,   83282,    3761,   12793,    2015,    1945,     640,     175,   21095,     211,     219,   99025,   99335,    7425,    7115,  106450,   69815,   83282,    3761,   12793,    2015,    1945,     640,     175,   21095,     211,     219,   99025,   99335,    7425,    7115,       0,       0,       0,       0,       0,       0,       0,       0,       0,       0,       0,       0,       0,       0,       0,       0,     166,     290,     -20,     -45,      60,       0,       0,       0,       0,    -205,       0,       0,      40,      40,     126,     126,  100.0,   65.6,   78.2,    3.5,   12.0,    1.9,    1.8,    0.6,    0.2,   19.8,    0.2,    0.2,   93.0,   93.3,    7.0,    6.7,  100.0,   65.6,   78.2,    3.5,   12.0,    1.9,    1.8,    0.6,    0.2,   19.8,    0.2,    0.2,   93.0,   93.3,    7.0,    6.7,  100.0,    0.0,    0.0,    0.0,    0.0,    0.0,    0.0,    0.0,    0.0,    0.0,    0.0,    0.0,    0.0,    0.0,    0.0,    0.0,     37,     21,     11,.,.,.,.,.,.,      4,.,.,     31,     22,     37,     21,     11,.,.,.,.,.,.,      4,.,.,     31,     22,      0,      0,      0,      0,      0,      0,      0,      0,      0,      0,      0,      0,      0,      0,    52.5,    77.4,    73.4,    89.8,    46.8,    75.3,    62.3,    77.4,    52.5,    77.4,    73.4,    89.8,    46.8,    75.3,    62.3,    77.4,     0.0,     0.0,     0.0,     0.0,     0.0,     0.0,     0.0,     0.0,"Megawatt Hours (MWh)","064EUZ","NODX","064 ","N16","Combined"
"PJM.PEPCO_month_on_dap - NODAL EXCHANGE",260818,2026-08-18,064EVG,NODX,01,064 ,   22471,   17029,    9900,    1007,    1325,    1324,     725,    1925,       0,     150,    6497,      30,   20265,   21001,    2206,    1470,   22471,   17029,    9900,    1007,    1325,    1324,     725,    1925,       0,     150,    6497,      30,   20265,   21001,    2206,    1470,       0,       0,       0,       0,       0,       0,       0,       0,       0,       0,       0,       0,       0,       0,       0,       0,     860,     397,     882,     145,     270,    -215,       0,      50,       0,     150,    -320,      30,     507,     697,     353,     163,  100.0,   75.8,   44.1,    4.5,    5.9,    5.9,    3.2,    8.6,    0.0,    0.7,   28.9,    0.1,   90.2,   93.5,    9.8,    6.5,  100.0,   75.8,   44.1,    4.5,    5.9,    5.9,    3.2,    8.6,    0.0,    0.7,   28.9,    0.1,   90.2,   93.5,    9.8,    6.5,  100.0,    0.0,    0.0,    0.0,    0.0,    0.0,    0.0,    0.0,    0.0,    0.0,    0.0,    0.0,    0.0,    0.0,    0.0,    0.0,     29,     17,      8,.,.,      5,.,.,      0,.,.,.,     24,     18,     29,     17,      8,.,.,      5,.,.,      0,.,.,.,     24,     18,      0,      0,      0,      0,      0,      0,      0,      0,      0,      0,      0,      0,      0,      0,    47.5,    69.6,    69.3,    82.8,    46.1,    66.2,    65.9,    76.6,    47.5,    69.6,    69.3,    82.8,    46.1,    66.2,    65.9,    76.6,     0.0,     0.0,     0.0,     0.0,     0.0,     0.0,     0.0,     0.0,"Megawatt Hours (MWh)","064EVG","NODX","064 ","N16","Combined"
"PJM.PEPCO_month_off_dap - NODAL EXCHANGE",260818,2026-08-18,064EVH,NODX,01,064 ,   22471,   17029,    9900,    1007,    1325,    1324,     725,    1925,       0,     150,    6497,      30,   20265,   21001,    2206,    1470,   22471,   17029,    9900,    1007,    1325,    1324,     725,    1925,       0,     150,    6497,      30,   20265,   21001,    2206,    1470,       0,       0,       0,       0,       0,       0,       0,       0,       0,       0,       0,       0,       0,       0,       0,       0,     860,     397,     882,     145,     270,    -215,       0,      50,       0,     150,    -320,      30,     507,     697,     353,     163,  100.0,   75.8,   44.1,    4.5,    5.9,    5.9,    3.2,    8.6,    0.0,    0.7,   28.9,    0.1,   90.2,   93.5,    9.8,    6.5,  100.0,   75.8,   44.1,    4.5,    5.9,    5.9,    3.2,    8.6,    0.0,    0.7,   28.9,    0.1,   90.2,   93.5,    9.8,    6.5,  100.0,    0.0,    0.0,    0.0,    0.0,    0.0,    0.0,    0.0,    0.0,    0.0,    0.0,    0.0,    0.0,    0.0,    0.0,    0.0,     29,     17,      8,.,.,      5,.,.,      0,.,.,.,     24,     18,     29,     17,      8,.,.,      5,.,.,      0,.,.,.,     24,     18,      0,      0,      0,      0,      0,      0,      0,      0,      0,      0,      0,      0,      0,      0,    47.5,    69.6,    69.3,    82.8,    46.1,    66.2,    65.9,    76.6,    47.5,    69.6,    69.3,    82.8,    46.1,    66.2,    65.9,    76.6,     0.0,     0.0,     0.0,     0.0,     0.0,     0.0,     0.0,     0.0,"Megawatt Hours (MWh)","064EVH","NODX","064 ","N16","Combined"
"PJM.PPL_month_on_dap - NODAL EXCHANGE",260818,2026-08-18,064EWU,NODX,01,064 ,   63250,   50887,   45033,    5560,   11517,    1555,    2185,       0,      90,     295,    2770,     250,   60822,   61215,    2428,    2035,   63250,   50887,   45033,    5560,   11517,    1555,    2185,       0,      90,     295,    2770,     250,   60822,   61215,    2428,    2035,       0,       0,       0,       0,       0,       0,       0,       0,       0,       0,       0,       0,       0,       0,       0,       0,     -40,    -220,    -125,       0,    -105,       0,       0,       0,       0,       0,       0,     105,    -115,    -125,      75,      85,  100.0,   80.5,   71.2,    8.8,   18.2,    2.5,    3.5,    0.0,    0.1,    0.5,    4.4,    0.4,   96.2,   96.8,    3.8,    3.2,  100.0,   80.5,   71.2,    8.8,   18.2,    2.5,    3.5,    0.0,    0.1,    0.5,    4.4,    0.4,   96.2,   96.8,    3.8,    3.2,  100.0,    0.0,    0.0,    0.0,    0.0,    0.0,    0.0,    0.0,    0.0,    0.0,    0.0,    0.0,    0.0,    0.0,    0.0,    0.0,     38,     22,     12,.,      5,      5,.,      0,.,.,.,.,     33,     24,     38,     22,     12,.,      5,      5,.,      0,.,.,.,.,     33,     24,      0,      0,      0,      0,      0,      0,      0,      0,      0,      0,      0,      0,      0,      0,    63.0,    58.2,    75.8,    77.8,    62.2,    55.8,    73.8,    73.7,    63.0,    58.2,    75.8,    77.8,    62.2,    55.8,    73.8,    73.7,     0.0,     0.0,     0.0,     0.0,     0.0,     0.0,     0.0,     0.0,"Megawatt Hours (MWh)","064EWU","NODX","064 ","N16","Combined"
"PJM.PPL_month_off_dap - NODAL EXCHANGE",260818,2026-08-18,064EWV,NODX,01,064 ,   63098,   50745,   45374,    5645,   11329,    1475,    2185,       0,      90,     295,    2535,     295,   60730,   61098,    2368,    2000,   63098,   50745,   45374,    5645,   11329,    1475,    2185,       0,      90,     295,    2535,     295,   60730,   61098,    2368,    2000,       0,       0,       0,       0,       0,       0,       0,       0,       0,       0,       0,       0,       0,       0,       0,       0,     -40,    -220,    -125,       0,    -105,       0,       0,       0,       0,       0,       0,     105,    -115,    -125,      75,      85,  100.0,   80.4,   71.9,    8.9,   18.0,    2.3,    3.5,    0.0,    0.1,    0.5,    4.0,    0.5,   96.2,   96.8,    3.8,    3.2,  100.0,   80.4,   71.9,    8.9,   18.0,    2.3,    3.5,    0.0,    0.1,    0.5,    4.0,    0.5,   96.2,   96.8,    3.8,    3.2,  100.0,    0.0,    0.0,    0.0,    0.0,    0.0,    0.0,    0.0,    0.0,    0.0,    0.0,    0.0,    0.0,    0.0,    0.0,    0.0,     38,     21,     12,.,      6,      4,.,      0,.,.,.,.,     32,     23,     38,     21,     12,.,      6,      4,.,      0,.,.,.,.,     32,     23,      0,      0,      0,      0,      0,      0,      0,      0,      0,      0,      0,      0,      0,      0,    64.3,    59.4,    76.9,    78.3,    63.5,    57.8,    75.0,    74.9,    64.3,    59.4,    76.9,    78.3,    63.5,    57.8,    75.0,    74.9,     0.0,     0.0,     0.0,     0.0,     0.0,     0.0,     0.0,     0.0,"Megawatt Hours (MWh)","064EWV","NODX","064 ","N16","Combined"
"PJM PSEG DAP - NODAL EXCHANGE",260818,2026-08-18,064EXE,NODX,01,064 ,   90520,   53861,   51706,   11270,   13140,    1505,    3850,    1000,     300,    4080,    7605,    2480,   77346,   77736,   13174,   12784,   90520,   53861,   51706,   11270,   13140,    1505,    3850,    1000,     300,    4080,    7605,    2480,   77346,   77736,   13174,   12784,       0,       0,       0,       0,       0,       0,       0,       0,       0,       0,       0,       0,       0,       0,       0,       0,     -29,    -954,     136,     215,       0,     210,       0,     -50,      50,      65,    -700,     135,    -279,    -219,     250,     190,  100.0,   59.5,   57.1,   12.5,   14.5,    1.7,    4.3,    1.1,    0.3,    4.5,    8.4,    2.7,   85.4,   85.9,   14.6,   14.1,  100.0,   59.5,   57.1,   12.5,   14.5,    1.7,    4.3,    1.1,    0.3,    4.5,    8.4,    2.7,   85.4,   85.9,   14.6,   14.1,  100.0,    0.0,    0.0,    0.0,    0.0,    0.0,    0.0,    0.0,    0.0,    0.0,    0.0,    0.0,    0.0,    0.0,    0.0,    0.0,     40,     23,     16,.,      4,      5,.,.,.,.,      4,      4,     35,     29,     40,     23,     16,.,      4,      5,.,.,.,.,      4,      4,     35,     29,      0,      0,      0,      0,      0,      0,      0,      0,      0,      0,      0,      0,      0,      0,    33.6,    50.2,    50.8,    68.2,    30.2,    38.0,    42.5,    53.0,    33.6,    50.2,    50.8,    68.2,    30.2,    38.0,    42.5,    53.0,     0.0,     0.0,     0.0,     0.0,     0.0,     0.0,     0.0,     0.0,"Megawatt Hours (MWh)","064EXE","NODX","064 ","N16","Combined"
"PJM.PSEG_month_off_dap - NODAL EXCHANGE",260818,2026-08-18,064EXF,NODX,01,064 ,   88501,   52433,   50343,   11320,   13310,    1295,    3525,       0,     425,    3685,    7705,    2580,   75263,   75658,   13238,   12843,   88501,   52433,   50343,   11320,   13310,    1295,    3525,       0,     425,    3685,    7705,    2580,   75263,   75658,   13238,   12843,       0,       0,       0,       0,       0,       0,       0,       0,       0,       0,       0,       0,       0,       0,       0,       0,     206,    -689,     401,     230,       0,       0,      50,       0,       0,      65,    -685,     135,    -209,    -149,     415,     355,  100.0,   59.2,   56.9,   12.8,   15.0,    1.5,    4.0,    0.0,    0.5,    4.2,    8.7,    2.9,   85.0,   85.5,   15.0,   14.5,  100.0,   59.2,   56.9,   12.8,   15.0,    1.5,    4.0,    0.0,    0.5,    4.2,    8.7,    2.9,   85.0,   85.5,   15.0,   14.5,  100.0,    0.0,    0.0,    0.0,    0.0,    0.0,    0.0,    0.0,    0.0,    0.0,    0.0,    0.0,    0.0,    0.0,    0.0,    0.0,     40,     24,     16,.,      4,      4,.,      0,.,.,.,      5,     36,     28,     40,     24,     16,.,      4,      4,.,      0,.,.,.,      5,     36,     28,      0,      0,      0,      0,      0,      0,      0,      0,      0,      0,      0,      0,      0,      0,    34.4,    51.2,    50.4,    68.5,    30.4,    39.8,    42.1,    54.4,    34.4,    51.2,    50.4,    68.5,    30.4,    39.8,    42.1,    54.4,     0.0,     0.0,     0.0,     0.0,     0.0,     0.0,     0.0,     0.0,"Megawatt Hours (MWh)","064EXF","NODX","064 ","N16","Combined"
"PJM.WESTERN HUB DAP - NODAL EXCHANGE",260818,2026-08-18,064FHK,NODX,01,064 ,  256878,  169729,  127492,    6993,   30169,    3477,    9090,    1230,    1950,    2137,   29173,    2061,  195437,  195552,   61441,   61326,  256878,  169729,  127492,    6993,   30169,    3477,    9090,    1230,    1950,    2137,   29173,    2061,  195437,  195552,   61441,   61326,       0,       0,       0,       0,       0,       0,       0,       0,       0,       0,       0,       0,       0,       0,       0,       0,     807,    1535,    -188,    -525,     -50,     175,     -75,       0,     -30,    -105,    1188,    -150,     825,     945,     -18,    -138,  100.0,   66.1,   49.6,    2.7,   11.7,    1.4,    3.5,    0.5,    0.8,    0.8,   11.4,    0.8,   76.1,   76.1,   23.9,   23.9,  100.0,   66.1,   49.6,    2.7,   11.7,    1.4,    3.5,    0.5,    0.8,    0.8,   11.4,    0.8,   76.1,   76.1,   23.9,   23.9,  100.0,    0.0,    0.0,    0.0,    0.0,    0.0,    0.0,    0.0,    0.0,    0.0,    0.0,    0.0,    0.0,    0.0,    0.0,    0.0,     53,     25,     28,      4,      5,      8,.,.,.,.,      6,      5,     43,     47,     53,     25,     28,      4,      5,      8,.,.,.,.,      6,      5,     43,     47,      0,      0,      0,      0,      0,      0,      0,      0,      0,      0,      0,      0,      0,      0,    42.6,    31.8,    55.0,    50.0,    34.0,    24.9,    43.2,    39.0,    42.6,    31.8,    55.0,    50.0,    34.0,    24.9,    43.2,    39.0,     0.0,     0.0,     0.0,     0.0,     0.0,     0.0,     0.0,     0.0,"Megawatt Hours (MWh)","064FHK","NODX","064 ","N16","Combined"
"PJM.WESTERN HUB_month_off_dap - NODAL EXCHANGE",260818,2026-08-18,064FHL,NODX,01,064 ,  250304,  164909,  116756,    8804,   30063,    3468,    2845,    1925,    3485,    1962,   29716,    2344,  187817,  187757,   62487,   62547,  250304,  164909,  116756,    8804,   30063,    3468,    2845,    1925,    3485,    1962,   29716,    2344,  187817,  187757,   62487,   62547,       0,       0,       0,       0,       0,       0,       0,       0,       0,       0,       0,       0,       0,       0,       0,       0,     911,    1544,      51,    -525,    -320,      80,     -75,       0,      75,    -105,    1228,    -150,     844,     964,      67,     -53,  100.0,   65.9,   46.6,    3.5,   12.0,    1.4,    1.1,    0.8,    1.4,    0.8,   11.9,    0.9,   75.0,   75.0,   25.0,   25.0,  100.0,   65.9,   46.6,    3.5,   12.0,    1.4,    1.1,    0.8,    1.4,    0.8,   11.9,    0.9,   75.0,   75.0,   25.0,   25.0,  100.0,    0.0,    0.0,    0.0,    0.0,    0.0,    0.0,    0.0,    0.0,    0.0,    0.0,    0.0,    0.0,    0.0,    0.0,    0.0,     53,     26,     28,      5,      4,      8,.,.,.,.,      6,      6,     44,     48,     53,     26,     28,      5,      4,      8,.,.,.,.,      6,      6,     44,     48,      0,      0,      0,      0,      0,      0,      0,      0,      0,      0,      0,      0,      0,      0,    42.9,    30.3,    54.2,    48.3,    36.2,    23.8,    43.6,    38.3,    42.9,    30.3,    54.2,    48.3,    36.2,    23.8,    43.6,    38.3,     0.0,     0.0,     0.0,     0.0,     0.0,     0.0,     0.0,     0.0,"Megawatt Hours (MWh)","064FHL","NODX","064 ","N16","Combined"
"MISO.INDIANA.HUB_month_on_rtp - NODAL EXCHANGE",260818,2026-08-18,064FJY,NODX,01,064 ,   29050,   21214,   11260,     380,    7269,    3516,     625,       0,       0,      10,    4145,      30,   25775,   26220,    3275,    2830,   29050,   21214,   11260,     380,    7269,    3516,     625,       0,       0,      10,    4145,      30,   25775,   26220,    3275,    2830,       0,       0,       0,       0,       0,       0,       0,       0,       0,       0,       0,       0,       0,       0,       0,       0,     910,     209,    -135,    -360,    -461,    1026,       0,       0,       0,      10,     495,       0,     885,     925,      25,     -15,  100.0,   73.0,   38.8,    1.3,   25.0,   12.1,    2.2,    0.0,    0.0,    0.0,   14.3,    0.1,   88.7,   90.3,   11.3,    9.7,  100.0,   73.0,   38.8,    1.3,   25.0,   12.1,    2.2,    0.0,    0.0,    0.0,   14.3,    0.1,   88.7,   90.3,   11.3,    9.7,  100.0,    0.0,    0.0,    0.0,    0.0,    0.0,    0.0,    0.0,    0.0,    0.0,    0.0,    0.0,    0.0,    0.0,    0.0,    0.0,     22,     12,     12,.,      4,      4,.,      0,      0,.,.,.,     19,     18,     22,     12,     12,.,      4,      4,.,      0,      0,.,.,.,     19,     18,      0,      0,      0,      0,      0,      0,      0,      0,      0,      0,      0,      0,      0,      0,    60.7,    67.1,    76.0,    79.5,    53.3,    52.9,    57.0,    57.0,    60.7,    67.1,    76.0,    79.5,    53.3,    52.9,    57.0,    57.0,     0.0,     0.0,     0.0,     0.0,     0.0,     0.0,     0.0,     0.0,"Megawatt Hours (MWh)","064FJY","NODX","064 ","N16","Combined"
"MISO.INDIANA.HUB_month_off_rtp - NODAL EXCHANGE",260818,2026-08-18,064FJZ,NODX,01,064 ,   27815,   21058,   11545,     505,    7490,    3250,     750,       0,       0,       0,    3578,      42,   25605,   25905,    2210,    1910,   27815,   21058,   11545,     505,    7490,    3250,     750,       0,       0,       0,    3578,      42,   25605,   25905,    2210,    1910,       0,       0,       0,       0,       0,       0,       0,       0,       0,       0,       0,       0,       0,       0,       0,       0,     730,      58,    -160,    -160,    -190,     680,       0,       0,       0,       0,     288,      12,     590,     630,     140,     100,  100.0,   75.7,   41.5,    1.8,   26.9,   11.7,    2.7,    0.0,    0.0,    0.0,   12.9,    0.2,   92.1,   93.1,    7.9,    6.9,  100.0,   75.7,   41.5,    1.8,   26.9,   11.7,    2.7,    0.0,    0.0,    0.0,   12.9,    0.2,   92.1,   93.1,    7.9,    6.9,  100.0,    0.0,    0.0,    0.0,    0.0,    0.0,    0.0,    0.0,    0.0,    0.0,    0.0,    0.0,    0.0,    0.0,    0.0,    0.0,     21,     11,     11,.,      4,      4,.,      0,      0,      0,.,.,     19,     17,     21,     11,     11,.,      4,      4,.,      0,      0,      0,.,.,     19,     17,      0,      0,      0,      0,      0,      0,      0,      0,      0,      0,      0,      0,      0,      0,    63.9,    68.3,    78.3,    82.6,    54.8,    55.5,    60.7,    61.0,    63.9,    68.3,    78.3,    82.6,    54.8,    55.5,    60.7,    61.0,     0.0,     0.0,     0.0,     0.0,     0.0,     0.0,     0.0,     0.0,"Megawatt Hours (MWh)","064FJZ","NODX","064 ","N16","Combined"
"PJM.AEP-DAYTON HUB_mo_on_rtp - NODAL EXCHANGE",260818,2026-08-18,064FKA,NODX,01,064 ,   74967,   43225,   50237,    4423,    1502,    5162,    1412,    3930,    1710,    7334,     555,    1340,   64606,   64436,   10361,   10531,   74967,   43225,   50237,    4423,    1502,    5162,    1412,    3930,    1710,    7334,     555,    1340,   64606,   64436,   10361,   10531,       0,       0,       0,       0,       0,       0,       0,       0,       0,       0,       0,       0,       0,       0,       0,       0,    2148,    2028,     423,    -795,     945,    1035,       0,       0,       0,     315,       0,    -320,    2263,    2083,    -115,      65,  100.0,   57.7,   67.0,    5.9,    2.0,    6.9,    1.9,    5.2,    2.3,    9.8,    0.7,    1.8,   86.2,   86.0,   13.8,   14.0,  100.0,   57.7,   67.0,    5.9,    2.0,    6.9,    1.9,    5.2,    2.3,    9.8,    0.7,    1.8,   86.2,   86.0,   13.8,   14.0,  100.0,    0.0,    0.0,    0.0,    0.0,    0.0,    0.0,    0.0,    0.0,    0.0,    0.0,    0.0,    0.0,    0.0,    0.0,    0.0,     42,     21,     21,.,      4,      7,.,.,.,      7,.,.,     38,     37,     42,     21,     21,.,      4,      7,.,.,.,      7,.,.,     38,     37,      0,      0,      0,      0,      0,      0,      0,      0,      0,      0,      0,      0,      0,      0,    37.9,    45.6,    56.4,    61.3,    30.7,    36.7,    42.3,    49.7,    37.9,    45.6,    56.4,    61.3,    30.7,    36.7,    42.3,    49.7,     0.0,     0.0,     0.0,     0.0,     0.0,     0.0,     0.0,     0.0,"Megawatt Hours (MWh)","064FKA","NODX","064 ","N16","Combined"
"PJM.AEP-DAYTON HUB_mo_off_rtp - NODAL EXCHANGE",260818,2026-08-18,064FKB,NODX,01,064 ,   74050,   48375,   49372,    3632,     799,    4958,       0,    5265,     750,    3824,     500,    2320,   63859,   63964,   10191,   10086,   74050,   48375,   49372,    3632,     799,    4958,       0,    5265,     750,    3824,     500,    2320,   63859,   63964,   10191,   10086,       0,       0,       0,       0,       0,       0,       0,       0,       0,       0,       0,       0,       0,       0,       0,       0,    2339,    1789,    1224,     380,       5,     150,       0,       0,       0,    -740,       0,      30,    1609,    1409,     730,     930,  100.0,   65.3,   66.7,    4.9,    1.1,    6.7,    0.0,    7.1,    1.0,    5.2,    0.7,    3.1,   86.2,   86.4,   13.8,   13.6,  100.0,   65.3,   66.7,    4.9,    1.1,    6.7,    0.0,    7.1,    1.0,    5.2,    0.7,    3.1,   86.2,   86.4,   13.8,   13.6,  100.0,    0.0,    0.0,    0.0,    0.0,    0.0,    0.0,    0.0,    0.0,    0.0,    0.0,    0.0,    0.0,    0.0,    0.0,    0.0,     39,     17,     19,      4,.,      7,      0,      4,.,      6,.,.,     32,     33,     39,     17,     19,      4,.,      7,      0,      4,.,      6,.,.,     32,     33,      0,      0,      0,      0,      0,      0,      0,      0,      0,      0,      0,      0,      0,      0,    44.7,    45.6,    59.9,    61.3,    35.2,    36.5,    44.8,    47.6,    44.7,    45.6,    59.9,    61.3,    35.2,    36.5,    44.8,    47.6,     0.0,     0.0,     0.0,     0.0,     0.0,     0.0,     0.0,     0.0,"Megawatt Hours (MWh)","064FKB","NODX","064 ","N16","Combined"
"PJM.N ILLINOIS HUB_mo_on_rtp - NODAL EXCHANGE",260818,2026-08-18,064FKC,NODX,01,064 ,   68811,   52455,   53855,    6670,    6311,    2330,     845,       0,     455,     275,       0,      70,   63100,   63021,    5711,    5790,   68811,   52455,   53855,    6670,    6311,    2330,     845,       0,     455,     275,       0,      70,   63100,   63021,    5711,    5790,       0,       0,       0,       0,       0,       0,       0,       0,       0,       0,       0,       0,       0,       0,       0,       0,     338,     174,     259,      35,     -50,     -35,       0,       0,       0,       0,       0,       0,     174,     174,     164,     164,  100.0,   76.2,   78.3,    9.7,    9.2,    3.4,    1.2,    0.0,    0.7,    0.4,    0.0,    0.1,   91.7,   91.6,    8.3,    8.4,  100.0,   76.2,   78.3,    9.7,    9.2,    3.4,    1.2,    0.0,    0.7,    0.4,    0.0,    0.1,   91.7,   91.6,    8.3,    8.4,  100.0,    0.0,    0.0,    0.0,    0.0,    0.0,    0.0,    0.0,    0.0,    0.0,    0.0,    0.0,    0.0,    0.0,    0.0,    0.0,     29,     14,     12,.,      4,      4,.,      0,.,.,      0,.,     22,     21,     29,     14,     12,.,      4,      4,.,      0,.,.,      0,.,     22,     21,      0,      0,      0,      0,      0,      0,      0,      0,      0,      0,      0,      0,      0,      0,    55.8,    60.6,    76.8,    77.6,    40.0,    48.1,    54.6,    57.3,    55.8,    60.6,    76.8,    77.6,    40.0,    48.1,    54.6,    57.3,     0.0,     0.0,     0.0,     0.0,     0.0,     0.0,     0.0,     0.0,"Megawatt Hours (MWh)","064FKC","NODX","064 ","N16","Combined"
"PJM.N ILLINOIS HUB_mo_off_rtp - NODAL EXCHANGE",260818,2026-08-18,064FKD,NODX,01,064 ,   66776,   47100,   52259,    7140,    5841,    1430,    3564,       0,     440,     290,       0,      50,   60014,   60020,    6762,    6756,   66776,   47100,   52259,    7140,    5841,    1430,    3564,       0,     440,     290,       0,      50,   60014,   60020,    6762,    6756,       0,       0,       0,       0,       0,       0,       0,       0,       0,       0,       0,       0,       0,       0,       0,       0,     627,     497,     567,       0,     -50,       0,       0,       0,       0,      10,     -10,       0,     507,     507,     120,     120,  100.0,   70.5,   78.3,   10.7,    8.7,    2.1,    5.3,    0.0,    0.7,    0.4,    0.0,    0.1,   89.9,   89.9,   10.1,   10.1,  100.0,   70.5,   78.3,   10.7,    8.7,    2.1,    5.3,    0.0,    0.7,    0.4,    0.0,    0.1,   89.9,   89.9,   10.1,   10.1,  100.0,    0.0,    0.0,    0.0,    0.0,    0.0,    0.0,    0.0,    0.0,    0.0,    0.0,    0.0,    0.0,    0.0,    0.0,    0.0,     27,     13,     14,.,      5,.,.,      0,.,.,      0,.,     20,     24,     27,     13,     14,.,      5,.,.,      0,.,.,      0,.,     20,     24,      0,      0,      0,      0,      0,      0,      0,      0,      0,      0,      0,      0,      0,      0,    55.7,    59.8,    72.9,    75.4,    33.2,    43.5,    44.3,    49.5,    55.7,    59.8,    72.9,    75.4,    33.2,    43.5,    44.3,    49.5,     0.0,     0.0,     0.0,     0.0,     0.0,     0.0,     0.0,     0.0,"Megawatt Hours (MWh)","064FKD","NODX","064 ","N16","Combined"
"PJM.WESTERN HUB_month_on_rtp - NODAL EXCHANGE",260818,2026-08-18,064FKE,NODX,01,064 ,  241991,  129757,  178181,   58156,    3554,    9126,    7405,    5670,    2365,    4510,   12394,    1640,  212959,  212930,   29032,   29061,  241991,  129757,  178181,   58156,    3554,    9126,    7405,    5670,    2365,    4510,   12394,    1640,  212959,  212930,   29032,   29061,       0,       0,       0,       0,       0,       0,       0,       0,       0,       0,       0,       0,       0,       0,       0,       0,   -1031,   -1693,     -83,    2015,       0,    -854,    -225,       0,      40,     -10,     350,    -250,    -977,    -797,     -54,    -234,  100.0,   53.6,   73.6,   24.0,    1.5,    3.8,    3.1,    2.3,    1.0,    1.9,    5.1,    0.7,   88.0,   88.0,   12.0,   12.0,  100.0,   53.6,   73.6,   24.0,    1.5,    3.8,    3.1,    2.3,    1.0,    1.9,    5.1,    0.7,   88.0,   88.0,   12.0,   12.0,  100.0,    0.0,    0.0,    0.0,    0.0,    0.0,    0.0,    0.0,    0.0,    0.0,    0.0,    0.0,    0.0,    0.0,    0.0,    0.0,     51,     24,     27,      6,.,      7,.,.,.,      7,.,      5,     44,     43,     51,     24,     27,      6,.,      7,.,.,.,      7,.,      5,     44,     43,      0,      0,      0,      0,      0,      0,      0,      0,      0,      0,      0,      0,      0,      0,    36.1,    48.3,    57.0,    64.2,    33.4,    42.7,    50.2,    54.2,    36.1,    48.3,    57.0,    64.2,    33.4,    42.7,    50.2,    54.2,     0.0,     0.0,     0.0,     0.0,     0.0,     0.0,     0.0,     0.0,"Megawatt Hours (MWh)","064FKE","NODX","064 ","N16","Combined"
"PJM.WESTERN HUB_month_off_rtp - NODAL EXCHANGE",260818,2026-08-18,064FKF,NODX,01,064 ,  199289,  102828,  130880,   34931,    6958,    9050,    9635,    4240,    2595,    3883,    9450,    2980,  165902,  166153,   33387,   33136,  199289,  102828,  130880,   34931,    6958,    9050,    9635,    4240,    2595,    3883,    9450,    2980,  165902,  166153,   33387,   33136,       0,       0,       0,       0,       0,       0,       0,       0,       0,       0,       0,       0,       0,       0,       0,       0,    -508,    -886,    -141,     -15,     160,    -450,       0,       0,      40,       0,    -920,     111,   -1200,   -1200,     692,     692,  100.0,   51.6,   65.7,   17.5,    3.5,    4.5,    4.8,    2.1,    1.3,    1.9,    4.7,    1.5,   83.2,   83.4,   16.8,   16.6,  100.0,   51.6,   65.7,   17.5,    3.5,    4.5,    4.8,    2.1,    1.3,    1.9,    4.7,    1.5,   83.2,   83.4,   16.8,   16.6,  100.0,    0.0,    0.0,    0.0,    0.0,    0.0,    0.0,    0.0,    0.0,    0.0,    0.0,    0.0,    0.0,    0.0,    0.0,    0.0,     50,     26,     26,      5,.,      6,.,.,.,      5,      4,      5,     43,     43,     50,     26,     26,      5,.,      6,.,.,.,      5,      4,      5,     43,     43,      0,      0,      0,      0,      0,      0,      0,      0,      0,      0,      0,      0,      0,      0,    36.8,    45.5,    53.8,    58.0,    31.6,    41.0,    44.5,    49.7,    36.8,    45.5,    53.8,    58.0,    31.6,    41.0,    44.5,    49.7,     0.0,     0.0,     0.0,     0.0,     0.0,     0.0,     0.0,     0.0,"Megawatt Hours (MWh)","064FKF","NODX","064 ","N16","Combined"
"ERCOT.HB_NORTH_month_on_rtp - NODAL EXCHANGE",260818,2026-08-18,064FOK,NODX,01,064 ,   82790,   66034,   51130,    3786,   18600,    1130,       0,     900,       0,    1875,    1075,      25,   72850,   72860,    9940,    9930,   82790,   66034,   51130,    3786,   18600,    1130,       0,     900,       0,    1875,    1075,      25,   72850,   72860,    9940,    9930,       0,       0,       0,       0,       0,       0,       0,       0,       0,       0,       0,       0,       0,       0,       0,       0,     330,      30,      30,       0,       0,       0,       0,       0,       0,       0,       0,       0,      30,      30,     300,     300,  100.0,   79.8,   61.8,    4.6,   22.5,    1.4,    0.0,    1.1,    0.0,    2.3,    1.3,    0.0,   88.0,   88.0,   12.0,   12.0,  100.0,   79.8,   61.8,    4.6,   22.5,    1.4,    0.0,    1.1,    0.0,    2.3,    1.3,    0.0,   88.0,   88.0,   12.0,   12.0,  100.0,    0.0,    0.0,    0.0,    0.0,    0.0,    0.0,    0.0,    0.0,    0.0,    0.0,    0.0,    0.0,    0.0,    0.0,    0.0,     27,     15,     16,.,      4,.,      0,.,      0,.,.,.,     20,     24,     27,     15,     16,.,      4,.,      0,.,      0,.,.,.,     20,     24,      0,      0,      0,      0,      0,      0,      0,      0,      0,      0,      0,      0,      0,      0,    64.9,    46.8,    77.8,    68.5,    59.8,    44.1,    68.3,    60.4,    64.9,    46.8,    77.8,    68.5,    59.8,    44.1,    68.3,    60.4,     0.0,     0.0,     0.0,     0.0,     0.0,     0.0,     0.0,     0.0,"Megawatt Hours (MWh)","064FOK","NODX","064 ","N16","Combined"
"ERCOT.HB_NORTH_month_off_rtp - NODAL EXCHANGE",260818,2026-08-18,064FOL,NODX,01,064 ,   79575,   66204,   52205,    3411,   16250,    1430,       0,       0,       0,       0,    1075,       0,   71045,   70960,    8530,    8615,   79575,   66204,   52205,    3411,   16250,    1430,       0,       0,       0,       0,    1075,       0,   71045,   70960,    8530,    8615,       0,       0,       0,       0,       0,       0,       0,       0,       0,       0,       0,       0,       0,       0,       0,       0,     480,     180,     180,       0,       0,       0,       0,       0,       0,       0,       0,       0,     180,     180,     300,     300,  100.0,   83.2,   65.6,    4.3,   20.4,    1.8,    0.0,    0.0,    0.0,    0.0,    1.4,    0.0,   89.3,   89.2,   10.7,   10.8,  100.0,   83.2,   65.6,    4.3,   20.4,    1.8,    0.0,    0.0,    0.0,    0.0,    1.4,    0.0,   89.3,   89.2,   10.7,   10.8,  100.0,    0.0,    0.0,    0.0,    0.0,    0.0,    0.0,    0.0,    0.0,    0.0,    0.0,    0.0,    0.0,    0.0,    0.0,    0.0,     24,     13,     16,.,      4,      4,      0,      0,      0,      0,.,      0,     18,     22,     24,     13,     16,.,      4,      4,      0,      0,      0,      0,.,      0,     18,     22,      0,      0,      0,      0,      0,      0,      0,      0,      0,      0,      0,      0,      0,      0,    69.2,    48.9,    83.8,    70.2,    62.9,    46.2,    71.5,    63.6,    69.2,    48.9,    83.8,    70.2,    62.9,    46.2,    71.5,    63.6,     0.0,     0.0,     0.0,     0.0,     0.0,     0.0,     0.0,     0.0,"Megawatt Hours (MWh)","064FOL","NODX","064 ","N16","Combined"
"PJM.ATSI_month_on_dap - NODAL EXCHANGE",260818,2026-08-18,064FZA,NODX,01,064 ,   28501,   18478,   16030,    1273,    7165,    1347,       0,     100,       0,    4775,    1360,     270,   26143,   26272,    2358,    2229,   28501,   18478,   16030,    1273,    7165,    1347,       0,     100,       0,    4775,    1360,     270,   26143,   26272,    2358,    2229,       0,       0,       0,       0,       0,       0,       0,       0,       0,       0,       0,       0,       0,       0,       0,       0,       0,       0,       0,       0,       0,       0,       0,       0,       0,       0,       0,       0,       0,       0,       0,       0,  100.0,   64.8,   56.2,    4.5,   25.1,    4.7,    0.0,    0.4,    0.0,   16.8,    4.8,    0.9,   91.7,   92.2,    8.3,    7.8,  100.0,   64.8,   56.2,    4.5,   25.1,    4.7,    0.0,    0.4,    0.0,   16.8,    4.8,    0.9,   91.7,   92.2,    8.3,    7.8,  100.0,    0.0,    0.0,    0.0,    0.0,    0.0,    0.0,    0.0,    0.0,    0.0,    0.0,    0.0,    0.0,    0.0,    0.0,    0.0,     21,      9,      5,.,.,.,      0,.,      0,.,.,.,     16,     12,     21,      9,      5,.,.,.,      0,.,      0,.,.,.,     16,     12,      0,      0,      0,      0,      0,      0,      0,      0,      0,      0,      0,      0,      0,      0,    66.5,    75.2,    85.1,    88.8,    62.0,    74.9,    77.6,    82.0,    66.5,    75.2,    85.1,    88.8,    62.0,    74.9,    77.6,    82.0,     0.0,     0.0,     0.0,     0.0,     0.0,     0.0,     0.0,     0.0,"Megawatt Hours (MWh)","064FZA","NODX","064 ","N16","Combined"
"PJM.ATSI_month_off_dap - NODAL EXCHANGE",260818,2026-08-18,064FZB,NODX,01,064 ,   28491,   18468,   16030,    1273,    7165,    1347,       0,     100,       0,    4775,    1360,     270,   26133,   26272,    2358,    2219,   28491,   18468,   16030,    1273,    7165,    1347,       0,     100,       0,    4775,    1360,     270,   26133,   26272,    2358,    2219,       0,       0,       0,       0,       0,       0,       0,       0,       0,       0,       0,       0,       0,       0,       0,       0,       0,       0,       0,       0,       0,       0,       0,       0,       0,       0,       0,       0,       0,       0,       0,       0,  100.0,   64.8,   56.3,    4.5,   25.1,    4.7,    0.0,    0.4,    0.0,   16.8,    4.8,    0.9,   91.7,   92.2,    8.3,    7.8,  100.0,   64.8,   56.3,    4.5,   25.1,    4.7,    0.0,    0.4,    0.0,   16.8,    4.8,    0.9,   91.7,   92.2,    8.3,    7.8,  100.0,    0.0,    0.0,    0.0,    0.0,    0.0,    0.0,    0.0,    0.0,    0.0,    0.0,    0.0,    0.0,    0.0,    0.0,    0.0,     21,      9,      5,.,.,.,      0,.,      0,.,.,.,     16,     12,     21,      9,      5,.,.,.,      0,.,      0,.,.,.,     16,     12,      0,      0,      0,      0,      0,      0,      0,      0,      0,      0,      0,      0,      0,      0,    66.5,    75.2,    85.1,    88.9,    62.0,    74.9,    77.6,    82.0,    66.5,    75.2,    85.1,    88.9,    62.0,    74.9,    77.6,    82.0,     0.0,     0.0,     0.0,     0.0,     0.0,     0.0,     0.0,     0.0,"Megawatt Hours (MWh)","064FZB","NODX","064 ","N16","Combined"
"ERCOT.HB_NORTH_month_7x8_rtp - NODAL EXCHANGE",260818,2026-08-18,064GBD,NODX,01,064 ,   38805,   23265,   30545,    2975,    1675,     975,       0,    1400,    2350,    7200,       0,       0,   36765,   36945,    2040,    1860,   38805,   23265,   30545,    2975,    1675,     975,       0,    1400,    2350,    7200,       0,       0,   36765,   36945,    2040,    1860,       0,       0,       0,       0,       0,       0,       0,       0,       0,       0,       0,       0,       0,       0,       0,       0,       0,       0,       0,       0,       0,       0,       0,       0,       0,       0,       0,       0,       0,       0,       0,       0,  100.0,   60.0,   78.7,    7.7,    4.3,    2.5,    0.0,    3.6,    6.1,   18.6,    0.0,    0.0,   94.7,   95.2,    5.3,    4.8,  100.0,   60.0,   78.7,    7.7,    4.3,    2.5,    0.0,    3.6,    6.1,   18.6,    0.0,    0.0,   94.7,   95.2,    5.3,    4.8,  100.0,    0.0,    0.0,    0.0,    0.0,    0.0,    0.0,    0.0,    0.0,    0.0,    0.0,    0.0,    0.0,    0.0,    0.0,    0.0,     21,     14,     11,.,.,.,      0,.,.,.,      0,      0,     19,     15,     21,     14,     11,.,.,.,      0,.,.,.,      0,      0,     19,     15,      0,      0,      0,      0,      0,      0,      0,      0,      0,      0,      0,      0,      0,      0,    55.4,    61.6,    76.1,    84.9,    47.4,    46.9,    55.8,    58.7,    55.4,    61.6,    76.1,    84.9,    47.4,    46.9,    55.8,    58.7,     0.0,     0.0,     0.0,     0.0,     0.0,     0.0,     0.0,     0.0,"Megawatt Hours (MWh)","064GBD","NODX","064 ","N16","Combined"
"ERCOT NORTH 345KV DAY AHEAD 80 - ICE FUTURES ENERGY DIV",260818,2026-08-18,064IAQ,IFED,01,064 ,   19145,   12499,   10050,    1711,       0,     327,    1027,    1726,     313,       0,    3440,    1892,   17768,   17748,    1377,    1397,   19145,   12499,   10050,    1711,       0,     327,    1027,    1726,     313,       0,    3440,    1892,   17768,   17748,    1377,    1397,       0,       0,       0,       0,       0,       0,       0,       0,       0,       0,       0,       0,       0,       0,       0,       0,    2345,    2469,    2102,    -209,       0,      32,      -4,     -59,      16,       0,    1079,      15,    2320,    3185,      25,    -840,  100.0,   65.3,   52.5,    8.9,    0.0,    1.7,    5.4,    9.0,    1.6,    0.0,   18.0,    9.9,   92.8,   92.7,    7.2,    7.3,  100.0,   65.3,   52.5,    8.9,    0.0,    1.7,    5.4,    9.0,    1.6,    0.0,   18.0,    9.9,   92.8,   92.7,    7.2,    7.3,  100.0,    0.0,    0.0,    0.0,    0.0,    0.0,    0.0,    0.0,    0.0,    0.0,    0.0,    0.0,    0.0,    0.0,    0.0,    0.0,     22,     11,     10,.,      0,.,.,.,.,      0,      4,      4,     20,     18,     22,     11,     10,.,      0,.,.,.,.,      0,      4,      4,     20,     18,      0,      0,      0,      0,      0,      0,      0,      0,      0,      0,      0,      0,      0,      0,    51.4,    44.0,    75.9,    72.3,    40.1,    26.4,    45.7,    43.3,    51.4,    44.0,    75.9,    72.3,    40.1,    26.4,    45.7,    43.3,     0.0,     0.0,     0.0,     0.0,     0.0,     0.0,     0.0,     0.0,"80 MWh","064IAQ","IFED","064 ","N16","Combined"
"ERCOT North 345KV Hub RT 7x16 - ICE FUTURES ENERGY DIV",260818,2026-08-18,064IBM,IFED,01,064 ,   17159,   13114,   11143,    1574,    1285,    1436,       0,    1980,       0,     375,     675,     400,   16899,   16919,     260,     240,   17159,   13114,   11143,    1574,    1285,    1436,       0,    1980,       0,     375,     675,     400,   16899,   16919,     260,     240,       0,       0,       0,       0,       0,       0,       0,       0,       0,       0,       0,       0,       0,       0,       0,       0,     120,     120,       0,       0,       0,       0,       0,       0,       0,       0,       0,       0,     120,       0,       0,     120,  100.0,   76.4,   64.9,    9.2,    7.5,    8.4,    0.0,   11.5,    0.0,    2.2,    3.9,    2.3,   98.5,   98.6,    1.5,    1.4,  100.0,   76.4,   64.9,    9.2,    7.5,    8.4,    0.0,   11.5,    0.0,    2.2,    3.9,    2.3,   98.5,   98.6,    1.5,    1.4,  100.0,    0.0,    0.0,    0.0,    0.0,    0.0,    0.0,    0.0,    0.0,    0.0,    0.0,    0.0,    0.0,    0.0,    0.0,    0.0,     29,     15,     13,.,.,      4,      0,.,      0,.,.,      4,     24,     24,     29,     15,     13,.,.,      4,      0,.,      0,.,.,      4,     24,     24,      0,      0,      0,      0,      0,      0,      0,      0,      0,      0,      0,      0,      0,      0,    44.3,    50.2,    69.2,    71.5,    24.9,    31.0,    35.1,    40.1,    44.3,    50.2,    69.2,    71.5,    24.9,    31.0,    35.1,    40.1,     0.0,     0.0,     0.0,     0.0,     0.0,     0.0,     0.0,     0.0,"(1MW for about 352 Hours)","064IBM","IFED","064 ","N16","Combined"
"PROPANE ARGUS CIF ARA MINI - ICE FUTURES ENERGY DIV",260818,2026-08-18,066391,IFED,01,066 ,    6553,    4343,    1255,    1127,     537,     165,       0,       0,       0,     220,    3820,     119,    5974,    5896,     579,     657,    6553,    4343,    1255,    1127,     537,     165,       0,       0,       0,     220,    3820,     119,    5974,    5896,     579,     657,       0,       0,       0,       0,       0,       0,       0,       0,       0,       0,       0,       0,       0,       0,       0,       0,     215,     186,      21,      18,     110,       0,       0,       0,       0,     -20,      55,      15,     199,     201,      16,      14,  100.0,   66.3,   19.2,   17.2,    8.2,    2.5,    0.0,    0.0,    0.0,    3.4,   58.3,    1.8,   91.2,   90.0,    8.8,   10.0,  100.0,   66.3,   19.2,   17.2,    8.2,    2.5,    0.0,    0.0,    0.0,    3.4,   58.3,    1.8,   91.2,   90.0,    8.8,   10.0,  100.0,    0.0,    0.0,    0.0,    0.0,    0.0,    0.0,    0.0,    0.0,    0.0,    0.0,    0.0,    0.0,    0.0,    0.0,    0.0,     30,     14,     11,      4,.,.,      0,      0,      0,.,      5,.,     21,     19,     30,     14,     11,      4,.,.,      0,      0,      0,.,      5,.,     21,     19,      0,      0,      0,      0,      0,      0,      0,      0,      0,      0,      0,      0,      0,      0,    40.8,    63.9,    64.6,    83.2,    40.4,    63.9,    64.2,    79.6,    40.8,    63.9,    64.6,    83.2,    40.4,    63.9,    64.2,    79.6,     0.0,     0.0,     0.0,     0.0,     0.0,     0.0,     0.0,     0.0,"100 metric tonnes","066391","IFED","066 ","N13","Combined"
"PROPANE ARGUS FAR EAST MINI - ICE FUTURES ENERGY DIV",260818,2026-08-18,066393,IFED,01,066 ,    8008,    3528,    2055,     418,    1913,     197,       0,       0,       0,    1630,    2232,     653,    6426,    7050,    1582,     958,    8008,    3528,    2055,     418,    1913,     197,       0,       0,       0,    1630,    2232,     653,    6426,    7050,    1582,     958,       0,       0,       0,       0,       0,       0,       0,       0,       0,       0,       0,       0,       0,       0,       0,       0,     629,      56,     -40,      10,     224,      50,       0,       0,       0,     272,     372,     -12,     376,     594,     253,      35,  100.0,   44.1,   25.7,    5.2,   23.9,    2.5,    0.0,    0.0,    0.0,   20.4,   27.9,    8.2,   80.2,   88.0,   19.8,   12.0,  100.0,   44.1,   25.7,    5.2,   23.9,    2.5,    0.0,    0.0,    0.0,   20.4,   27.9,    8.2,   80.2,   88.0,   19.8,   12.0,  100.0,    0.0,    0.0,    0.0,    0.0,    0.0,    0.0,    0.0,    0.0,    0.0,    0.0,    0.0,    0.0,    0.0,    0.0,    0.0,     59,     28,     22,.,      4,      4,      0,      0,      0,     12,      9,     13,     52,     42,     59,     28,     22,.,      4,      4,      0,      0,      0,     12,      9,     13,     52,     42,      0,      0,      0,      0,      0,      0,      0,      0,      0,      0,      0,      0,      0,      0,    18.3,    51.7,    32.1,    63.0,    17.1,    46.9,    28.3,    54.7,    18.3,    51.7,    32.1,    63.0,    17.1,    46.9,    28.3,    54.7,     0.0,     0.0,     0.0,     0.0,     0.0,     0.0,     0.0,     0.0,"100  metric tonnes","066393","IFED","066 ","N13","Combined"
"PROPANE,OPIS MT B TET/AFEI - ICE FUTURES ENERGY DIV",260818,2026-08-18,06639W,IFED,01,066 ,    4118,    1916,     329,     393,    1235,       1,       0,       8,      87,     374,    1365,     399,    3170,    3424,     948,     694,    4118,    1916,     329,     393,    1235,       1,       0,       8,      87,     374,    1365,     399,    3170,    3424,     948,     694,       0,       0,       0,       0,       0,       0,       0,       0,       0,       0,       0,       0,       0,       0,       0,       0,.,.,.,.,.,.,.,.,.,.,.,.,.,.,.,.,  100.0,   46.5,    8.0,    9.5,   30.0,    0.0,    0.0,    0.2,    2.1,    9.1,   33.1,    9.7,   77.0,   83.1,   23.0,   16.9,  100.0,   46.5,    8.0,    9.5,   30.0,    0.0,    0.0,    0.2,    2.1,    9.1,   33.1,    9.7,   77.0,   83.1,   23.0,   16.9,  100.0,    0.0,    0.0,    0.0,    0.0,    0.0,    0.0,    0.0,    0.0,    0.0,    0.0,    0.0,    0.0,    0.0,    0.0,    0.0,     20,      7,      7,.,.,.,      0,.,.,      4,      4,      6,     18,     15,     20,      7,      7,.,.,.,      0,.,.,      4,      4,      6,     18,     15,      0,      0,      0,      0,      0,      0,      0,      0,      0,      0,      0,      0,      0,      0,    48.7,    65.9,    64.3,    77.7,    46.7,    62.7,    57.6,    66.0,    48.7,    65.9,    64.3,    77.7,    46.7,    62.7,    57.6,    66.0,     0.0,     0.0,     0.0,     0.0,     0.0,     0.0,     0.0,     0.0,"1000 Metric Tonnes","06639W","IFED","066 ","N13","Combined"
"ARGUS CIF ARA Lg Finl Propane - ICE FUTURES ENERGY DIV",260818,2026-08-18,066411,IFED,01,066 ,    3831,    1401,    2098,     298,     107,     379,       0,       0,       0,     656,     107,     450,    3184,    3141,     647,     690,    3831,    1401,    2098,     298,     107,     379,       0,       0,       0,     656,     107,     450,    3184,    3141,     647,     690,       0,       0,       0,       0,       0,       0,       0,       0,       0,       0,       0,       0,       0,       0,       0,       0,      74,       6,      76,      19,      21,     -12,       0,       0,       0,       7,      10,       8,      28,     103,      46,     -29,  100.0,   36.6,   54.8,    7.8,    2.8,    9.9,    0.0,    0.0,    0.0,   17.1,    2.8,   11.7,   83.1,   82.0,   16.9,   18.0,  100.0,   36.6,   54.8,    7.8,    2.8,    9.9,    0.0,    0.0,    0.0,   17.1,    2.8,   11.7,   83.1,   82.0,   16.9,   18.0,  100.0,    0.0,    0.0,    0.0,    0.0,    0.0,    0.0,    0.0,    0.0,    0.0,    0.0,    0.0,    0.0,    0.0,    0.0,    0.0,     23,     11,     15,.,.,.,      0,      0,      0,.,.,      5,     19,     23,     23,     11,     15,.,.,.,      0,      0,      0,.,.,      5,     19,     23,      0,      0,      0,      0,      0,      0,      0,      0,      0,      0,      0,      0,      0,      0,    44.4,    40.0,    66.7,    57.8,    31.2,    26.3,    36.9,    32.7,    44.4,    40.0,    66.7,    57.8,    31.2,    26.3,    36.9,    32.7,     0.0,     0.0,     0.0,     0.0,     0.0,     0.0,     0.0,     0.0,"1000 metric tonnes","066411","IFED","066 ","N13","Combined"
"ARGUS FAR EAST PROPANE - ICE FUTURES ENERGY DIV",260818,2026-08-18,066413,IFED,01,066 ,   14893,    8893,    9920,     700,     824,     657,     104,       0,       0,    1599,    1103,    1478,   13431,   13982,    1462,     911,   14893,    8893,    9920,     700,     824,     657,     104,       0,       0,    1599,    1103,    1478,   13431,   13982,    1462,     911,       0,       0,       0,       0,       0,       0,       0,       0,       0,       0,       0,       0,       0,       0,       0,       0,     595,     255,     272,      21,     -61,      80,       0,       0,       0,     113,      61,      89,     558,     441,      37,     154,  100.0,   59.7,   66.6,    4.7,    5.5,    4.4,    0.7,    0.0,    0.0,   10.7,    7.4,    9.9,   90.2,   93.9,    9.8,    6.1,  100.0,   59.7,   66.6,    4.7,    5.5,    4.4,    0.7,    0.0,    0.0,   10.7,    7.4,    9.9,   90.2,   93.9,    9.8,    6.1,  100.0,    0.0,    0.0,    0.0,    0.0,    0.0,    0.0,    0.0,    0.0,    0.0,    0.0,    0.0,    0.0,    0.0,    0.0,    0.0,     67,     41,     42,.,.,      4,.,      0,      0,      9,      7,     15,     61,     63,     67,     41,     42,.,.,      4,.,      0,      0,      9,      7,     15,     61,     63,      0,      0,      0,      0,      0,      0,      0,      0,      0,      0,      0,      0,      0,      0,    37.3,    30.8,    53.0,    45.9,    32.9,    29.7,    44.8,    43.4,    37.3,    30.8,    53.0,    45.9,    32.9,    29.7,    44.8,    43.4,     0.0,     0.0,     0.0,     0.0,     0.0,     0.0,     0.0,     0.0,"1000  metric tonnes","066413","IFED","066 ","N13","Combined"
"ETHANE, MT. BELV-ENTERPRISE - ICE FUTURES ENERGY DIV",260818,2026-08-18,066416,IFED,01,066 ,   86170,   56220,   54865,    2740,    9135,    6786,    2405,     105,     156,    7788,    5308,    9605,   85700,   85960,     470,     210,   86170,   56220,   54865,    2740,    9135,    6786,    2405,     105,     156,    7788,    5308,    9605,   85700,   85960,     470,     210,       0,       0,       0,       0,       0,       0,       0,       0,       0,       0,       0,       0,       0,       0,       0,       0,    4478,    3494,    3694,    -495,     332,     392,       0,       0,       0,      25,    -980,    1040,    4456,    4478,      22,       0,  100.0,   65.2,   63.7,    3.2,   10.6,    7.9,    2.8,    0.1,    0.2,    9.0,    6.2,   11.1,   99.5,   99.8,    0.5,    0.2,  100.0,   65.2,   63.7,    3.2,   10.6,    7.9,    2.8,    0.1,    0.2,    9.0,    6.2,   11.1,   99.5,   99.8,    0.5,    0.2,  100.0,    0.0,    0.0,    0.0,    0.0,    0.0,    0.0,    0.0,    0.0,    0.0,    0.0,    0.0,    0.0,    0.0,    0.0,    0.0,     54,     28,     30,.,      4,      6,.,.,.,      6,      5,      8,     48,     47,     54,     28,     30,.,      4,      6,.,.,.,      6,      5,      8,     48,     47,      0,      0,      0,      0,      0,      0,      0,      0,      0,      0,      0,      0,      0,      0,    37.7,    39.3,    55.9,    57.5,    24.1,    25.8,    34.2,    38.2,    37.7,    39.3,    55.9,    57.5,    24.1,    25.8,    34.2,    38.2,     0.0,     0.0,     0.0,     0.0,     0.0,     0.0,     0.0,     0.0,"42000 gallons(1000 barrels)","066416","IFED","066 ","N13","Combined"
"ISOBUTANE OPIS MT BELV NONTET - ICE FUTURES ENERGY DIV",260818,2026-08-18,066418,IFED,01,066 ,    9047,    3952,    1937,    3630,    4569,     662,       0,       0,       0,     419,    1196,       0,    8663,    8364,     384,     683,    9047,    3952,    1937,    3630,    4569,     662,       0,       0,       0,     419,    1196,       0,    8663,    8364,     384,     683,       0,       0,       0,       0,       0,       0,       0,       0,       0,       0,       0,       0,       0,       0,       0,       0,     377,      56,     225,     459,      60,      12,       0,       0,       0,       0,       0,       0,     527,     297,    -150,      80,  100.0,   43.7,   21.4,   40.1,   50.5,    7.3,    0.0,    0.0,    0.0,    4.6,   13.2,    0.0,   95.8,   92.5,    4.2,    7.5,  100.0,   43.7,   21.4,   40.1,   50.5,    7.3,    0.0,    0.0,    0.0,    4.6,   13.2,    0.0,   95.8,   92.5,    4.2,    7.5,  100.0,    0.0,    0.0,    0.0,    0.0,    0.0,    0.0,    0.0,    0.0,    0.0,    0.0,    0.0,    0.0,    0.0,    0.0,    0.0,     27,     12,      7,      4,      5,.,      0,      0,      0,.,.,      0,     17,     14,     27,     12,      7,      4,      5,.,      0,      0,      0,.,.,      0,     17,     14,      0,      0,      0,      0,      0,      0,      0,      0,      0,      0,      0,      0,      0,      0,    51.3,    58.2,    75.5,    83.8,    44.0,    58.2,    66.6,    79.0,    51.3,    58.2,    75.5,    83.8,    44.0,    58.2,    66.6,    79.0,     0.0,     0.0,     0.0,     0.0,     0.0,     0.0,     0.0,     0.0,"42000 gallons(1000 barrels)","066418","IFED","066 ","N13","Combined"
"NAT GASLNE OPIS MT B NONTET FP - ICE FUTURES ENERGY DIV",260818,2026-08-18,06641A,IFED,01,066 ,   16915,   14965,   10200,     576,    1946,     317,       0,       0,       0,     208,    2586,     719,   16785,   15768,     130,    1147,   16915,   14965,   10200,     576,    1946,     317,       0,       0,       0,     208,    2586,     719,   16785,   15768,     130,    1147,       0,       0,       0,       0,       0,       0,       0,       0,       0,       0,       0,       0,       0,       0,       0,       0,     363,     295,      17,       0,      20,      45,       0,       0,       0,       0,     345,       0,     340,     427,      23,     -64,  100.0,   88.5,   60.3,    3.4,   11.5,    1.9,    0.0,    0.0,    0.0,    1.2,   15.3,    4.3,   99.2,   93.2,    0.8,    6.8,  100.0,   88.5,   60.3,    3.4,   11.5,    1.9,    0.0,    0.0,    0.0,    1.2,   15.3,    4.3,   99.2,   93.2,    0.8,    6.8,  100.0,    0.0,    0.0,    0.0,    0.0,    0.0,    0.0,    0.0,    0.0,    0.0,    0.0,    0.0,    0.0,    0.0,    0.0,    0.0,     34,     19,     19,.,      6,      5,      0,      0,      0,.,.,.,     27,     28,     34,     19,     19,.,      6,      5,      0,      0,      0,.,.,.,     27,     28,      0,      0,      0,      0,      0,      0,      0,      0,      0,      0,      0,      0,      0,      0,    62.1,    60.0,    82.2,    74.3,    50.2,    45.0,    60.8,    55.2,    62.1,    60.0,    82.2,    74.3,    50.2,    45.0,    60.8,    55.2,     0.0,     0.0,     0.0,     0.0,     0.0,     0.0,     0.0,     0.0,"42000 gallons(1000 barrels)","06641A","IFED","066 ","N13","Combined"
"BUTANE OPIS MT BELV NONTET FP  - ICE FUTURES ENERGY DIV",260818,2026-08-18,06641D,IFED,01,066 ,   63596,   38865,   34390,    1986,   10751,    5514,    2601,       0,     375,    6555,    4709,    7336,   63232,   63075,     364,     521,   63596,   38865,   34390,    1986,   10751,    5514,    2601,       0,     375,    6555,    4709,    7336,   63232,   63075,     364,     521,       0,       0,       0,       0,       0,       0,       0,       0,       0,       0,       0,       0,       0,       0,       0,       0,    2131,    1182,     411,    -652,     443,     255,       0,       0,       0,     484,     160,     892,    2161,    2161,     -30,     -30,  100.0,   61.1,   54.1,    3.1,   16.9,    8.7,    4.1,    0.0,    0.6,   10.3,    7.4,   11.5,   99.4,   99.2,    0.6,    0.8,  100.0,   61.1,   54.1,    3.1,   16.9,    8.7,    4.1,    0.0,    0.6,   10.3,    7.4,   11.5,   99.4,   99.2,    0.6,    0.8,  100.0,    0.0,    0.0,    0.0,    0.0,    0.0,    0.0,    0.0,    0.0,    0.0,    0.0,    0.0,    0.0,    0.0,    0.0,    0.0,     93,     54,     47,.,     10,      9,.,      0,.,     11,      8,     14,     82,     76,     93,     54,     47,.,     10,      9,.,      0,.,     11,      8,     14,     82,     76,      0,      0,      0,      0,      0,      0,      0,      0,      0,      0,      0,      0,      0,      0,    28.9,    29.2,    46.0,    44.6,    22.0,    19.8,    35.0,    31.2,    28.9,    29.2,    46.0,    44.6,    22.0,    19.8,    35.0,    31.2,     0.0,     0.0,     0.0,     0.0,     0.0,     0.0,     0.0,     0.0,"42000 gallons(1000 barrels)","06641D","IFED","066 ","N13","Combined"
"PROPANE OPIS CONWAY INWELL FP - ICE FUTURES ENERGY DIV",260818,2026-08-18,06641E,IFED,01,066 ,   12300,    6615,    8046,    1189,     961,     935,       0,       0,       0,    1924,     685,    1284,   11947,   11911,     353,     389,   12300,    6615,    8046,    1189,     961,     935,       0,       0,       0,    1924,     685,    1284,   11947,   11911,     353,     389,       0,       0,       0,       0,       0,       0,       0,       0,       0,       0,       0,       0,       0,       0,       0,       0,     900,     356,     308,     125,     165,     292,       0,       0,       0,      15,       0,     172,     960,     937,     -60,     -37,  100.0,   53.8,   65.4,    9.7,    7.8,    7.6,    0.0,    0.0,    0.0,   15.6,    5.6,   10.4,   97.1,   96.8,    2.9,    3.2,  100.0,   53.8,   65.4,    9.7,    7.8,    7.6,    0.0,    0.0,    0.0,   15.6,    5.6,   10.4,   97.1,   96.8,    2.9,    3.2,  100.0,    0.0,    0.0,    0.0,    0.0,    0.0,    0.0,    0.0,    0.0,    0.0,    0.0,    0.0,    0.0,    0.0,    0.0,    0.0,     35,     18,     16,      4,      5,      8,      0,      0,      0,.,      4,      5,     32,     31,     35,     18,     16,      4,      5,      8,      0,      0,      0,.,      4,      5,     32,     31,      0,      0,      0,      0,      0,      0,      0,      0,      0,      0,      0,      0,      0,      0,    55.5,    49.2,    69.1,    74.0,    45.9,    41.9,    55.6,    56.7,    55.5,    49.2,    69.1,    74.0,    45.9,    41.9,    55.6,    56.7,     0.0,     0.0,     0.0,     0.0,     0.0,     0.0,     0.0,     0.0,"42000 gallons(1000 barrels)","06641E","IFED","066 ","N13","Combined"
"PROPANE OPIS MT BELV NONTET FP - ICE FUTURES ENERGY DIV",260818,2026-08-18,06641F,IFED,01,066 ,  102691,   65163,   55321,    9763,   31829,    1154,       0,       0,       0,   18026,    5222,    8377,  102483,  101903,     208,     788,  102691,   65163,   55321,    9763,   31829,    1154,       0,       0,       0,   18026,    5222,    8377,  102483,  101903,     208,     788,       0,       0,       0,       0,       0,       0,       0,       0,       0,       0,       0,       0,       0,       0,       0,       0,    8778,    5601,    4264,    -542,     431,     200,       0,       0,       0,    -479,    -163,    3998,    8778,    8730,       0,      48,  100.0,   63.5,   53.9,    9.5,   31.0,    1.1,    0.0,    0.0,    0.0,   17.6,    5.1,    8.2,   99.8,   99.2,    0.2,    0.8,  100.0,   63.5,   53.9,    9.5,   31.0,    1.1,    0.0,    0.0,    0.0,   17.6,    5.1,    8.2,   99.8,   99.2,    0.2,    0.8,  100.0,    0.0,    0.0,    0.0,    0.0,    0.0,    0.0,    0.0,    0.0,    0.0,    0.0,    0.0,    0.0,    0.0,    0.0,    0.0,     76,     34,     34,      4,     11,      6,      0,      0,      0,      7,      6,      6,     52,     56,     76,     34,     34,      4,     11,      6,      0,      0,      0,      7,      6,      6,     52,     56,      0,      0,      0,      0,      0,      0,      0,      0,      0,      0,      0,      0,      0,      0,    55.6,    31.2,    74.5,    56.3,    49.8,    27.7,    64.6,    50.4,    55.6,    31.2,    74.5,    56.3,    49.8,    27.7,    64.6,    50.4,     0.0,     0.0,     0.0,     0.0,     0.0,     0.0,     0.0,     0.0,"42000 gallons(1000 barrels)","06641F","IFED","066 ","N13","Combined"
"PROPANE OPIS MT BELVIEU TET FP - ICE FUTURES ENERGY DIV",260818,2026-08-18,06641G,IFED,01,066 ,  169862,   90332,   97172,   20222,   12658,   11670,       0,    6869,     189,   29710,   23706,   17175,  169298,  169439,     564,     423,  169862,   90332,   97172,   20222,   12658,   11670,       0,    6869,     189,   29710,   23706,   17175,  169298,  169439,     564,     423,       0,       0,       0,       0,       0,       0,       0,       0,       0,       0,       0,       0,       0,       0,       0,       0,    3759,    3527,    2875,    -570,    -652,     120,       0,     -70,       0,   -1594,    -720,    2218,    3701,    3771,      58,     -12,  100.0,   53.2,   57.2,   11.9,    7.5,    6.9,    0.0,    4.0,    0.1,   17.5,   14.0,   10.1,   99.7,   99.8,    0.3,    0.2,  100.0,   53.2,   57.2,   11.9,    7.5,    6.9,    0.0,    4.0,    0.1,   17.5,   14.0,   10.1,   99.7,   99.8,    0.3,    0.2,  100.0,    0.0,    0.0,    0.0,    0.0,    0.0,    0.0,    0.0,    0.0,    0.0,    0.0,    0.0,    0.0,    0.0,    0.0,    0.0,    137,     65,     73,      8,     11,     16,      0,      6,.,     14,     17,     22,    108,    126,    137,     65,     73,      8,     11,     16,      0,      6,.,     14,     17,     22,    108,    126,      0,      0,      0,      0,      0,      0,      0,      0,      0,      0,      0,      0,      0,      0,    29.6,    32.4,    45.9,    45.3,    29.4,    24.9,    42.9,    35.7,    29.6,    32.4,    45.9,    45.3,    29.4,    24.9,    42.9,    35.7,     0.0,     0.0,     0.0,     0.0,     0.0,     0.0,     0.0,     0.0,"42000 gallons(1000 barrels)","06641G","IFED","066 ","N13","Combined"
"PROPANE ARGUS SAUDI CP FP - ICE FUTURES ENERGY DIV",260818,2026-08-18,06641H,IFED,01,066 ,    3305,    1046,    2486,      92,      20,      61,       0,       0,       0,     495,     132,     187,    1881,    2886,    1424,     419,    3305,    1046,    2486,      92,      20,      61,       0,       0,       0,     495,     132,     187,    1881,    2886,    1424,     419,       0,       0,       0,       0,       0,       0,       0,       0,       0,       0,       0,       0,       0,       0,       0,       0,      70,     -20,      93,       0,      20,      42,       0,       0,       0,      47,      -4,      -8,      61,     143,       9,     -73,  100.0,   31.6,   75.2,    2.8,    0.6,    1.8,    0.0,    0.0,    0.0,   15.0,    4.0,    5.7,   56.9,   87.3,   43.1,   12.7,  100.0,   31.6,   75.2,    2.8,    0.6,    1.8,    0.0,    0.0,    0.0,   15.0,    4.0,    5.7,   56.9,   87.3,   43.1,   12.7,  100.0,    0.0,    0.0,    0.0,    0.0,    0.0,    0.0,    0.0,    0.0,    0.0,    0.0,    0.0,    0.0,    0.0,    0.0,    0.0,     24,     12,     12,.,.,.,      0,      0,      0,.,.,.,     18,     16,     24,     12,     12,.,.,.,      0,      0,      0,.,.,.,     18,     16,      0,      0,      0,      0,      0,      0,      0,      0,      0,      0,      0,      0,      0,      0,    30.2,    49.1,    44.7,    73.3,    27.8,    48.7,    39.8,    67.7,    30.2,    49.1,    44.7,    73.3,    27.8,    48.7,    39.8,    67.7,     0.0,     0.0,     0.0,     0.0,     0.0,     0.0,     0.0,     0.0,"1000 Metric  Tonnes","06641H","IFED","066 ","N13","Combined"
"ARGUS PROPANE FAR EAST INDEX - NEW YORK MERCANTILE EXCHANGE",260818,2026-08-18,06665B,NYME,01,066 ,    4559,    2067,    3496,     440,      91,     185,      36,       0,       0,     888,      35,     151,    3767,    3958,     792,     601,    4559,    2067,    3496,     440,      91,     185,      36,       0,       0,     888,      35,     151,    3767,    3958,     792,     601,       0,       0,       0,       0,       0,       0,       0,       0,       0,       0,       0,       0,       0,       0,       0,       0,     146,      36,     113,       1,      -3,      10,       2,       0,       0,      69,      -3,     -20,      98,      97,      48,      49,  100.0,   45.3,   76.7,    9.7,    2.0,    4.1,    0.8,    0.0,    0.0,   19.5,    0.8,    3.3,   82.6,   86.8,   17.4,   13.2,  100.0,   45.3,   76.7,    9.7,    2.0,    4.1,    0.8,    0.0,    0.0,   19.5,    0.8,    3.3,   82.6,   86.8,   17.4,   13.2,  100.0,    0.0,    0.0,    0.0,    0.0,    0.0,    0.0,    0.0,    0.0,    0.0,    0.0,    0.0,    0.0,    0.0,    0.0,    0.0,     25,     14,     12,.,.,.,.,      0,      0,      4,.,.,     22,     19,     25,     14,     12,.,.,.,.,      0,      0,      4,.,.,     22,     19,      0,      0,      0,      0,      0,      0,      0,      0,      0,      0,      0,      0,      0,      0,    48.1,    67.0,    61.7,    77.7,    45.7,    64.1,    56.6,    68.3,    48.1,    67.0,    61.7,    77.7,    45.7,    64.1,    56.6,    68.3,     0.0,     0.0,     0.0,     0.0,     0.0,     0.0,     0.0,     0.0,"(CONTRACTS OF 1,000 METRIC TONS)","06665B","NYME","066 ","N13","Combined"
"PROPANE NON-LDH MT BEL - NEW YORK MERCANTILE EXCHANGE",260818,2026-08-18,06665G,NYME,01,066 ,   27916,   21014,   15002,    1170,    9237,    1284,       0,       0,       0,    2423,     266,    1499,   27390,   27288,     526,     628,   27916,   21014,   15002,    1170,    9237,    1284,       0,       0,       0,    2423,     266,    1499,   27390,   27288,     526,     628,       0,       0,       0,       0,       0,       0,       0,       0,       0,       0,       0,       0,       0,       0,       0,       0,    1210,    1521,     264,    -626,     545,     235,       0,       0,       0,     105,     216,     -50,    1185,    1210,      25,       0,  100.0,   75.3,   53.7,    4.2,   33.1,    4.6,    0.0,    0.0,    0.0,    8.7,    1.0,    5.4,   98.1,   97.8,    1.9,    2.2,  100.0,   75.3,   53.7,    4.2,   33.1,    4.6,    0.0,    0.0,    0.0,    8.7,    1.0,    5.4,   98.1,   97.8,    1.9,    2.2,  100.0,    0.0,    0.0,    0.0,    0.0,    0.0,    0.0,    0.0,    0.0,    0.0,    0.0,    0.0,    0.0,    0.0,    0.0,    0.0,     54,     26,     25,      4,      6,      5,      0,      0,      0,      4,.,.,     38,     37,     54,     26,     25,      4,      6,      5,      0,      0,      0,      4,.,.,     38,     37,      0,      0,      0,      0,      0,      0,      0,      0,      0,      0,      0,      0,      0,      0,    34.8,    41.1,    56.0,    58.8,    32.9,    41.1,    50.7,    56.5,    34.8,    41.1,    56.0,    58.8,    32.9,    41.1,    50.7,    56.5,     0.0,     0.0,     0.0,     0.0,     0.0,     0.0,     0.0,     0.0,"(CONTRACTS OF 42,000 GALLONS)","06665G","NYME","066 ","N13","Combined"
"PROPANE - NEW YORK MERCANTILE EXCHANGE",260818,2026-08-18,06665O,NYME,01,066 ,  108401,   74664,   67315,    9939,    8476,    7387,    1242,    1357,    1309,    2045,   10666,   11070,  107656,  107580,     745,     821,  108401,   74664,   67315,    9939,    8476,    7387,    1242,    1357,    1309,    2045,   10666,   11070,  107656,  107580,     745,     821,       0,       0,       0,       0,       0,       0,       0,       0,       0,       0,       0,       0,       0,       0,       0,       0,    2807,     742,    3767,    1430,    -149,    -424,     184,    -395,     128,     924,     -86,    -113,    2871,    2728,     -64,      79,  100.0,   68.9,   62.1,    9.2,    7.8,    6.8,    1.1,    1.3,    1.2,    1.9,    9.8,   10.2,   99.3,   99.2,    0.7,    0.8,  100.0,   68.9,   62.1,    9.2,    7.8,    6.8,    1.1,    1.3,    1.2,    1.9,    9.8,   10.2,   99.3,   99.2,    0.7,    0.8,  100.0,    0.0,    0.0,    0.0,    0.0,    0.0,    0.0,    0.0,    0.0,    0.0,    0.0,    0.0,    0.0,    0.0,    0.0,    0.0,    131,     62,     60,     12,      7,     15,      7,     10,      4,      7,     15,     15,    107,    108,    131,     62,     60,     12,      7,     15,      7,     10,      4,      7,     15,     15,    107,    108,      0,      0,      0,      0,      0,      0,      0,      0,      0,      0,      0,      0,      0,      0,    36.8,    25.7,    52.8,    41.4,    32.2,    22.8,    38.5,    33.3,    36.8,    25.7,    52.8,    41.4,    32.2,    22.8,    38.5,    33.3,     0.0,     0.0,     0.0,     0.0,     0.0,     0.0,     0.0,     0.0,"(CONTRACTS OF 42,000 GALLONS)","06665O","NYME","066 ","N13","Combined"
"MT BELVIEU ETHANE OPIS - NEW YORK MERCANTILE EXCHANGE",260818,2026-08-18,06665P,NYME,01,066 ,   44055,   37423,   24134,     195,   14686,    2938,    1892,     450,     130,     545,     330,     675,   43798,   43343,     257,     712,   44055,   37423,   24134,     195,   14686,    2938,    1892,     450,     130,     545,     330,     675,   43798,   43343,     257,     712,       0,       0,       0,       0,       0,       0,       0,       0,       0,       0,       0,       0,       0,       0,       0,       0,    5130,    5192,    4122,     -84,    1494,     102,     -75,       0,       0,      55,       0,     -55,    5135,    5663,      -5,    -533,  100.0,   84.9,   54.8,    0.4,   33.3,    6.7,    4.3,    1.0,    0.3,    1.2,    0.7,    1.5,   99.4,   98.4,    0.6,    1.6,  100.0,   84.9,   54.8,    0.4,   33.3,    6.7,    4.3,    1.0,    0.3,    1.2,    0.7,    1.5,   99.4,   98.4,    0.6,    1.6,  100.0,    0.0,    0.0,    0.0,    0.0,    0.0,    0.0,    0.0,    0.0,    0.0,    0.0,    0.0,    0.0,    0.0,    0.0,    0.0,     50,     22,     22,.,      7,      6,      8,.,.,.,.,      5,     41,     39,     50,     22,     22,.,      7,      6,      8,.,.,.,.,      5,     41,     39,      0,      0,      0,      0,      0,      0,      0,      0,      0,      0,      0,      0,      0,      0,    57.7,    40.6,    73.2,    58.0,    44.7,    32.5,    50.4,    43.3,    57.7,    40.6,    73.2,    58.0,    44.7,    32.5,    50.4,    43.3,     0.0,     0.0,     0.0,     0.0,     0.0,     0.0,     0.0,     0.0,"(CONTRACTS OF 42,000 GALLONS)","06665P","NYME","066 ","N13","Combined"
"MT BELV NORM BUTANE OPIS - NEW YORK MERCANTILE EXCHANGE",260818,2026-08-18,06665Q,NYME,01,066 ,   46802,   33234,   29275,    2818,    6317,    3350,    1664,     180,     100,    1744,    3285,    3144,   46054,   45651,     748,    1151,   46802,   33234,   29275,    2818,    6317,    3350,    1664,     180,     100,    1744,    3285,    3144,   46054,   45651,     748,    1151,       0,       0,       0,       0,       0,       0,       0,       0,       0,       0,       0,       0,       0,       0,       0,       0,    2372,    1788,    1063,    -125,     298,     394,     -24,     -30,     100,    -301,      14,     504,    2336,    2343,      36,      29,  100.0,   71.0,   62.6,    6.0,   13.5,    7.2,    3.6,    0.4,    0.2,    3.7,    7.0,    6.7,   98.4,   97.5,    1.6,    2.5,  100.0,   71.0,   62.6,    6.0,   13.5,    7.2,    3.6,    0.4,    0.2,    3.7,    7.0,    6.7,   98.4,   97.5,    1.6,    2.5,  100.0,    0.0,    0.0,    0.0,    0.0,    0.0,    0.0,    0.0,    0.0,    0.0,    0.0,    0.0,    0.0,    0.0,    0.0,    0.0,    110,     54,     50,      5,      9,     11,     11,.,.,      8,      9,     15,     95,     83,    110,     54,     50,      5,      9,     11,     11,.,.,      8,      9,     15,     95,     83,      0,      0,      0,      0,      0,      0,      0,      0,      0,      0,      0,      0,      0,      0,    25.2,    22.4,    40.6,    37.8,    17.8,    18.5,    28.7,    30.9,    25.2,    22.4,    40.6,    37.8,    17.8,    18.5,    28.7,    30.9,     0.0,     0.0,     0.0,     0.0,     0.0,     0.0,     0.0,     0.0,"(CONTRACTS OF 42,000 GALLONS)","06665Q","NYME","066 ","N13","Combined"
"MT BELV NAT GASOLINE OPIS - NEW YORK MERCANTILE EXCHANGE",260818,2026-08-18,06665R,NYME,01,066 ,   50223,   47306,   31873,     360,   15653,       0,      40,       0,       0,    2256,    1344,      82,   50044,   48952,     179,    1271,   50223,   47306,   31873,     360,   15653,       0,      40,       0,       0,    2256,    1344,      82,   50044,   48952,     179,    1271,       0,       0,       0,       0,       0,       0,       0,       0,       0,       0,       0,       0,       0,       0,       0,       0,    1821,    1281,    1114,     360,     570,       0,      10,       0,       0,     180,     137,       0,    1831,    1821,     -10,       0,  100.0,   94.2,   63.5,    0.7,   31.2,    0.0,    0.1,    0.0,    0.0,    4.5,    2.7,    0.2,   99.6,   97.5,    0.4,    2.5,  100.0,   94.2,   63.5,    0.7,   31.2,    0.0,    0.1,    0.0,    0.0,    4.5,    2.7,    0.2,   99.6,   97.5,    0.4,    2.5,  100.0,    0.0,    0.0,    0.0,    0.0,    0.0,    0.0,    0.0,    0.0,    0.0,    0.0,    0.0,    0.0,    0.0,    0.0,    0.0,     49,     27,     26,.,      7,      0,.,      0,      0,.,.,.,     34,     35,     49,     27,     26,.,      7,      0,.,      0,      0,.,.,.,     34,     35,      0,      0,      0,      0,      0,      0,      0,      0,      0,      0,      0,      0,      0,      0,    81.5,    43.6,    90.2,    66.2,    79.2,    42.7,    85.5,    65.3,    81.5,    43.6,    90.2,    66.2,    79.2,    42.7,    85.5,    65.3,     0.0,     0.0,     0.0,     0.0,     0.0,     0.0,     0.0,     0.0,"(CONTRACTS OF 42,000 GALLONS)","06665R","NYME","066 ","N13","Combined"
"CONWAY PROPANE (OPIS) - NEW YORK MERCANTILE EXCHANGE",260818,2026-08-18,06665T,NYME,01,066 ,   21307,   15475,   12974,    2049,    4642,     731,       0,     330,       0,     605,     761,    1511,   20371,   20949,     936,     358,   21307,   15475,   12974,    2049,    4642,     731,       0,     330,       0,     605,     761,    1511,   20371,   20949,     936,     358,       0,       0,       0,       0,       0,       0,       0,       0,       0,       0,       0,       0,       0,       0,       0,       0,     771,     767,     291,      27,     340,      14,       0,       0,       0,      23,     181,     -60,     771,     766,       0,       5,  100.0,   72.6,   60.9,    9.6,   21.8,    3.4,    0.0,    1.5,    0.0,    2.8,    3.6,    7.1,   95.6,   98.3,    4.4,    1.7,  100.0,   72.6,   60.9,    9.6,   21.8,    3.4,    0.0,    1.5,    0.0,    2.8,    3.6,    7.1,   95.6,   98.3,    4.4,    1.7,  100.0,    0.0,    0.0,    0.0,    0.0,    0.0,    0.0,    0.0,    0.0,    0.0,    0.0,    0.0,    0.0,    0.0,    0.0,    0.0,     55,     25,     27,      5,      6,      6,      0,.,      0,      4,      4,      6,     42,     44,     55,     25,     27,      5,      6,      6,      0,.,      0,      4,      4,      6,     42,     44,      0,      0,      0,      0,      0,      0,      0,      0,      0,      0,      0,      0,      0,      0,    50.5,    40.6,    63.8,    64.0,    46.1,    34.6,    57.2,    52.6,    50.5,    40.6,    63.8,    64.0,    46.1,    34.6,    57.2,    52.6,     0.0,     0.0,     0.0,     0.0,     0.0,     0.0,     0.0,     0.0,"(CONTRACTS OF 42,000 GALLONS)","06665T","NYME","066 ","N13","Combined"
"CRUDE DIFF-WCS HOUSTON/WTI 1ST - ICE FUTURES ENERGY DIV",260818,2026-08-18,06739C,IFED,01,067 ,   61397,   41578,   60467,    4375,     225,       0,   14774,      60,     470,      40,       0,     150,   61387,   61372,      10,      25,   61397,   41578,   60467,    4375,     225,       0,   14774,      60,     470,      40,       0,     150,   61387,   61372,      10,      25,       0,       0,       0,       0,       0,       0,       0,       0,       0,       0,       0,       0,       0,       0,       0,       0,    5403,    4428,    6708,      15,       0,       0,    1250,    -735,    -375,      20,    -250,     140,    5478,    5488,     -75,     -85,  100.0,   67.7,   98.5,    7.1,    0.4,    0.0,   24.1,    0.1,    0.8,    0.1,    0.0,    0.2,  100.0,  100.0,    0.0,    0.0,  100.0,   67.7,   98.5,    7.1,    0.4,    0.0,   24.1,    0.1,    0.8,    0.1,    0.0,    0.2,  100.0,  100.0,    0.0,    0.0,  100.0,    0.0,    0.0,    0.0,    0.0,    0.0,    0.0,    0.0,    0.0,    0.0,    0.0,    0.0,    0.0,    0.0,    0.0,    0.0,     43,     27,     23,.,.,      0,.,.,.,.,      0,.,     34,     27,     43,     27,     23,.,.,      0,.,.,.,.,      0,.,     34,     27,      0,      0,      0,      0,      0,      0,      0,      0,      0,      0,      0,      0,      0,      0,    51.9,    64.2,    71.0,    86.0,    34.8,    49.8,    51.1,    63.2,    51.9,    64.2,    71.0,    86.0,    34.8,    49.8,    51.1,    63.2,     0.0,     0.0,     0.0,     0.0,     0.0,     0.0,     0.0,     0.0,"(1000 Barrels)","06739C","IFED","067 ","N10","Combined"
"CRUDE OIL, LIGHT SWEET-WTI - ICE FUTURES EUROPE",260818,2026-08-18,067411,ICEU,01,067 , 1054647,  481278,  358483,     200,  142603,  142727,   15319,   17080,   47741,   61778,   43032,  289711, 1038755, 1041376,   15892,   13271, 1054647,  481278,  358483,     200,  142603,  142727,   15319,   17080,   47741,   61778,   43032,  289711, 1038755, 1041376,   15892,   13271,       0,       0,       0,       0,       0,       0,       0,       0,       0,       0,       0,       0,       0,       0,       0,       0,  -43073,   12896,    -930,     200,    7883,  -23112,   -2218,    1687,     941,   -2186,     777,  -27214,  -40692,  -39968,   -2381,   -3105,  100.0,   45.6,   34.0,    0.0,   13.5,   13.5,    1.5,    1.6,    4.5,    5.9,    4.1,   27.5,   98.5,   98.7,    1.5,    1.3,  100.0,   45.6,   34.0,    0.0,   13.5,   13.5,    1.5,    1.6,    4.5,    5.9,    4.1,   27.5,   98.5,   98.7,    1.5,    1.3,  100.0,    0.0,    0.0,    0.0,    0.0,    0.0,    0.0,    0.0,    0.0,    0.0,    0.0,    0.0,    0.0,    0.0,    0.0,    0.0,    117,     39,     35,.,     15,     14,      6,     11,     14,     14,     23,     37,    106,    105,    117,     39,     35,.,     15,     14,      6,     11,     14,     14,     23,     37,    106,    105,      0,      0,      0,      0,      0,      0,      0,      0,      0,      0,      0,      0,      0,      0,    28.4,    29.6,    43.6,    43.9,    22.3,    16.9,    30.3,    23.3,    28.4,    29.6,    43.6,    43.9,    22.3,    16.9,    30.3,    23.3,     0.0,     0.0,     0.0,     0.0,     0.0,     0.0,     0.0,     0.0,"(CONTRACTS OF 1,000 BARRELS)","067411","ICEU","067 ","N10","Combined"
"CRUDE DIFF-TMX WCS 1A INDEX - ICE FUTURES ENERGY DIV",260818,2026-08-18,06742G,IFED,01,067 ,   69229,   67399,   29717,       0,   21439,     110,       0,   17326,      90,     345,      80,       0,   67944,   68762,    1285,     467,   69229,   67399,   29717,       0,   21439,     110,       0,   17326,      90,     345,      80,       0,   67944,   68762,    1285,     467,       0,       0,       0,       0,       0,       0,       0,       0,       0,       0,       0,       0,       0,       0,       0,       0,    4080,    2900,    2085,       0,    -129,     -25,     -30,    1745,      60,      30,       0,    -120,    2815,    3616,    1265,     464,  100.0,   97.4,   42.9,    0.0,   31.0,    0.2,    0.0,   25.0,    0.1,    0.5,    0.1,    0.0,   98.1,   99.3,    1.9,    0.7,  100.0,   97.4,   42.9,    0.0,   31.0,    0.2,    0.0,   25.0,    0.1,    0.5,    0.1,    0.0,   98.1,   99.3,    1.9,    0.7,  100.0,    0.0,    0.0,    0.0,    0.0,    0.0,    0.0,    0.0,    0.0,    0.0,    0.0,    0.0,    0.0,    0.0,    0.0,    0.0,     44,     24,     18,      0,     10,.,      0,.,.,.,.,      0,     29,     32,     44,     24,     18,      0,     10,.,      0,.,.,.,.,      0,     29,     32,      0,      0,      0,      0,      0,      0,      0,      0,      0,      0,      0,      0,      0,      0,    63.9,    52.5,    82.4,    71.3,    58.7,    52.4,    72.8,    68.6,    63.9,    52.5,    82.4,    71.3,    58.7,    52.4,    72.8,    68.6,     0.0,     0.0,     0.0,     0.0,     0.0,     0.0,     0.0,     0.0,"1000 BARRELS","06742G","IFED","067 ","N10","Combined"
"CRUDE DIFF-TMX SW 1A INDEX - ICE FUTURES ENERGY DIV",260818,2026-08-18,06742T,IFED,01,067 ,   13607,   13217,    4406,       0,    7161,       0,     330,    1005,      60,       0,     840,       0,   13607,   13472,       0,     135,   13607,   13217,    4406,       0,    7161,       0,     330,    1005,      60,       0,     840,       0,   13607,   13472,       0,     135,       0,       0,       0,       0,       0,       0,       0,       0,       0,       0,       0,       0,       0,       0,       0,       0,     -90,     -90,    -220,       0,    -125,       0,       0,     -90,       0,       0,     210,       0,     -90,    -225,       0,     135,  100.0,   97.1,   32.4,    0.0,   52.6,    0.0,    2.4,    7.4,    0.4,    0.0,    6.2,    0.0,  100.0,   99.0,    0.0,    1.0,  100.0,   97.1,   32.4,    0.0,   52.6,    0.0,    2.4,    7.4,    0.4,    0.0,    6.2,    0.0,  100.0,   99.0,    0.0,    1.0,  100.0,    0.0,    0.0,    0.0,    0.0,    0.0,    0.0,    0.0,    0.0,    0.0,    0.0,    0.0,    0.0,    0.0,    0.0,    0.0,     31,     14,     14,      0,      6,      0,.,.,.,      0,.,      0,     15,     25,     31,     14,     14,      0,      6,      0,.,.,.,      0,.,      0,     15,     25,      0,      0,      0,      0,      0,      0,      0,      0,      0,      0,      0,      0,      0,      0,    72.4,    55.3,    88.5,    73.0,    67.8,    53.6,    78.6,    63.2,    72.4,    55.3,    88.5,    73.0,    67.8,    53.6,    78.6,    63.2,     0.0,     0.0,     0.0,     0.0,     0.0,     0.0,     0.0,     0.0,"1000 BARRELS","06742T","IFED","067 ","N10","Combined"
"CONDENSATE DIF-TMX C5 1A INDEX - ICE FUTURES ENERGY DIV",260818,2026-08-18,06743A,IFED,01,067 ,   15085,   13500,   14725,    1585,      90,       0,       0,       0,       0,       0,     120,       0,   15085,   14935,       0,     150,   15085,   13500,   14725,    1585,      90,       0,       0,       0,       0,       0,     120,       0,   15085,   14935,       0,     150,       0,       0,       0,       0,       0,       0,       0,       0,       0,       0,       0,       0,       0,       0,       0,       0,     -15,     -45,     -15,      30,     -30,       0,       0,       0,       0,       0,       0,       0,     -15,     -45,       0,      30,  100.0,   89.5,   97.6,   10.5,    0.6,    0.0,    0.0,    0.0,    0.0,    0.0,    0.8,    0.0,  100.0,   99.0,    0.0,    1.0,  100.0,   89.5,   97.6,   10.5,    0.6,    0.0,    0.0,    0.0,    0.0,    0.0,    0.8,    0.0,  100.0,   99.0,    0.0,    1.0,  100.0,    0.0,    0.0,    0.0,    0.0,    0.0,    0.0,    0.0,    0.0,    0.0,    0.0,    0.0,    0.0,    0.0,    0.0,    0.0,     28,     18,     17,.,.,      0,      0,      0,      0,      0,.,      0,     20,     19,     28,     18,     17,.,.,      0,      0,      0,      0,      0,.,      0,     20,     19,      0,      0,      0,      0,      0,      0,      0,      0,      0,      0,      0,      0,      0,      0,    63.1,    72.5,    87.2,    88.4,    49.7,    61.9,    63.7,    66.9,    63.1,    72.5,    87.2,    88.4,    49.7,    61.9,    63.7,    66.9,     0.0,     0.0,     0.0,     0.0,     0.0,     0.0,     0.0,     0.0,"1000 BARRELS","06743A","IFED","067 ","N10","Combined"
"WTI-PHYSICAL - NEW YORK MERCANTILE EXCHANGE",260818,2026-08-18,067651,NYME,01,067 , 2448684,  686166,  355579,  103720,  648691,  277735,  195631,   91596,  378255,  127992,   52343,  591735, 2361235, 2395934,   87449,   52749, 2448684,  686166,  355579,  103720,  648691,  277735,  195631,   91596,  378255,  127992,   52343,  591735, 2361235, 2395934,   87449,   52749,       0,       0,       0,       0,       0,       0,       0,       0,       0,       0,       0,       0,       0,       0,       0,       0, -159552,  -10318,   12863,    7915,   -6054,  -40249,    3126,    2805,  -47562,    6381,   -2400,  -75507, -156214, -156105,   -3338,   -3447,  100.0,   28.0,   14.5,    4.2,   26.5,   11.3,    8.0,    3.7,   15.4,    5.2,    2.1,   24.2,   96.4,   97.8,    3.6,    2.2,  100.0,   28.0,   14.5,    4.2,   26.5,   11.3,    8.0,    3.7,   15.4,    5.2,    2.1,   24.2,   96.4,   97.8,    3.6,    2.2,  100.0,    0.0,    0.0,    0.0,    0.0,    0.0,    0.0,    0.0,    0.0,    0.0,    0.0,    0.0,    0.0,    0.0,    0.0,    0.0,    324,     61,     59,     15,     26,     35,     65,     31,     72,     80,     34,     78,    303,    260,    324,     61,     59,     15,     26,     35,     65,     31,     72,     80,     34,     78,    303,    260,      0,      0,      0,      0,      0,      0,      0,      0,      0,      0,      0,      0,      0,      0,    15.2,    17.1,    26.0,    28.0,     8.0,    11.7,    12.7,    17.7,    15.2,    17.1,    26.0,    28.0,     8.0,    11.7,    12.7,    17.7,     0.0,     0.0,     0.0,     0.0,     0.0,     0.0,     0.0,     0.0,"(CONTRACTS OF 1,000 BARRELS)","067651","NYME","067 ","N10","Combined"
"WTI FINANCIAL CRUDE OIL - NEW YORK MERCANTILE EXCHANGE",260818,2026-08-18,06765A,NYME,01,067 ,  202276,   37672,   50588,   58577,   53939,   13566,       0,       0,       0,   52461,   23297,   14652,  176928,  156042,   25348,   46234,  202276,   37672,   50588,   58577,   53939,   13566,       0,       0,       0,   52461,   23297,   14652,  176928,  156042,   25348,   46234,       0,       0,       0,       0,       0,       0,       0,       0,       0,       0,       0,       0,       0,       0,       0,       0,    8329,    1612,    2113,   -3266,    1223,    3173,       0,       0,       0,    6706,     768,      55,    8280,    7332,      49,     997,  100.0,   18.6,   25.0,   29.0,   26.7,    6.7,    0.0,    0.0,    0.0,   25.9,   11.5,    7.2,   87.5,   77.1,   12.5,   22.9,  100.0,   18.6,   25.0,   29.0,   26.7,    6.7,    0.0,    0.0,    0.0,   25.9,   11.5,    7.2,   87.5,   77.1,   12.5,   22.9,  100.0,    0.0,    0.0,    0.0,    0.0,    0.0,    0.0,    0.0,    0.0,    0.0,    0.0,    0.0,    0.0,    0.0,    0.0,    0.0,     45,     14,     13,     11,      6,     11,      0,      0,      0,      5,      5,      7,     37,     35,     45,     14,     13,     11,      6,     11,      0,      0,      0,      5,      5,      7,     37,     35,      0,      0,      0,      0,      0,      0,      0,      0,      0,      0,      0,      0,      0,      0,    33.7,    35.5,    50.0,    49.5,    29.1,    35.4,    44.2,    49.3,    33.7,    35.5,    50.0,    49.5,    29.1,    35.4,    44.2,    49.3,     0.0,     0.0,     0.0,     0.0,     0.0,     0.0,     0.0,     0.0,"(CONTRACTS OF 1,000 BARRELS)","06765A","NYME","067 ","N10","Combined"
"CRUDE OIL AVG PRICE OPTIONS - NEW YORK MERCANTILE EXCHANGE",260818,2026-08-18,06765C,NYME,01,067 ,  156691,    8428,   21452,   40098,   80095,   19844,   10262,       0,    1183,   46675,       0,   23638,  150128,  146213,    6563,   10478,  156691,    8428,   21452,   40098,   80095,   19844,   10262,       0,    1183,   46675,       0,   23638,  150128,  146213,    6563,   10478,       0,       0,       0,       0,       0,       0,       0,       0,       0,       0,       0,       0,       0,       0,       0,       0,    3577,      35,    1577,    1364,    2901,    -528,     134,       0,      58,    2943,       0,    -532,    3475,    3477,     103,     101,  100.0,    5.4,   13.7,   25.6,   51.1,   12.7,    6.5,    0.0,    0.8,   29.8,    0.0,   15.1,   95.8,   93.3,    4.2,    6.7,  100.0,    5.4,   13.7,   25.6,   51.1,   12.7,    6.5,    0.0,    0.8,   29.8,    0.0,   15.1,   95.8,   93.3,    4.2,    6.7,  100.0,    0.0,    0.0,    0.0,    0.0,    0.0,    0.0,    0.0,    0.0,    0.0,    0.0,    0.0,    0.0,    0.0,    0.0,    0.0,     32,.,      5,      4,     12,     16,.,      0,.,      8,      0,      7,     30,     31,     32,.,      5,      4,     12,     16,.,      0,.,      8,      0,      7,     30,     31,      0,      0,      0,      0,      0,      0,      0,      0,      0,      0,      0,      0,      0,      0,    42.1,    33.3,    67.1,    54.9,    37.0,    31.6,    55.2,    52.8,    42.1,    33.3,    67.1,    54.9,    37.0,    31.6,    55.2,    52.8,     0.0,     0.0,     0.0,     0.0,     0.0,     0.0,     0.0,     0.0,"(CONTRACTS OF 1,000 BARRELS)","06765C","NYME","067 ","N10","Combined"
"BRENT LAST DAY - NEW YORK MERCANTILE EXCHANGE",260818,2026-08-18,06765T,NYME,01,067 ,  323467,   29160,   60419,   54809,    7913,   39547,    8472,    1480,    5767,   38803,   62733,  136837,  313395,  314696,   10072,    8771,  323467,   29160,   60419,   54809,    7913,   39547,    8472,    1480,    5767,   38803,   62733,  136837,  313395,  314696,   10072,    8771,       0,       0,       0,       0,       0,       0,       0,       0,       0,       0,       0,       0,       0,       0,       0,       0,   20648,    1754,   -2462,    3176,    2021,   -1036,    -260,     378,    -443,    1983,    5898,   16823,   21998,   21179,   -1349,    -531,  100.0,    9.0,   18.7,   16.9,    2.4,   12.2,    2.6,    0.5,    1.8,   12.0,   19.4,   42.3,   96.9,   97.3,    3.1,    2.7,  100.0,    9.0,   18.7,   16.9,    2.4,   12.2,    2.6,    0.5,    1.8,   12.0,   19.4,   42.3,   96.9,   97.3,    3.1,    2.7,  100.0,    0.0,    0.0,    0.0,    0.0,    0.0,    0.0,    0.0,    0.0,    0.0,    0.0,    0.0,    0.0,    0.0,    0.0,    0.0,     55,     11,     12,      9,.,      9,.,.,      5,     18,     10,     25,     52,     53,     55,     11,     12,      9,.,      9,.,.,      5,     18,     10,     25,     52,     53,      0,      0,      0,      0,      0,      0,      0,      0,      0,      0,      0,      0,      0,      0,    36.1,    45.1,    54.8,    61.6,    16.4,    25.1,    25.0,    31.2,    36.1,    45.1,    54.8,    61.6,    16.4,    25.1,    25.0,    31.2,     0.0,     0.0,     0.0,     0.0,     0.0,     0.0,     0.0,     0.0,"(CONTRACTS OF 1,000 BARRELS)","06765T","NYME","067 ","N10","Combined"
"WTI  HOUSTON ARGUS/WTI TR MO - NEW YORK MERCANTILE EXCHANGE",260818,2026-08-18,0676A5,NYME,01,067 ,  445077,  414263,  285656,       0,   52772,    2263,    1125,   26720,   12985,       0,   45022,    8833,  439469,  434251,    5608,   10826,  445077,  414263,  285656,       0,   52772,    2263,    1125,   26720,   12985,       0,   45022,    8833,  439469,  434251,    5608,   10826,       0,       0,       0,       0,       0,       0,       0,       0,       0,       0,       0,       0,       0,       0,       0,       0,    2951,     904,    -241,       0,     840,     495,       0,    1230,     585,       0,   -3456,    2338,    4322,    1791,   -1371,    1160,  100.0,   93.1,   64.2,    0.0,   11.9,    0.5,    0.3,    6.0,    2.9,    0.0,   10.1,    2.0,   98.7,   97.6,    1.3,    2.4,  100.0,   93.1,   64.2,    0.0,   11.9,    0.5,    0.3,    6.0,    2.9,    0.0,   10.1,    2.0,   98.7,   97.6,    1.3,    2.4,  100.0,    0.0,    0.0,    0.0,    0.0,    0.0,    0.0,    0.0,    0.0,    0.0,    0.0,    0.0,    0.0,    0.0,    0.0,    0.0,     45,     25,     24,      0,      7,.,.,.,.,      0,      4,.,     33,     36,     45,     25,     24,      0,      7,.,.,.,.,      0,      4,.,     33,     36,      0,      0,      0,      0,      0,      0,      0,      0,      0,      0,      0,      0,      0,      0,    54.0,    42.0,    79.0,    67.3,    53.9,    35.7,    68.1,    53.4,    54.0,    42.0,    79.0,    67.3,    53.9,    35.7,    68.1,    53.4,     0.0,     0.0,     0.0,     0.0,     0.0,     0.0,     0.0,     0.0,"(CONTRACTS OF 1,000 BARRELS)","0676A5","NYME","067 ","N10","Combined"
"CRUDE OIL CAL SPREAD OPT FIN  - NEW YORK MERCANTILE EXCHANGE",260818,2026-08-18,067A28,NYME,01,067 ,  172924,   51387,   54595,      28,   12054,   21586,   20099,    6614,   67790,    2619,     892,    8776,  172284,  172307,     641,     617,  172924,   51387,   54595,      28,   12054,   21586,   20099,    6614,   67790,    2619,     892,    8776,  172284,  172307,     641,     617,       0,       0,       0,       0,       0,       0,       0,       0,       0,       0,       0,       0,       0,       0,       0,       0,  -11745,   -3733,   -5423,      -9,     563,   -1158,     303,    1819,   -6844,     334,     -13,    -633,  -11740,  -11689,      -6,     -56,  100.0,   29.7,   31.6,    0.0,    7.0,   12.5,   11.6,    3.8,   39.2,    1.5,    0.5,    5.1,   99.6,   99.6,    0.4,    0.4,  100.0,   29.7,   31.6,    0.0,    7.0,   12.5,   11.6,    3.8,   39.2,    1.5,    0.5,    5.1,   99.6,   99.6,    0.4,    0.4,  100.0,    0.0,    0.0,    0.0,    0.0,    0.0,    0.0,    0.0,    0.0,    0.0,    0.0,    0.0,    0.0,    0.0,    0.0,    0.0,     36,     15,     17,.,.,      4,      4,      4,      6,      4,.,      5,     32,     33,     36,     15,     17,.,.,      4,      4,      4,      6,      4,.,      5,     32,     33,      0,      0,      0,      0,      0,      0,      0,      0,      0,      0,      0,      0,      0,      0,    61.2,    69.4,    76.5,    82.8,    14.3,    14.3,    17.1,    17.3,    61.2,    69.4,    76.5,    82.8,    14.3,    14.3,    17.1,    17.3,     0.0,     0.0,     0.0,     0.0,     0.0,     0.0,     0.0,     0.0,"(CONTRACTS OF 1,000 BARRELS)","067A28","NYME","067 ","N10","Combined"
"WTI MIDLAND ARGUS VS WTI TRADE - NEW YORK MERCANTILE EXCHANGE",260818,2026-08-18,067A71,NYME,01,067 ,  323557,  282734,  152411,    1486,  137471,    5211,       0,    6128,       0,   24855,       0,       0,  314286,  301221,    9271,   22336,  323557,  282734,  152411,    1486,  137471,    5211,       0,    6128,       0,   24855,       0,       0,  314286,  301221,    9271,   22336,       0,       0,       0,       0,       0,       0,       0,       0,       0,       0,       0,       0,       0,       0,       0,       0,    6654,    6222,    6245,   -1913,    -375,     402,       0,      48,       0,   -1574,       0,    -170,    2967,    6149,    3687,     505,  100.0,   87.4,   47.1,    0.5,   42.5,    1.6,    0.0,    1.9,    0.0,    7.7,    0.0,    0.0,   97.1,   93.1,    2.9,    6.9,  100.0,   87.4,   47.1,    0.5,   42.5,    1.6,    0.0,    1.9,    0.0,    7.7,    0.0,    0.0,   97.1,   93.1,    2.9,    6.9,  100.0,    0.0,    0.0,    0.0,    0.0,    0.0,    0.0,    0.0,    0.0,    0.0,    0.0,    0.0,    0.0,    0.0,    0.0,    0.0,     32,     14,     11,.,     10,.,      0,.,      0,.,      0,      0,     16,     23,     32,     14,     11,.,     10,.,      0,.,      0,.,      0,      0,     16,     23,      0,      0,      0,      0,      0,      0,      0,      0,      0,      0,      0,      0,      0,      0,    59.9,    52.5,    86.4,    75.6,    59.9,    52.5,    86.3,    75.6,    59.9,    52.5,    86.4,    75.6,    59.9,    52.5,    86.3,    75.6,     0.0,     0.0,     0.0,     0.0,     0.0,     0.0,     0.0,     0.0,"(CONTRACTS OF 1,000 BARRELS)","067A71","NYME","067 ","N10","Combined"
"COCOA - ICE FUTURES U.S.",260818,2026-08-18,073732,ICUS,01,073 ,  229991,   53945,   74450,   42795,    8540,   19878,   16611,   30224,   35297,    5310,    8784,   45574,  219408,  222746,   10583,    7245,    6707,    2768,    1618,     477,    1616,       0,    1501,    1340,       1,    1423,    1607,       7,    6177,    6189,     530,     518,  223284,   51177,   72832,   42891,    7497,   19305,   17112,   30886,   33294,    5354,    8644,   44100,  213231,  216557,   10053,    6727,  -28281,   -4176,   -3024,     507,   -1137,   -2734,     975,     577,   -8543,   -2432,    -552,  -11056,  -27459,  -26469,    -823,   -1812,  100.0,   23.5,   32.4,   18.6,    3.7,    8.6,    7.2,   13.1,   15.3,    2.3,    3.8,   19.8,   95.4,   96.8,    4.6,    3.1,  100.0,   41.3,   24.1,    7.1,   24.1,    0.0,   22.4,   20.0,    0.0,   21.2,   24.0,    0.1,   92.1,   92.3,    7.9,    7.7,  100.0,   22.9,   32.6,   19.2,    3.4,    8.6,    7.7,   13.8,   14.9,    2.4,    3.9,   19.8,   95.5,   97.0,    4.5,    3.0,    205,     29,     27,     22,      4,     16,     39,     46,     53,     27,     29,     40,    175,    162,     70,     12,      7,     10,      6,      0,      9,     10,.,      9,      8,.,     42,     33,    204,     28,     25,     22,      4,     15,     36,     48,     51,     25,     31,     40,    171,    159,    16.4,    14.6,    27.1,    26.1,    11.7,    10.7,    18.8,    17.8,    42.0,    39.0,    59.5,    60.9,    41.4,    39.0,    58.8,    60.9,    16.7,    15.0,    27.7,    26.8,    12.0,    10.7,    19.3,    17.8,"(CONTRACTS OF 10 METRIC TONS)","073732","ICUS","073 ","A50","Combined"
"PALLADIUM - NEW YORK MERCANTILE EXCHANGE",260818,2026-08-18,075651,NYME,01,075 ,   19400,    1641,    1872,    6456,    2217,     843,    4009,    9379,    1245,    1778,    1220,     987,   16959,   17764,    2441,    1636,   19400,    1641,    1872,    6456,    2217,     843,    4009,    9379,    1245,    1778,    1220,     987,   16959,   17764,    2441,    1636,       0,       0,       0,       0,       0,       0,       0,       0,       0,       0,       0,       0,       0,       0,       0,       0,    -140,     -70,     -60,     151,    -129,    -165,    -513,     -47,     275,     167,     209,    -254,    -409,    -172,     269,      32,  100.0,    8.5,    9.6,   33.3,   11.4,    4.3,   20.7,   48.3,    6.4,    9.2,    6.3,    5.1,   87.4,   91.6,   12.6,    8.4,  100.0,    8.5,    9.6,   33.3,   11.4,    4.3,   20.7,   48.3,    6.4,    9.2,    6.3,    5.1,   87.4,   91.6,   12.6,    8.4,  100.0,    0.0,    0.0,    0.0,    0.0,    0.0,    0.0,    0.0,    0.0,    0.0,    0.0,    0.0,    0.0,    0.0,    0.0,    0.0,    158,     10,     14,     19,     10,      9,     27,     36,     22,     29,     16,     13,    108,    101,    158,     10,     14,     19,     10,      9,     27,     36,     22,     29,     16,     13,    108,    101,      0,      0,      0,      0,      0,      0,      0,      0,      0,      0,      0,      0,      0,      0,    26.3,    27.6,    40.9,    41.5,    25.8,    27.0,    39.2,    39.3,    26.3,    27.6,    40.9,    41.5,    25.8,    27.0,    39.2,    39.3,     0.0,     0.0,     0.0,     0.0,     0.0,     0.0,     0.0,     0.0,"(CONTRACTS OF 100 TROY OUNCES)","075651","NYME","075 ","N20","Combined"
"PLATINUM - NEW YORK MERCANTILE EXCHANGE",260818,2026-08-18,076651,NYME,01,076 ,   63929,    1602,   12607,   17387,   23403,    2507,   15191,    8253,    6601,    7945,    2482,    4442,   55676,   60295,    8253,    3634,   63929,    1602,   12607,   17387,   23403,    2507,   15191,    8253,    6601,    7945,    2482,    4442,   55676,   60295,    8253,    3634,       0,       0,       0,       0,       0,       0,       0,       0,       0,       0,       0,       0,       0,       0,       0,       0,    3329,     202,    -194,     648,      28,     -37,     131,     830,    2001,     -36,     -43,     491,    3399,    3076,     -70,     253,  100.0,    2.5,   19.7,   27.2,   36.6,    3.9,   23.8,   12.9,   10.3,   12.4,    3.9,    6.9,   87.1,   94.3,   12.9,    5.7,  100.0,    2.5,   19.7,   27.2,   36.6,    3.9,   23.8,   12.9,   10.3,   12.4,    3.9,    6.9,   87.1,   94.3,   12.9,    5.7,  100.0,    0.0,    0.0,    0.0,    0.0,    0.0,    0.0,    0.0,    0.0,    0.0,    0.0,    0.0,    0.0,    0.0,    0.0,    0.0,    214,     15,     22,     15,     16,     14,     45,     29,     30,     56,     18,     22,    166,    121,    214,     15,     22,     15,     16,     14,     45,     29,     30,     56,     18,     22,    166,    121,      0,      0,      0,      0,      0,      0,      0,      0,      0,      0,      0,      0,      0,      0,    18.7,    34.6,    30.2,    45.8,    17.8,    32.8,    27.9,    42.0,    18.7,    34.6,    30.2,    45.8,    17.8,    32.8,    27.9,    42.0,     0.0,     0.0,     0.0,     0.0,     0.0,     0.0,     0.0,     0.0,"(CONTRACTS OF 50 TROY OUNCES)","076651","NYME","076 ","N20","Combined"
"SUGAR NO. 11 - ICE FUTURES U.S.",260818,2026-08-18,080732,ICUS,01,080 , 1518674,  272983,  550115,  245221,  154785,   84671,  269100,  117751,  197044,   91186,  103512,  247335, 1407541, 1455214,  111133,   63460, 1518674,  272983,  550115,  245221,  154785,   84671,  269100,  117751,  197044,   91186,  103512,  247335, 1407541, 1455214,  111133,   63460,       0,       0,       0,       0,       0,       0,       0,       0,       0,       0,       0,       0,       0,       0,       0,       0,   93872,   14858,   55233,    1841,   35700,    4346,   37914,  -54446,   21941,  -28916,    4846,   33106,   85090,  100727,    8782,   -6855,  100.0,   18.0,   36.2,   16.1,   10.2,    5.6,   17.7,    7.8,   13.0,    6.0,    6.8,   16.3,   92.7,   95.8,    7.3,    4.2,  100.0,   18.0,   36.2,   16.1,   10.2,    5.6,   17.7,    7.8,   13.0,    6.0,    6.8,   16.3,   92.7,   95.8,    7.3,    4.2,  100.0,    0.0,    0.0,    0.0,    0.0,    0.0,    0.0,    0.0,    0.0,    0.0,    0.0,    0.0,    0.0,    0.0,    0.0,    0.0,    312,     55,     60,     19,     12,     18,     83,     37,     74,     60,     30,     53,    281,    226,    312,     55,     60,     19,     12,     18,     83,     37,     74,     60,     30,     53,    281,    226,      0,      0,      0,      0,      0,      0,      0,      0,      0,      0,      0,      0,      0,      0,    11.9,    18.1,    21.6,    29.8,     9.2,    14.7,    14.9,    22.6,    11.9,    18.1,    21.6,    29.8,     9.2,    14.7,    14.9,    22.6,     0.0,     0.0,     0.0,     0.0,     0.0,     0.0,     0.0,     0.0,"(CONTRACTS OF 112,000 POUNDS)","080732","ICUS","080 ","A50","Combined"
"COFFEE C - ICE FUTURES U.S.",260818,2026-08-18,083731,ICUS,01,083 ,  202264,   41063,   74877,   24512,   23723,    5877,   39440,   12701,   37015,    9182,    5214,   36574,  193662,  195982,    8601,    6282,    6131,    5114,    3126,      60,     747,      33,     170,     312,       0,     402,     733,      52,    5831,    5003,     300,    1128,  196133,   35949,   71751,   24469,   22993,    5827,   39503,   12622,   36782,    9036,    4737,   36266,  187831,  190979,    8301,    5154,  -31816,   -8445,   -3471,     444,    -863,   -2472,    2629,      59,  -10805,     224,    -631,  -13195,  -31620,  -31377,    -196,    -439,  100.0,   20.3,   37.0,   12.1,   11.7,    2.9,   19.5,    6.3,   18.3,    4.5,    2.6,   18.1,   95.7,   96.9,    4.3,    3.1,  100.0,   83.4,   51.0,    1.0,   12.2,    0.5,    2.8,    5.1,    0.0,    6.6,   12.0,    0.8,   95.1,   81.6,    4.9,   18.4,  100.0,   18.3,   36.6,   12.5,   11.7,    3.0,   20.1,    6.4,   18.8,    4.6,    2.4,   18.5,   95.8,   97.4,    4.2,    2.6,    350,     81,     89,     15,     25,     22,     76,     39,     61,     48,     43,     54,    292,    269,    123,     13,     64,.,     10,.,      9,      4,      0,      8,     14,.,     35,     93,    349,     79,     83,     15,     25,     21,     76,     39,     58,     48,     43,     50,    286,    258,    12.8,    16.7,    23.3,    27.3,     9.0,    10.5,    13.8,    15.1,    80.9,    21.3,    87.3,    34.8,    80.9,    21.3,    87.3,    34.8,    13.2,    17.2,    24.0,    27.8,     9.2,    12.8,    14.3,    17.4,"(CONTRACTS OF 37,500 POUNDS)","083731","ICUS","083 ","A50","Combined"
"COFFEE CALENDAR SPREAD OPTIONS - ICE FUTURES U.S.",260818,2026-08-18,083736,ICUS,01,083 ,   12138,    7030,    2857,       0,       0,       0,    1417,    3111,    2179,       0,    2485,    1498,   12124,   12131,      14,       8,   12138,    7030,    2857,       0,       0,       0,    1417,    3111,    2179,       0,    2485,    1498,   12124,   12131,      14,       8,       0,       0,       0,       0,       0,       0,       0,       0,       0,       0,       0,       0,       0,       0,       0,       0,   -6384,   -4389,     193,       0,     -30,     -17,     196,   -2777,   -1207,       0,   -1574,    -967,   -6384,   -6380,      -0,      -4,  100.0,   57.9,   23.5,    0.0,    0.0,    0.0,   11.7,   25.6,   18.0,    0.0,   20.5,   12.3,   99.9,   99.9,    0.1,    0.1,  100.0,   57.9,   23.5,    0.0,    0.0,    0.0,   11.7,   25.6,   18.0,    0.0,   20.5,   12.3,   99.9,   99.9,    0.1,    0.1,  100.0,    0.0,    0.0,    0.0,    0.0,    0.0,    0.0,    0.0,    0.0,    0.0,    0.0,    0.0,    0.0,    0.0,    0.0,    0.0,     20,      9,      8,      0,      0,      0,      4,.,      4,      0,.,.,     17,     17,     20,      9,      8,      0,      0,      0,      4,.,      4,      0,.,.,     17,     17,      0,      0,      0,      0,      0,      0,      0,      0,      0,      0,      0,      0,      0,      0,    59.8,    74.1,    80.8,    91.1,    32.9,    44.5,    42.4,    46.3,    59.8,    74.1,    80.8,    91.1,    32.9,    44.5,    42.4,    46.3,     0.0,     0.0,     0.0,     0.0,     0.0,     0.0,     0.0,     0.0,"(CONTRACTS OF 37,500 POUNDS)","083736","ICUS","083 ","A50","Combined"
"SILVER - COMMODITY EXCHANGE INC.",260818,2026-08-18,084691,CMX ,01,084 ,  138386,    6059,   22090,   23052,   50306,    8760,   18581,    7813,   13085,   17412,    6749,   19677,  106626,  128480,   31759,    9906,  138386,    6059,   22090,   23052,   50306,    8760,   18581,    7813,   13085,   17412,    6749,   19677,  106626,  128480,   31759,    9906,       0,       0,       0,       0,       0,       0,       0,       0,       0,       0,       0,       0,       0,       0,       0,       0,    3488,     228,     363,      11,     615,    2624,    -402,    -858,    2376,    -661,    -171,    -902,    3274,    4048,     213,    -560,  100.0,    4.4,   16.0,   16.7,   36.4,    6.3,   13.4,    5.6,    9.5,   12.6,    4.9,   14.2,   77.1,   92.8,   22.9,    7.2,  100.0,    4.4,   16.0,   16.7,   36.4,    6.3,   13.4,    5.6,    9.5,   12.6,    4.9,   14.2,   77.1,   92.8,   22.9,    7.2,  100.0,    0.0,    0.0,    0.0,    0.0,    0.0,    0.0,    0.0,    0.0,    0.0,    0.0,    0.0,    0.0,    0.0,    0.0,    0.0,    168,     11,     18,     15,     17,     20,     38,     10,     26,     46,     22,     31,    147,    107,    168,     11,     18,     15,     17,     20,     38,     10,     26,     46,     22,     31,    147,    107,      0,      0,      0,      0,      0,      0,      0,      0,      0,      0,      0,      0,      0,      0,    13.6,    25.7,    23.4,    39.4,    10.5,    23.0,    16.9,    35.5,    13.6,    25.7,    23.4,    39.4,    10.5,    23.0,    16.9,    35.5,     0.0,     0.0,     0.0,     0.0,     0.0,     0.0,     0.0,     0.0,"(CONTRACTS OF 5,000 TROY OUNCES)","084691","CMX ","084 ","N20","Combined"
"COPPER- #1 - COMMODITY EXCHANGE INC.",260818,2026-08-18,085692,CMX ,01,085 ,  296867,   29900,  125584,   51394,   45888,   10970,   92690,   13465,   28280,   17570,   17283,   45007,  275812,  286477,   21054,   10390,  296867,   29900,  125584,   51394,   45888,   10970,   92690,   13465,   28280,   17570,   17283,   45007,  275812,  286477,   21054,   10390,       0,       0,       0,       0,       0,       0,       0,       0,       0,       0,       0,       0,       0,       0,       0,       0,  -19169,   -2140,   -3201,     -38,    -346,   -1789,   -3119,   -1464,  -10870,    -556,   -1222,     609,  -17903,  -18283,   -1267,    -886,  100.0,   10.1,   42.3,   17.3,   15.5,    3.7,   31.2,    4.5,    9.5,    5.9,    5.8,   15.2,   92.9,   96.5,    7.1,    3.5,  100.0,   10.1,   42.3,   17.3,   15.5,    3.7,   31.2,    4.5,    9.5,    5.9,    5.8,   15.2,   92.9,   96.5,    7.1,    3.5,  100.0,    0.0,    0.0,    0.0,    0.0,    0.0,    0.0,    0.0,    0.0,    0.0,    0.0,    0.0,    0.0,    0.0,    0.0,    0.0,    291,     29,     34,     20,     14,     22,     93,     17,     60,     64,     43,     55,    260,    195,    291,     29,     34,     20,     14,     22,     93,     17,     60,     64,     43,     55,    260,    195,      0,      0,      0,      0,      0,      0,      0,      0,      0,      0,      0,      0,      0,      0,    15.8,    28.8,    24.9,    41.4,    14.7,    26.7,    22.3,    37.6,    15.8,    28.8,    24.9,    41.4,    14.7,    26.7,    22.3,    37.6,     0.0,     0.0,     0.0,     0.0,     0.0,     0.0,     0.0,     0.0,"(CONTRACTS OF 25,000 POUNDS)","085692","CMX ","085 ","N25","Combined"
"GOLD - COMMODITY EXCHANGE INC.",260818,2026-08-18,088691,CMX ,01,088 ,  561817,   22542,   50396,   17590,  246615,   64033,  157173,   11251,   36272,   95430,   21857,  111450,  504491,  541874,   57325,   19942,  561817,   22542,   50396,   17590,  246615,   64033,  157173,   11251,   36272,   95430,   21857,  111450,  504491,  541874,   57325,   19942,       0,       0,       0,       0,       0,       0,       0,       0,       0,       0,       0,       0,       0,       0,       0,       0,   -2768,    1290,    3397,     -49,    3839,   -1370,    5682,    1628,    -641,   -1049,   -1634,   -6273,   -2411,   -1054,    -358,   -1714,  100.0,    4.0,    9.0,    3.1,   43.9,   11.4,   28.0,    2.0,    6.5,   17.0,    3.9,   19.8,   89.8,   96.5,   10.2,    3.5,  100.0,    4.0,    9.0,    3.1,   43.9,   11.4,   28.0,    2.0,    6.5,   17.0,    3.9,   19.8,   89.8,   96.5,   10.2,    3.5,  100.0,    0.0,    0.0,    0.0,    0.0,    0.0,    0.0,    0.0,    0.0,    0.0,    0.0,    0.0,    0.0,    0.0,    0.0,    0.0,    312,     24,     20,     13,     28,     35,     99,     14,     68,     96,     35,     68,    294,    206,    312,     24,     20,     13,     28,     35,     99,     14,     68,     96,     35,     68,    294,    206,      0,      0,      0,      0,      0,      0,      0,      0,      0,      0,      0,      0,      0,      0,    18.2,    29.8,    28.3,    46.7,    13.7,    27.2,    18.6,    39.1,    18.2,    29.8,    28.3,    46.7,    13.7,    27.2,    18.6,    39.1,     0.0,     0.0,     0.0,     0.0,     0.0,     0.0,     0.0,     0.0,"(CONTRACTS OF 100 TROY OUNCES)","088691","CMX ","088 ","N20","Combined"
"MICRO GOLD - COMMODITY EXCHANGE INC.",260818,2026-08-18,088695,CMX ,01,088 ,   63636,     242,       0,    6970,       0,       0,    1015,       0,       7,   15587,   35893,    3998,   27819,   39898,   35817,   23738,   63636,     242,       0,    6970,       0,       0,    1015,       0,       7,   15587,   35893,    3998,   27819,   39898,   35817,   23738,       0,       0,       0,       0,       0,       0,       0,       0,       0,       0,       0,       0,       0,       0,       0,       0,    2217,       0,       0,     215,       0,       0,     438,    -202,     -57,    1986,    6980,   -1827,     755,    4894,    1462,   -2677,  100.0,    0.4,    0.0,   11.0,    0.0,    0.0,    1.6,    0.0,    0.0,   24.5,   56.4,    6.3,   43.7,   62.7,   56.3,   37.3,  100.0,    0.4,    0.0,   11.0,    0.0,    0.0,    1.6,    0.0,    0.0,   24.5,   56.4,    6.3,   43.7,   62.7,   56.3,   37.3,  100.0,    0.0,    0.0,    0.0,    0.0,    0.0,    0.0,    0.0,    0.0,    0.0,    0.0,    0.0,    0.0,    0.0,    0.0,    0.0,     35,.,      0,.,      0,      0,.,      0,.,     17,     12,     11,     29,     18,     35,.,      0,.,      0,      0,.,      0,.,     17,     12,     11,     29,     18,      0,      0,      0,      0,      0,      0,      0,      0,      0,      0,      0,      0,      0,      0,    23.3,    50.5,    29.6,    59.5,    23.2,    49.2,    28.7,    54.9,    23.3,    50.5,    29.6,    59.5,    23.2,    49.2,    28.7,    54.9,     0.0,     0.0,     0.0,     0.0,     0.0,     0.0,     0.0,     0.0,"(CONTRACTS OF 10 TROY OUNCES)","088695","CMX ","088 ","N20","Combined"
"GOLD -1 TROY OUNCE  - COINBASE DERIVATIVES, LLC",260818,2026-08-18,088LM1,FREX,00,088 ,    8468,       0,       0,       0,       0,       0,       0,       0,       0,    3488,    6346,       0,    3488,    6346,    4980,    2122,    8468,       0,       0,       0,       0,       0,       0,       0,       0,    3488,    6346,       0,    3488,    6346,    4980,    2122,       0,       0,       0,       0,       0,       0,       0,       0,       0,       0,       0,       0,       0,       0,       0,       0,.,.,.,.,.,.,.,.,.,.,.,.,.,.,.,.,  100.0,    0.0,    0.0,    0.0,    0.0,    0.0,    0.0,    0.0,    0.0,   41.2,   74.9,    0.0,   41.2,   74.9,   58.8,   25.1,  100.0,    0.0,    0.0,    0.0,    0.0,    0.0,    0.0,    0.0,    0.0,   41.2,   74.9,    0.0,   41.2,   74.9,   58.8,   25.1,  100.0,    0.0,    0.0,    0.0,    0.0,    0.0,    0.0,    0.0,    0.0,    0.0,    0.0,    0.0,    0.0,    0.0,    0.0,    0.0,     21,      0,      0,      0,      0,      0,      0,      0,      0,      9,     12,      0,      9,     12,     21,      0,      0,      0,      0,      0,      0,      0,      0,      9,     12,      0,      9,     12,      0,      0,      0,      0,      0,      0,      0,      0,      0,      0,      0,      0,      0,      0,    27.6,    50.0,    38.7,    64.4,    27.6,    50.0,    38.7,    64.4,    27.6,    50.0,    38.7,    64.4,    27.6,    50.0,    38.7,    64.4,     0.0,     0.0,     0.0,     0.0,     0.0,     0.0,     0.0,     0.0,"(1 troy ounce x $2,300)","088LM1","FREX","088 ","N20","Combined"
"GASOLINE CRK-RBOB/BRENT 1st - ICE FUTURES ENERGY DIV",260818,2026-08-18,111415,IFED,01,111 ,   12496,    3653,    6722,     688,    1513,     771,       0,       0,       0,    5820,     995,     260,   11192,   10261,    1304,    2235,   12496,    3653,    6722,     688,    1513,     771,       0,       0,       0,    5820,     995,     260,   11192,   10261,    1304,    2235,       0,       0,       0,       0,       0,       0,       0,       0,       0,       0,       0,       0,       0,       0,       0,       0,     142,       0,       0,    -125,      45,     120,       0,       0,       0,       0,       0,     -45,     -50,     120,     192,      22,  100.0,   29.2,   53.8,    5.5,   12.1,    6.2,    0.0,    0.0,    0.0,   46.6,    8.0,    2.1,   89.6,   82.1,   10.4,   17.9,  100.0,   29.2,   53.8,    5.5,   12.1,    6.2,    0.0,    0.0,    0.0,   46.6,    8.0,    2.1,   89.6,   82.1,   10.4,   17.9,  100.0,    0.0,    0.0,    0.0,    0.0,    0.0,    0.0,    0.0,    0.0,    0.0,    0.0,    0.0,    0.0,    0.0,    0.0,    0.0,     20,      9,     10,.,.,.,      0,      0,      0,      4,.,.,     16,     16,     20,      9,     10,.,.,.,      0,      0,      0,      4,.,.,     16,     16,      0,      0,      0,      0,      0,      0,      0,      0,      0,      0,      0,      0,      0,      0,    58.8,    42.5,    80.9,    64.3,    56.9,    40.3,    70.8,    60.7,    58.8,    42.5,    80.9,    64.3,    56.9,    40.3,    70.8,    60.7,     0.0,     0.0,     0.0,     0.0,     0.0,     0.0,     0.0,     0.0,"1000 Barrels","111415","IFED","111 ","N10","Combined"
"GASOLINE RBOB - NEW YORK MERCANTILE EXCHANGE",260818,2026-08-18,111659,NYME,01,111 ,  338655,   79642,  170091,   50043,   30192,   11407,   87008,   12683,   40395,   11256,   27634,   33275,  313025,  325676,   25630,   12979,  338655,   79642,  170091,   50043,   30192,   11407,   87008,   12683,   40395,   11256,   27634,   33275,  313025,  325676,   25630,   12979,       0,       0,       0,       0,       0,       0,       0,       0,       0,       0,       0,       0,       0,       0,       0,       0,   10619,    7537,    8532,    1845,    4750,     861,    4513,     228,   -4611,    1055,    1744,    -345,   10857,   11160,    -238,    -541,  100.0,   23.5,   50.2,   14.8,    8.9,    3.4,   25.7,    3.7,   11.9,    3.3,    8.2,    9.8,   92.4,   96.2,    7.6,    3.8,  100.0,   23.5,   50.2,   14.8,    8.9,    3.4,   25.7,    3.7,   11.9,    3.3,    8.2,    9.8,   92.4,   96.2,    7.6,    3.8,  100.0,    0.0,    0.0,    0.0,    0.0,    0.0,    0.0,    0.0,    0.0,    0.0,    0.0,    0.0,    0.0,    0.0,    0.0,    0.0,    237,     57,     76,     15,      9,     19,     68,     13,     47,     20,     21,     30,    202,    180,    237,     57,     76,     15,      9,     19,     68,     13,     47,     20,     21,     30,    202,    180,      0,      0,      0,      0,      0,      0,      0,      0,      0,      0,      0,      0,      0,      0,    12.6,    16.3,    21.6,    26.4,     9.4,    13.0,    16.3,    20.8,    12.6,    16.3,    21.6,    26.4,     9.4,    13.0,    16.3,    20.8,     0.0,     0.0,     0.0,     0.0,     0.0,     0.0,     0.0,     0.0,"(CONTRACTS OF 42,000 U.S. GALLONS)","111659","NYME","111 ","N10","Combined"
"GULF COAST CBOB GAS A2 PL RBOB - NEW YORK MERCANTILE EXCHANGE",260818,2026-08-18,111A34,NYME,01,111 ,   21334,   19190,   13130,       0,    4194,       0,     815,       0,     450,       0,       0,       0,   20455,   17774,     879,    3560,   21334,   19190,   13130,       0,    4194,       0,     815,       0,     450,       0,       0,       0,   20455,   17774,     879,    3560,       0,       0,       0,       0,       0,       0,       0,       0,       0,       0,       0,       0,       0,       0,       0,       0,    1230,    1530,    1345,       0,     -25,       0,       0,       0,       0,       0,       0,       0,    1530,    1320,    -300,     -90,  100.0,   90.0,   61.5,    0.0,   19.7,    0.0,    3.8,    0.0,    2.1,    0.0,    0.0,    0.0,   95.9,   83.3,    4.1,   16.7,  100.0,   90.0,   61.5,    0.0,   19.7,    0.0,    3.8,    0.0,    2.1,    0.0,    0.0,    0.0,   95.9,   83.3,    4.1,   16.7,  100.0,    0.0,    0.0,    0.0,    0.0,    0.0,    0.0,    0.0,    0.0,    0.0,    0.0,    0.0,    0.0,    0.0,    0.0,    0.0,     23,     17,     17,      0,.,      0,.,      0,.,      0,      0,      0,     18,     19,     23,     17,     17,      0,.,      0,.,      0,.,      0,      0,      0,     18,     19,      0,      0,      0,      0,      0,      0,      0,      0,      0,      0,      0,      0,      0,      0,    48.6,    50.4,    74.6,    67.6,    40.5,    49.0,    60.4,    59.7,    48.6,    50.4,    74.6,    67.6,    40.5,    49.0,    60.4,    59.7,     0.0,     0.0,     0.0,     0.0,     0.0,     0.0,     0.0,     0.0,"(CONTRACTS OF 42,000 GALLONS)","111A34","NYME","111 ","N10","Combined"
"CANOLA - ICE FUTURES U.S.",260818,2026-08-18,135731,ICUS,01,135 ,  374551,  158562,  222854,    8941,   22448,    4537,  125309,   33857,   30654,   14109,   26678,   29077,  371189,  370106,    3361,    4445,  369878,  154854,  222075,    8941,   19241,    4537,  125303,   33713,   30645,   14091,   26977,   28246,  366616,  365434,    3261,    4444,    4673,    3709,     779,       0,    3207,       0,      15,     153,       0,     798,     481,      51,    4573,    4672,     100,       1,   33148,     904,   43720,    -376,   -2022,    -163,   26842,   -9829,     503,    3783,    -500,     657,   32150,   32367,     998,     781,  100.0,   42.3,   59.5,    2.4,    6.0,    1.2,   33.5,    9.0,    8.2,    3.8,    7.1,    7.8,   99.1,   98.8,    0.9,    1.2,  100.0,   41.9,   60.0,    2.4,    5.2,    1.2,   33.9,    9.1,    8.3,    3.8,    7.3,    7.6,   99.1,   98.8,    0.9,    1.2,  100.0,   79.4,   16.7,    0.0,   68.6,    0.0,    0.3,    3.3,    0.0,   17.1,   10.3,    1.1,   97.9,  100.0,    2.1,    0.0,    506,     50,    141,      7,      9,      8,     72,     34,     25,     65,    156,     62,    264,    378,    506,     48,    141,      7,      9,      8,     72,     34,     25,     64,    161,     60,    260,    378,     35,      9,      9,      0,.,      0,.,.,      0,      8,      5,      5,     21,     20,    28.5,    29.0,    44.4,    43.0,    19.6,    20.0,    32.9,    31.2,    28.1,    28.5,    44.2,    42.7,    19.5,    19.4,    33.0,    30.7,    79.2,    87.7,    90.6,    94.5,    78.4,    85.4,    89.4,    92.1,"(20 Metric Tonnes)","135731","ICUS","135 ","A30","Combined"
"COBALT - COMMODITY EXCHANGE INC.",260818,2026-08-18,188691,CMX ,01,188 ,   14867,    2243,    4721,    4440,    1699,     318,    2316,    2757,    2258,    2615,    2087,     156,   14346,   13996,     521,     871,   14867,    2243,    4721,    4440,    1699,     318,    2316,    2757,    2258,    2615,    2087,     156,   14346,   13996,     521,     871,       0,       0,       0,       0,       0,       0,       0,       0,       0,       0,       0,       0,       0,       0,       0,       0,     291,     110,     403,       0,       0,       0,     118,       0,      21,       0,    -125,       0,     249,     299,      42,      -8,  100.0,   15.1,   31.8,   29.9,   11.4,    2.1,   15.6,   18.5,   15.2,   17.6,   14.0,    1.0,   96.5,   94.1,    3.5,    5.9,  100.0,   15.1,   31.8,   29.9,   11.4,    2.1,   15.6,   18.5,   15.2,   17.6,   14.0,    1.0,   96.5,   94.1,    3.5,    5.9,  100.0,    0.0,    0.0,    0.0,    0.0,    0.0,    0.0,    0.0,    0.0,    0.0,    0.0,    0.0,    0.0,    0.0,    0.0,    0.0,     39,      7,     12,      5,.,      6,      6,      4,      6,.,      5,.,     29,     31,     39,      7,     12,      5,.,      6,      6,      4,      6,.,      5,.,     29,     31,      0,      0,      0,      0,      0,      0,      0,      0,      0,      0,      0,      0,      0,      0,    46.1,    47.8,    75.5,    69.6,    41.0,    46.4,    63.9,    61.1,    46.1,    47.8,    75.5,    69.6,    41.0,    46.4,    63.9,    61.1,     0.0,     0.0,     0.0,     0.0,     0.0,     0.0,     0.0,     0.0,"2,204.62 pounds (1 Metric Ton)","188691","CMX ","188 ","N25","Combined"
"LITHIUM HYDROXIDE  - COMMODITY EXCHANGE INC.",260818,2026-08-18,189691,CMX ,01,189 ,   18160,     703,    3519,   11584,    2553,     444,    2357,     726,     383,     440,    8135,    2014,   17925,   17774,     235,     386,   18160,     703,    3519,   11584,    2553,     444,    2357,     726,     383,     440,    8135,    2014,   17925,   17774,     235,     386,       0,       0,       0,       0,       0,       0,       0,       0,       0,       0,       0,       0,       0,       0,       0,       0,     383,      -6,     172,     -48,       0,     103,     135,     -15,     130,      29,    -107,      70,     413,     353,     -30,      30,  100.0,    3.9,   19.4,   63.8,   14.1,    2.4,   13.0,    4.0,    2.1,    2.4,   44.8,   11.1,   98.7,   97.9,    1.3,    2.1,  100.0,    3.9,   19.4,   63.8,   14.1,    2.4,   13.0,    4.0,    2.1,    2.4,   44.8,   11.1,   98.7,   97.9,    1.3,    2.1,  100.0,    0.0,    0.0,    0.0,    0.0,    0.0,    0.0,    0.0,    0.0,    0.0,    0.0,    0.0,    0.0,    0.0,    0.0,    0.0,     38,      5,      6,      8,.,      4,      5,.,      4,.,     13,      6,     29,     28,     38,      5,      6,      8,.,      4,      5,.,      4,.,     13,      6,     29,     28,      0,      0,      0,      0,      0,      0,      0,      0,      0,      0,      0,      0,      0,      0,    59.4,    53.7,    80.9,    72.5,    57.4,    45.0,    73.3,    63.7,    59.4,    53.7,    80.9,    72.5,    57.4,    45.0,    73.3,    63.7,     0.0,     0.0,     0.0,     0.0,     0.0,     0.0,     0.0,     0.0,"(1000) Kilograms","189691","CMX ","189 ","N25","Combined"
"ALUMINUM MWP - COMMODITY EXCHANGE INC.",260818,2026-08-18,191693,CMX ,01,191 ,   29582,    7155,   20260,   17352,    3555,     897,       0,     159,     154,    3192,    3574,     683,   29433,   29282,     149,     300,   29582,    7155,   20260,   17352,    3555,     897,       0,     159,     154,    3192,    3574,     683,   29433,   29282,     149,     300,       0,       0,       0,       0,       0,       0,       0,       0,       0,       0,       0,       0,       0,       0,       0,       0,    1492,     178,    1420,    1183,     128,      23,       0,    -110,       0,     130,     -39,     -40,    1474,    1382,      18,     110,  100.0,   24.2,   68.5,   58.7,   12.0,    3.0,    0.0,    0.5,    0.5,   10.8,   12.1,    2.3,   99.5,   99.0,    0.5,    1.0,  100.0,   24.2,   68.5,   58.7,   12.0,    3.0,    0.0,    0.5,    0.5,   10.8,   12.1,    2.3,   99.5,   99.0,    0.5,    1.0,  100.0,    0.0,    0.0,    0.0,    0.0,    0.0,    0.0,    0.0,    0.0,    0.0,    0.0,    0.0,    0.0,    0.0,    0.0,    0.0,     55,     11,     22,     13,.,      7,      0,.,.,      4,     10,      4,     32,     45,     55,     11,     22,     13,.,      7,      0,.,.,      4,     10,      4,     32,     45,      0,      0,      0,      0,      0,      0,      0,      0,      0,      0,      0,      0,      0,      0,    42.1,    50.2,    66.6,    73.6,    41.8,    50.0,    66.2,    72.2,    42.1,    50.2,    66.6,    73.6,    41.8,    50.0,    66.2,    72.2,     0.0,     0.0,     0.0,     0.0,     0.0,     0.0,     0.0,     0.0,"(55,116 US Pounds-25 MT)","191693","CMX ","191 ","N25","Combined"
"ALUMINIUM EURO PREM DUTY-PAID - COMMODITY EXCHANGE INC.",260818,2026-08-18,191696,CMX ,01,191 ,   12841,    3074,    7244,    6644,    1340,     196,       0,     802,     103,    2366,    2891,       0,   12383,   12576,     458,     265,   12841,    3074,    7244,    6644,    1340,     196,       0,     802,     103,    2366,    2891,       0,   12383,   12576,     458,     265,       0,       0,       0,       0,       0,       0,       0,       0,       0,       0,       0,       0,       0,       0,       0,       0,     120,     124,     146,      40,     -20,       0,       0,       0,       0,       0,       0,       0,     164,     126,     -44,      -6,  100.0,   23.9,   56.4,   51.7,   10.4,    1.5,    0.0,    6.2,    0.8,   18.4,   22.5,    0.0,   96.4,   97.9,    3.6,    2.1,  100.0,   23.9,   56.4,   51.7,   10.4,    1.5,    0.0,    6.2,    0.8,   18.4,   22.5,    0.0,   96.4,   97.9,    3.6,    2.1,  100.0,    0.0,    0.0,    0.0,    0.0,    0.0,    0.0,    0.0,    0.0,    0.0,    0.0,    0.0,    0.0,    0.0,    0.0,    0.0,     31,      8,     11,      5,.,.,      0,.,.,      5,      4,      0,     19,     20,     31,      8,     11,      5,.,.,      0,.,.,      5,      4,      0,     19,     20,      0,      0,      0,      0,      0,      0,      0,      0,      0,      0,      0,      0,      0,      0,    57.5,    48.9,    80.6,    76.3,    57.5,    45.7,    78.3,    69.7,    57.5,    48.9,    80.6,    76.3,    57.5,    45.7,    78.3,    69.7,     0.0,     0.0,     0.0,     0.0,     0.0,     0.0,     0.0,     0.0,"(25 METRIC TONS)","191696","CMX ","191 ","N25","Combined"
"STEEL-HRC - COMMODITY EXCHANGE INC.",260818,2026-08-18,192651,CMX ,01,192 ,   47747,   16016,   42090,   14233,     125,     645,   10274,     801,     868,    3204,    1077,    2035,   47274,   47640,     473,     107,   47747,   16016,   42090,   14233,     125,     645,   10274,     801,     868,    3204,    1077,    2035,   47274,   47640,     473,     107,       0,       0,       0,       0,       0,       0,       0,       0,       0,       0,       0,       0,       0,       0,       0,       0,    1962,    1129,    3156,     878,       0,     -43,     105,     -24,    -281,     424,    -511,    -343,    1868,    1953,      94,       9,  100.0,   33.5,   88.2,   29.8,    0.3,    1.4,   21.5,    1.7,    1.8,    6.7,    2.3,    4.3,   99.0,   99.8,    1.0,    0.2,  100.0,   33.5,   88.2,   29.8,    0.3,    1.4,   21.5,    1.7,    1.8,    6.7,    2.3,    4.3,   99.0,   99.8,    1.0,    0.2,  100.0,    0.0,    0.0,    0.0,    0.0,    0.0,    0.0,    0.0,    0.0,    0.0,    0.0,    0.0,    0.0,    0.0,    0.0,    0.0,     75,     23,     20,      7,.,.,     13,.,      4,     16,      9,     10,     65,     42,     75,     23,     20,      7,.,.,     13,.,      4,     16,      9,     10,     65,     42,      0,      0,      0,      0,      0,      0,      0,      0,      0,      0,      0,      0,      0,      0,    36.6,    74.2,    56.6,    82.3,    34.9,    69.9,    49.9,    74.1,    36.6,    74.2,    56.6,    82.3,    34.9,    69.9,    49.9,    74.1,     0.0,     0.0,     0.0,     0.0,     0.0,     0.0,     0.0,     0.0,"(CONTRACTS OF 20 SHORT TONS)","192651","CMX ","192 ","N25","Combined"
"NORTH EURO HOT-ROLL COIL STEEL - COMMODITY EXCHANGE INC.",260818,2026-08-18,192691,CMX ,01,192 ,    9967,    4961,    7765,     436,     300,      54,    1921,       0,     980,    1401,     748,      40,    9793,    9887,     174,      80,    9967,    4961,    7765,     436,     300,      54,    1921,       0,     980,    1401,     748,      40,    9793,    9887,     174,      80,       0,       0,       0,       0,       0,       0,       0,       0,       0,       0,       0,       0,       0,       0,       0,       0,     422,      95,     440,      55,       0,       0,     327,       0,     -45,      -1,      25,       0,     431,     420,      -9,       2,  100.0,   49.8,   77.9,    4.4,    3.0,    0.5,   19.3,    0.0,    9.8,   14.1,    7.5,    0.4,   98.3,   99.2,    1.7,    0.8,  100.0,   49.8,   77.9,    4.4,    3.0,    0.5,   19.3,    0.0,    9.8,   14.1,    7.5,    0.4,   98.3,   99.2,    1.7,    0.8,  100.0,    0.0,    0.0,    0.0,    0.0,    0.0,    0.0,    0.0,    0.0,    0.0,    0.0,    0.0,    0.0,    0.0,    0.0,    0.0,     24,     10,      5,      4,.,.,.,      0,.,.,.,.,     21,     11,     24,     10,      5,      4,.,.,.,      0,.,.,.,.,     21,     11,      0,      0,      0,      0,      0,      0,      0,      0,      0,      0,      0,      0,      0,      0,    79.8,    85.7,    89.6,    98.3,    65.0,    76.9,    72.6,    79.1,    79.8,    85.7,    89.6,    98.3,    65.0,    76.9,    72.6,    79.1,     0.0,     0.0,     0.0,     0.0,     0.0,     0.0,     0.0,     0.0,"(20 Metric Tons)","192691","CMX ","192 ","N25","Combined"
"PGP PROPYLENE (PCW) CAL - NEW YORK MERCANTILE EXCHANGE",260818,2026-08-18,406651,NYME,01,406 ,    7328,    1412,     746,    2702,     101,      10,     453,       0,       0,    1594,    5312,     981,    7152,    7150,     176,     178,    7328,    1412,     746,    2702,     101,      10,     453,       0,       0,    1594,    5312,     981,    7152,    7150,     176,     178,       0,       0,       0,       0,       0,       0,       0,       0,       0,       0,       0,       0,       0,       0,       0,       0,     316,      96,     -44,       0,       0,       0,     -20,       0,       0,     226,     290,      36,     338,     282,     -22,      34,  100.0,   19.3,   10.2,   36.9,    1.4,    0.1,    6.2,    0.0,    0.0,   21.8,   72.5,   13.4,   97.6,   97.6,    2.4,    2.4,  100.0,   19.3,   10.2,   36.9,    1.4,    0.1,    6.2,    0.0,    0.0,   21.8,   72.5,   13.4,   97.6,   97.6,    2.4,    2.4,  100.0,    0.0,    0.0,    0.0,    0.0,    0.0,    0.0,    0.0,    0.0,    0.0,    0.0,    0.0,    0.0,    0.0,    0.0,    0.0,     21,      6,      5,.,.,.,.,      0,      0,      4,      5,      7,     19,     14,     21,      6,      5,.,.,.,.,      0,      0,      4,      5,      7,     19,     14,      0,      0,      0,      0,      0,      0,      0,      0,      0,      0,      0,      0,      0,      0,    53.8,    84.1,    78.2,    92.4,    52.9,    77.7,    73.5,    81.1,    53.8,    84.1,    78.2,    92.4,    52.9,    77.7,    73.5,    81.1,     0.0,     0.0,     0.0,     0.0,     0.0,     0.0,     0.0,     0.0,"(CONTRACTS OF 100,000 POUNDS)","406651","NYME","406 ","N40","Combined"
"GULF JET NY HEAT OIL SPR - NEW YORK MERCANTILE EXCHANGE",260818,2026-08-18,86465A,NYME,01,864 ,   12459,    7900,   12353,    4163,       0,     106,       0,       0,       0,     100,       0,       0,   12269,   12459,     190,       0,   12459,    7900,   12353,    4163,       0,     106,       0,       0,       0,     100,       0,       0,   12269,   12459,     190,       0,       0,       0,       0,       0,       0,       0,       0,       0,       0,       0,       0,       0,       0,       0,       0,       0,     353,     481,     335,    -146,       0,      18,       0,       0,       0,       0,       0,       0,     353,     353,       0,       0,  100.0,   63.4,   99.1,   33.4,    0.0,    0.9,    0.0,    0.0,    0.0,    0.8,    0.0,    0.0,   98.5,  100.0,    1.5,    0.0,  100.0,   63.4,   99.1,   33.4,    0.0,    0.9,    0.0,    0.0,    0.0,    0.8,    0.0,    0.0,   98.5,  100.0,    1.5,    0.0,  100.0,    0.0,    0.0,    0.0,    0.0,    0.0,    0.0,    0.0,    0.0,    0.0,    0.0,    0.0,    0.0,    0.0,    0.0,    0.0,     34,     20,     16,      8,      0,.,      0,      0,      0,.,      0,      0,     29,     18,     34,     20,     16,      8,      0,.,      0,      0,      0,.,      0,      0,     29,     18,      0,      0,      0,      0,      0,      0,      0,      0,      0,      0,      0,      0,      0,      0,    42.5,    79.1,    65.7,    91.3,    34.8,    61.5,    50.4,    68.0,    42.5,    79.1,    65.7,    91.3,    34.8,    61.5,    50.4,    68.0,     0.0,     0.0,     0.0,     0.0,     0.0,     0.0,     0.0,     0.0,"(CONTRACTS OF 42,000 GALLONS)","86465A","NYME","864 ","N10","Combined"
"GULF # 6 FUEL OIL CRACK - NEW YORK MERCANTILE EXCHANGE",260818,2026-08-18,86565A,NYME,01,865 ,    9805,    4617,    6258,    1115,       0,    1075,    1065,     200,     325,     223,     562,    1385,    9805,    9805,       0,       0,    9805,    4617,    6258,    1115,       0,    1075,    1065,     200,     325,     223,     562,    1385,    9805,    9805,       0,       0,       0,       0,       0,       0,       0,       0,       0,       0,       0,       0,       0,       0,       0,       0,       0,       0,    -297,    -335,     -72,       0,       0,       0,    -150,       0,     100,      33,    -390,      65,    -287,    -297,     -10,       0,  100.0,   47.1,   63.8,   11.4,    0.0,   11.0,   10.9,    2.0,    3.3,    2.3,    5.7,   14.1,  100.0,  100.0,    0.0,    0.0,  100.0,   47.1,   63.8,   11.4,    0.0,   11.0,   10.9,    2.0,    3.3,    2.3,    5.7,   14.1,  100.0,  100.0,    0.0,    0.0,  100.0,    0.0,    0.0,    0.0,    0.0,    0.0,    0.0,    0.0,    0.0,    0.0,    0.0,    0.0,    0.0,    0.0,    0.0,    0.0,     31,     16,     11,      4,      0,.,.,.,.,.,      4,      4,     28,     20,     31,     16,     11,      4,      0,.,.,.,.,.,      4,      4,     28,     20,      0,      0,      0,      0,      0,      0,      0,      0,      0,      0,      0,      0,      0,      0,    50.1,    53.2,    75.5,    78.2,    29.4,    33.4,    38.1,    42.9,    50.1,    53.2,    75.5,    78.2,    29.4,    33.4,    38.1,    42.9,     0.0,     0.0,     0.0,     0.0,     0.0,     0.0,     0.0,     0.0,"(CONTRACTS OF 1,000 BARRELS)","86565A","NYME","865 ","N10","Combined"
